2026-04-10 11:47:25,176 - INFO - Found 75 cycles matching AEC1413S0.260227.1
2026-04-10 11:47:30,710 - INFO - Found 75 cycles matching AEC1413S0.260227.1
2026-04-10 11:47:53,029 - INFO - Fetched details for cycle CNTKPIT-C1212
2026-04-10 11:47:53,907 - INFO - Updated result for CNTKPIT-T69 in cycle CNTKPIT-C1212
2026-04-10 11:47:54,166 - INFO - Fetched details for cycle CNTKPIT-C1211
2026-04-10 11:47:55,043 - INFO - Updated result for CNTKPIT-T69 in cycle CNTKPIT-C1211
2026-04-10 11:47:55,383 - INFO - Fetched details for cycle CNTKPIT-C1210
2026-04-10 11:47:56,274 - INFO - Updated result for CNTKPIT-T69 in cycle CNTKPIT-C1210
2026-04-10 11:47:56,547 - INFO - Fetched details for cycle CNTKPIT-C1209
2026-04-10 11:47:57,395 - INFO - Updated result for CNTKPIT-T69 in cycle CNTKPIT-C1209
2026-04-10 11:47:57,761 - INFO - Fetched details for cycle CNTKPIT-C1208
2026-04-10 11:47:58,681 - INFO - Updated result for CNTKPIT-T69 in cycle CNTKPIT-C1208
2026-04-10 11:47:59,095 - INFO - Fetched details for cycle CNTKPIT-C1207
2026-04-10 11:48:00,012 - INFO - Updated result for CNTKPIT-T69 in cycle CNTKPIT-C1207
2026-04-10 11:48:00,420 - INFO - Fetched details for cycle CNTKPIT-C1206
2026-04-10 11:48:01,548 - INFO - Updated result for CNTKPIT-T69 in cycle CNTKPIT-C1206
2026-04-10 11:50:54,675 - INFO - Found 0 cycles matching KPIT_TC_CNT_WAA_055
2026-04-10 11:51:13,786 - INFO - Found 75 cycles matching AEC1413S0.260227.1
2026-04-10 11:51:34,093 - INFO - Found 75 cycles matching AEC1413S0.260227.1
2026-04-10 11:51:39,933 - INFO - Fetched details for cycle CNTKPIT-C1212
2026-04-10 11:51:40,648 - INFO - Updated result for CNTKPIT-T69 in cycle CNTKPIT-C1212
2026-04-10 11:51:41,053 - INFO - Fetched details for cycle CNTKPIT-C1211
2026-04-10 11:51:41,871 - INFO - Updated result for CNTKPIT-T69 in cycle CNTKPIT-C1211
2026-04-10 11:51:42,279 - INFO - Fetched details for cycle CNTKPIT-C1210
2026-04-10 11:51:42,984 - INFO - Updated result for CNTKPIT-T69 in cycle CNTKPIT-C1210
2026-04-10 11:51:43,260 - INFO - Fetched details for cycle CNTKPIT-C1209
2026-04-10 11:51:44,011 - INFO - Updated result for CNTKPIT-T69 in cycle CNTKPIT-C1209
2026-04-10 11:51:44,371 - INFO - Fetched details for cycle CNTKPIT-C1208
2026-04-10 11:51:45,063 - INFO - Updated result for CNTKPIT-T69 in cycle CNTKPIT-C1208
2026-04-10 11:51:45,366 - INFO - Fetched details for cycle CNTKPIT-C1207
2026-04-10 11:51:46,066 - INFO - Updated result for CNTKPIT-T69 in cycle CNTKPIT-C1207
2026-04-10 11:51:46,378 - INFO - Fetched details for cycle CNTKPIT-C1206
2026-04-10 11:51:47,377 - INFO - Updated result for CNTKPIT-T69 in cycle CNTKPIT-C1206
2026-04-10 11:51:47,788 - INFO - Fetched details for cycle CNTKPIT-C1205
2026-04-10 11:51:49,112 - INFO - Updated result for CNTKPIT-T69 in cycle CNTKPIT-C1205
2026-04-10 11:51:49,519 - INFO - Fetched details for cycle CNTKPIT-C1204
2026-04-10 11:51:50,442 - INFO - Updated result for CNTKPIT-T69 in cycle CNTKPIT-C1204
2026-04-10 11:51:50,944 - INFO - Fetched details for cycle CNTKPIT-C1203
2026-04-10 11:51:51,843 - INFO - Updated result for CNTKPIT-T69 in cycle CNTKPIT-C1203
2026-04-10 11:51:52,173 - INFO - Fetched details for cycle CNTKPIT-C1202
2026-04-10 11:51:53,295 - INFO - Updated result for CNTKPIT-T69 in cycle CNTKPIT-C1202
2026-04-10 11:51:53,703 - INFO - Fetched details for cycle CNTKPIT-C1201
2026-04-10 11:51:54,827 - INFO - Updated result for CNTKPIT-T69 in cycle CNTKPIT-C1201
2026-04-10 11:51:55,133 - INFO - Fetched details for cycle CNTKPIT-C1200
2026-04-10 11:51:56,453 - INFO - Updated result for CNTKPIT-T69 in cycle CNTKPIT-C1200
2026-04-10 11:51:56,983 - INFO - Fetched details for cycle CNTKPIT-C1199
2026-04-10 11:51:57,988 - INFO - Updated result for CNTKPIT-T69 in cycle CNTKPIT-C1199
2026-04-10 11:51:58,247 - INFO - Fetched details for cycle CNTKPIT-C1198
2026-04-10 11:51:59,516 - INFO - Updated result for CNTKPIT-T69 in cycle CNTKPIT-C1198
2026-04-10 11:51:59,821 - INFO - Fetched details for cycle CNTKPIT-C1197
2026-04-10 11:52:00,738 - INFO - Updated result for CNTKPIT-T69 in cycle CNTKPIT-C1197
2026-04-10 11:52:01,347 - INFO - Fetched details for cycle CNTKPIT-C1196
2026-04-10 11:52:02,666 - INFO - Updated result for CNTKPIT-T69 in cycle CNTKPIT-C1196
2026-04-10 11:52:02,985 - INFO - Fetched details for cycle CNTKPIT-C1195
2026-04-10 11:52:03,900 - INFO - Updated result for CNTKPIT-T69 in cycle CNTKPIT-C1195
2026-04-10 11:52:04,210 - INFO - Fetched details for cycle CNTKPIT-C1194
2026-04-10 11:52:05,186 - INFO - Updated result for CNTKPIT-T69 in cycle CNTKPIT-C1194
2026-04-10 11:52:05,586 - INFO - Fetched details for cycle CNTKPIT-C1193
2026-04-10 11:52:06,553 - INFO - Updated result for CNTKPIT-T69 in cycle CNTKPIT-C1193
2026-04-10 11:52:06,915 - INFO - Fetched details for cycle CNTKPIT-C1192
2026-04-10 11:52:07,877 - INFO - Updated result for CNTKPIT-T69 in cycle CNTKPIT-C1192
2026-04-10 11:52:08,188 - INFO - Fetched details for cycle CNTKPIT-C1191
2026-04-10 11:52:09,307 - INFO - Updated result for CNTKPIT-T69 in cycle CNTKPIT-C1191
2026-04-10 11:52:09,610 - INFO - Fetched details for cycle CNTKPIT-C1190
2026-04-10 11:52:10,738 - INFO - Updated result for CNTKPIT-T69 in cycle CNTKPIT-C1190
2026-04-10 11:52:11,142 - INFO - Fetched details for cycle CNTKPIT-C1189
2026-04-10 11:52:12,267 - INFO - Updated result for CNTKPIT-T69 in cycle CNTKPIT-C1189
2026-04-10 11:52:12,672 - INFO - Fetched details for cycle CNTKPIT-C1188
2026-04-10 11:52:13,694 - INFO - Updated result for CNTKPIT-T69 in cycle CNTKPIT-C1188
2026-04-10 11:52:14,134 - INFO - Fetched details for cycle CNTKPIT-C1187
2026-04-10 11:52:15,222 - INFO - Updated result for CNTKPIT-T69 in cycle CNTKPIT-C1187
2026-04-10 11:52:15,732 - INFO - Fetched details for cycle CNTKPIT-C1186
2026-04-10 11:52:16,855 - INFO - Updated result for CNTKPIT-T69 in cycle CNTKPIT-C1186
2026-04-10 11:52:17,466 - INFO - Fetched details for cycle CNTKPIT-C1185
2026-04-10 11:52:18,689 - INFO - Updated result for CNTKPIT-T69 in cycle CNTKPIT-C1185
2026-04-10 11:52:19,004 - INFO - Fetched details for cycle CNTKPIT-C1184
2026-04-10 11:52:20,324 - INFO - Updated result for CNTKPIT-T69 in cycle CNTKPIT-C1184
2026-04-10 11:52:20,836 - INFO - Fetched details for cycle CNTKPIT-C1183
2026-04-10 11:52:21,767 - INFO - Updated result for CNTKPIT-T69 in cycle CNTKPIT-C1183
2026-04-10 11:52:22,060 - INFO - Fetched details for cycle CNTKPIT-C1182
2026-04-10 11:52:23,178 - INFO - Updated result for CNTKPIT-T69 in cycle CNTKPIT-C1182
2026-04-10 11:52:23,589 - INFO - Fetched details for cycle CNTKPIT-C1181
2026-04-10 11:52:24,707 - INFO - Updated result for CNTKPIT-T69 in cycle CNTKPIT-C1181
2026-04-10 11:52:25,015 - INFO - Fetched details for cycle CNTKPIT-C1180
2026-04-10 11:52:25,931 - INFO - Updated result for CNTKPIT-T69 in cycle CNTKPIT-C1180
2026-04-10 11:52:26,339 - INFO - Fetched details for cycle CNTKPIT-C1179
2026-04-10 11:52:27,213 - INFO - Updated result for CNTKPIT-T69 in cycle CNTKPIT-C1179
2026-04-10 11:52:27,568 - INFO - Fetched details for cycle CNTKPIT-C1178
2026-04-10 11:52:28,571 - INFO - Updated result for CNTKPIT-T69 in cycle CNTKPIT-C1178
2026-04-10 11:52:29,197 - INFO - Fetched details for cycle CNTKPIT-C1177
2026-04-10 11:52:30,317 - INFO - Updated result for CNTKPIT-T69 in cycle CNTKPIT-C1177
2026-04-10 11:52:30,726 - INFO - Fetched details for cycle CNTKPIT-C1176
2026-04-10 11:52:31,747 - INFO - Updated result for CNTKPIT-T69 in cycle CNTKPIT-C1176
2026-04-10 11:52:32,154 - INFO - Fetched details for cycle CNTKPIT-C1175
2026-04-10 11:52:33,276 - INFO - Updated result for CNTKPIT-T69 in cycle CNTKPIT-C1175
2026-04-10 11:52:33,787 - INFO - Fetched details for cycle CNTKPIT-C1174
2026-04-10 11:52:35,014 - INFO - Updated result for CNTKPIT-T69 in cycle CNTKPIT-C1174
2026-04-10 11:52:35,521 - INFO - Fetched details for cycle CNTKPIT-C1173
2026-04-10 11:52:36,748 - INFO - Updated result for CNTKPIT-T69 in cycle CNTKPIT-C1173
2026-04-10 11:52:37,049 - INFO - Fetched details for cycle CNTKPIT-C1172
2026-04-10 11:52:38,071 - INFO - Updated result for CNTKPIT-T69 in cycle CNTKPIT-C1172
2026-04-10 11:52:38,375 - INFO - Fetched details for cycle CNTKPIT-C1171
2026-04-10 11:52:39,394 - INFO - Updated result for CNTKPIT-T69 in cycle CNTKPIT-C1171
2026-04-10 11:52:39,704 - INFO - Fetched details for cycle CNTKPIT-C1170
2026-04-10 11:52:40,922 - INFO - Updated result for CNTKPIT-T69 in cycle CNTKPIT-C1170
2026-04-10 11:52:41,436 - INFO - Fetched details for cycle CNTKPIT-C1169
2026-04-10 11:52:42,461 - INFO - Updated result for CNTKPIT-T69 in cycle CNTKPIT-C1169
2026-04-10 11:52:42,966 - INFO - Fetched details for cycle CNTKPIT-C1168
2026-04-10 11:52:44,201 - INFO - Updated result for CNTKPIT-T69 in cycle CNTKPIT-C1168
2026-04-10 11:52:44,507 - INFO - Fetched details for cycle CNTKPIT-C1167
2026-04-10 11:52:45,616 - INFO - Updated result for CNTKPIT-T69 in cycle CNTKPIT-C1167
2026-04-10 11:52:45,925 - INFO - Fetched details for cycle CNTKPIT-C1166
2026-04-10 11:52:46,841 - INFO - Updated result for CNTKPIT-T69 in cycle CNTKPIT-C1166
2026-04-10 11:52:47,152 - INFO - Fetched details for cycle CNTKPIT-C1165
2026-04-10 11:52:48,069 - INFO - Updated result for CNTKPIT-T69 in cycle CNTKPIT-C1165
2026-04-10 11:52:48,347 - INFO - Fetched details for cycle CNTKPIT-C1164
2026-04-10 11:52:49,285 - INFO - Updated result for CNTKPIT-T69 in cycle CNTKPIT-C1164
2026-04-10 11:52:49,568 - INFO - Fetched details for cycle CNTKPIT-C1163
2026-04-10 11:52:51,029 - INFO - Updated result for CNTKPIT-T69 in cycle CNTKPIT-C1163
2026-04-10 11:52:51,330 - INFO - Fetched details for cycle CNTKPIT-C1162
2026-04-10 11:52:52,201 - INFO - Updated result for CNTKPIT-T69 in cycle CNTKPIT-C1162
2026-04-10 11:52:52,466 - INFO - Fetched details for cycle CNTKPIT-C1161
2026-04-10 11:52:53,372 - INFO - Updated result for CNTKPIT-T69 in cycle CNTKPIT-C1161
2026-04-10 11:52:53,655 - INFO - Fetched details for cycle CNTKPIT-C1160
2026-04-10 11:52:54,565 - INFO - Updated result for CNTKPIT-T69 in cycle CNTKPIT-C1160
2026-04-10 11:52:54,840 - INFO - Fetched details for cycle CNTKPIT-C1159
2026-04-10 11:52:55,765 - INFO - Updated result for CNTKPIT-T69 in cycle CNTKPIT-C1159
2026-04-10 11:52:56,043 - INFO - Fetched details for cycle CNTKPIT-C1158
2026-04-10 11:52:57,113 - INFO - Updated result for CNTKPIT-T69 in cycle CNTKPIT-C1158
2026-04-10 11:52:57,483 - INFO - Fetched details for cycle CNTKPIT-C1157
2026-04-10 11:52:58,351 - INFO - Updated result for CNTKPIT-T69 in cycle CNTKPIT-C1157
2026-04-10 11:52:58,781 - INFO - Fetched details for cycle CNTKPIT-C1156
2026-04-10 11:52:59,663 - INFO - Updated result for CNTKPIT-T69 in cycle CNTKPIT-C1156
2026-04-10 11:52:59,998 - INFO - Fetched details for cycle CNTKPIT-C1155
2026-04-10 11:53:00,878 - INFO - Updated result for CNTKPIT-T69 in cycle CNTKPIT-C1155
2026-04-10 11:53:01,151 - INFO - Fetched details for cycle CNTKPIT-C1154
2026-04-10 11:53:02,010 - INFO - Updated result for CNTKPIT-T69 in cycle CNTKPIT-C1154
2026-04-10 11:53:02,300 - INFO - Fetched details for cycle CNTKPIT-C1153
2026-04-10 11:53:03,170 - INFO - Updated result for CNTKPIT-T69 in cycle CNTKPIT-C1153
2026-04-10 11:53:03,432 - INFO - Fetched details for cycle CNTKPIT-C1152
2026-04-10 11:53:04,382 - INFO - Updated result for CNTKPIT-T69 in cycle CNTKPIT-C1152
2026-04-10 11:53:04,823 - INFO - Fetched details for cycle CNTKPIT-C1151
2026-04-10 11:53:05,739 - INFO - Updated result for CNTKPIT-T69 in cycle CNTKPIT-C1151
2026-04-10 11:53:06,006 - INFO - Fetched details for cycle CNTKPIT-C1150
2026-04-10 11:53:06,898 - INFO - Updated result for CNTKPIT-T69 in cycle CNTKPIT-C1150
2026-04-10 11:53:07,175 - INFO - Fetched details for cycle CNTKPIT-C1149
2026-04-10 11:53:08,023 - INFO - Updated result for CNTKPIT-T69 in cycle CNTKPIT-C1149
2026-04-10 11:53:08,298 - INFO - Fetched details for cycle CNTKPIT-C1148
2026-04-10 11:53:09,174 - INFO - Updated result for CNTKPIT-T69 in cycle CNTKPIT-C1148
2026-04-10 11:53:09,511 - INFO - Fetched details for cycle CNTKPIT-C1147
2026-04-10 11:53:10,511 - INFO - Updated result for CNTKPIT-T69 in cycle CNTKPIT-C1147
2026-04-10 11:53:10,847 - INFO - Fetched details for cycle CNTKPIT-C1146
2026-04-10 11:53:11,773 - INFO - Updated result for CNTKPIT-T69 in cycle CNTKPIT-C1146
2026-04-10 11:53:12,098 - INFO - Fetched details for cycle CNTKPIT-C1145
2026-04-10 11:53:13,012 - INFO - Updated result for CNTKPIT-T69 in cycle CNTKPIT-C1145
2026-04-10 11:53:13,326 - INFO - Fetched details for cycle CNTKPIT-C1144
2026-04-10 11:53:14,321 - INFO - Updated result for CNTKPIT-T69 in cycle CNTKPIT-C1144
2026-04-10 11:53:14,632 - INFO - Fetched details for cycle CNTKPIT-C1143
2026-04-10 11:53:15,548 - INFO - Updated result for CNTKPIT-T69 in cycle CNTKPIT-C1143
2026-04-10 11:53:15,862 - INFO - Fetched details for cycle CNTKPIT-C1142
2026-04-10 11:53:16,772 - INFO - Updated result for CNTKPIT-T69 in cycle CNTKPIT-C1142
2026-04-10 11:53:17,065 - INFO - Fetched details for cycle CNTKPIT-C1141
2026-04-10 11:53:17,893 - INFO - Updated result for CNTKPIT-T69 in cycle CNTKPIT-C1141
2026-04-10 11:53:18,175 - INFO - Fetched details for cycle CNTKPIT-C1140
2026-04-10 11:53:19,015 - INFO - Updated result for CNTKPIT-T69 in cycle CNTKPIT-C1140
2026-04-10 11:53:19,283 - INFO - Fetched details for cycle CNTKPIT-C1139
2026-04-10 11:53:20,156 - INFO - Updated result for CNTKPIT-T69 in cycle CNTKPIT-C1139
2026-04-10 11:53:20,481 - INFO - Fetched details for cycle CNTKPIT-C1138
2026-04-10 11:53:21,303 - INFO - Updated result for CNTKPIT-T69 in cycle CNTKPIT-C1138
2026-05-21 17:58:07,313 - INFO - Created test cycle AEA1415R1.260514.1_T90A3_75_ITR_Cycle_Samsung_ITR_01_ITR_26
2026-05-21 18:03:13,368 - INFO - Created test cycle AEA1415R1.260514.1_T90A3_75_ITR_Cycle_Samsung_ITR_01_ITR_26
2026-05-21 18:08:40,936 - INFO - Created test cycle AEA1415R1.260514.1_T90A3_75_ITR_Cycle_Samsung_ITR_01_ITR_01
2026-05-21 18:08:42,061 - INFO - Created test cycle AEA1415R1.260514.1_T90A3_75_ITR_Cycle_Samsung_ITR_01_ITR_02
2026-05-21 18:08:43,201 - INFO - Created test cycle AEA1415R1.260514.1_T90A3_75_ITR_Cycle_Samsung_ITR_01_ITR_03
2026-05-21 18:09:24,896 - INFO - Created test cycle AEA1415R1.260514.1_T90A3_75_ITR_Cycle_Samsung_ITR_01
2026-05-21 18:09:26,041 - INFO - Created test cycle AEA1415R1.260514.1_T90A3_75_ITR_Cycle_Samsung_ITR_02
2026-05-21 18:09:27,175 - INFO - Created test cycle AEA1415R1.260514.1_T90A3_75_ITR_Cycle_Samsung_ITR_03
2026-05-21 18:14:52,332 - INFO - Created test cycle AEA1415R1.260514.1_T90A3_75_ITR_Cycle_Samsung_ITR_01
2026-05-21 18:14:53,499 - INFO - Created test cycle AEA1415R1.260514.1_T90A3_75_ITR_Cycle_Samsung_ITR_02
2026-05-21 18:14:54,660 - INFO - Created test cycle AEA1415R1.260514.1_T90A3_75_ITR_Cycle_Samsung_ITR_03
2026-05-21 18:14:55,819 - INFO - Created test cycle AEA1415R1.260514.1_T90A3_75_ITR_Cycle_Samsung_ITR_04
2026-05-21 18:14:56,968 - INFO - Created test cycle AEA1415R1.260514.1_T90A3_75_ITR_Cycle_Samsung_ITR_05
2026-05-21 18:14:58,123 - INFO - Created test cycle AEA1415R1.260514.1_T90A3_75_ITR_Cycle_Samsung_ITR_06
2026-05-21 18:14:59,316 - INFO - Created test cycle AEA1415R1.260514.1_T90A3_75_ITR_Cycle_Samsung_ITR_07
2026-05-21 18:15:00,553 - INFO - Created test cycle AEA1415R1.260514.1_T90A3_75_ITR_Cycle_Samsung_ITR_08
2026-05-21 18:15:01,811 - INFO - Created test cycle AEA1415R1.260514.1_T90A3_75_ITR_Cycle_Samsung_ITR_09
2026-05-21 18:15:03,024 - INFO - Created test cycle AEA1415R1.260514.1_T90A3_75_ITR_Cycle_Samsung_ITR_10
2026-05-21 18:15:04,193 - INFO - Created test cycle AEA1415R1.260514.1_T90A3_75_ITR_Cycle_Samsung_ITR_11
2026-05-21 18:15:05,331 - INFO - Created test cycle AEA1415R1.260514.1_T90A3_75_ITR_Cycle_Samsung_ITR_12
2026-05-21 18:19:13,343 - INFO - Created test cycle AEA1415R1.260514.1_T90A3_75_ITR_Cycle_Samsung_ITR_01
2026-05-21 18:21:51,573 - INFO - Created test cycle AEA1415R1.260514.1_T90A3_75_ITR_Cycle_Samsung_ITR_01
2026-05-21 18:21:51,574 - INFO - XYXDeltaGenerator(_provided_cursor=LockedCursor(_transient_elements=SparseList({}), _index=2, _parent_path=(3,), _props={'delta_type': 'progress', 'add_rows_metadata': None}), _parent=DeltaGenerator(_provided_cursor=RunningCursor(_transient_elements=SparseList({}), _parent_path=(3,), _index=5), _parent=DeltaGenerator(), _block_type='form', _form_data=FormData(form_id='create_cycle_form')), _form_data=FormData(form_id='create_cycle_form'))
2026-05-21 18:21:52,717 - INFO - Created test cycle AEA1415R1.260514.1_T90A3_75_ITR_Cycle_Samsung_ITR_02
2026-05-21 18:21:52,718 - INFO - XYXDeltaGenerator(_provided_cursor=LockedCursor(_transient_elements=SparseList({}), _index=2, _parent_path=(3,), _props={'delta_type': 'progress', 'add_rows_metadata': None}), _parent=DeltaGenerator(_provided_cursor=RunningCursor(_transient_elements=SparseList({}), _parent_path=(3,), _index=5), _parent=DeltaGenerator(), _block_type='form', _form_data=FormData(form_id='create_cycle_form')), _form_data=FormData(form_id='create_cycle_form'))
2026-05-22 13:28:15,195 - INFO - Created test cycle AEA1415R1.260514.1_T90A3_75_ITR_Cycle_Samsung_ITR_01_ITR_01
2026-05-22 13:28:15,209 - INFO - XYXDeltaGenerator(_provided_cursor=LockedCursor(_transient_elements=SparseList({}), _index=2, _parent_path=(3,), _props={'delta_type': 'progress', 'add_rows_metadata': None}), _parent=DeltaGenerator(_provided_cursor=RunningCursor(_transient_elements=SparseList({}), _parent_path=(3,), _index=5), _parent=DeltaGenerator(), _block_type='form', _form_data=FormData(form_id='create_cycle_form')), _form_data=FormData(form_id='create_cycle_form'))
2026-05-22 13:28:16,414 - INFO - Created test cycle AEA1415R1.260514.1_T90A3_75_ITR_Cycle_Samsung_ITR_01_ITR_02
2026-05-22 13:28:16,415 - INFO - XYXDeltaGenerator(_provided_cursor=LockedCursor(_transient_elements=SparseList({}), _index=2, _parent_path=(3,), _props={'delta_type': 'progress', 'add_rows_metadata': None}), _parent=DeltaGenerator(_provided_cursor=RunningCursor(_transient_elements=SparseList({}), _parent_path=(3,), _index=5), _parent=DeltaGenerator(), _block_type='form', _form_data=FormData(form_id='create_cycle_form')), _form_data=FormData(form_id='create_cycle_form'))
2026-05-22 13:28:17,680 - INFO - Created test cycle AEA1415R1.260514.1_T90A3_75_ITR_Cycle_Samsung_ITR_01_ITR_03
2026-05-22 13:28:17,681 - INFO - XYXDeltaGenerator(_provided_cursor=LockedCursor(_transient_elements=SparseList({}), _index=2, _parent_path=(3,), _props={'delta_type': 'progress', 'add_rows_metadata': None}), _parent=DeltaGenerator(_provided_cursor=RunningCursor(_transient_elements=SparseList({}), _parent_path=(3,), _index=5), _parent=DeltaGenerator(), _block_type='form', _form_data=FormData(form_id='create_cycle_form')), _form_data=FormData(form_id='create_cycle_form'))
2026-05-22 13:28:18,912 - INFO - Created test cycle AEA1415R1.260514.1_T90A3_75_ITR_Cycle_Samsung_ITR_01_ITR_04
2026-05-22 13:28:18,913 - INFO - XYXDeltaGenerator(_provided_cursor=LockedCursor(_transient_elements=SparseList({}), _index=2, _parent_path=(3,), _props={'delta_type': 'progress', 'add_rows_metadata': None}), _parent=DeltaGenerator(_provided_cursor=RunningCursor(_transient_elements=SparseList({}), _parent_path=(3,), _index=5), _parent=DeltaGenerator(), _block_type='form', _form_data=FormData(form_id='create_cycle_form')), _form_data=FormData(form_id='create_cycle_form'))
2026-05-22 13:28:20,192 - INFO - Created test cycle AEA1415R1.260514.1_T90A3_75_ITR_Cycle_Samsung_ITR_01_ITR_05
2026-05-22 13:28:20,193 - INFO - XYXDeltaGenerator(_provided_cursor=LockedCursor(_transient_elements=SparseList({}), _index=2, _parent_path=(3,), _props={'delta_type': 'progress', 'add_rows_metadata': None}), _parent=DeltaGenerator(_provided_cursor=RunningCursor(_transient_elements=SparseList({}), _parent_path=(3,), _index=5), _parent=DeltaGenerator(), _block_type='form', _form_data=FormData(form_id='create_cycle_form')), _form_data=FormData(form_id='create_cycle_form'))
2026-05-22 13:28:56,385 - INFO - Created test cycle AEA1415R1.260514.1_T90A3_75_ITR_Cycle_Samsung_ITR_01
2026-05-22 13:28:56,386 - INFO - XYXDeltaGenerator(_provided_cursor=LockedCursor(_transient_elements=SparseList({}), _index=2, _parent_path=(3,), _props={'delta_type': 'progress', 'add_rows_metadata': None}), _parent=DeltaGenerator(_provided_cursor=RunningCursor(_transient_elements=SparseList({}), _parent_path=(3,), _index=5), _parent=DeltaGenerator(), _block_type='form', _form_data=FormData(form_id='create_cycle_form')), _form_data=FormData(form_id='create_cycle_form'))
2026-05-22 13:28:57,552 - INFO - Created test cycle AEA1415R1.260514.1_T90A3_75_ITR_Cycle_Samsung_ITR_02
2026-05-22 13:28:57,553 - INFO - XYXDeltaGenerator(_provided_cursor=LockedCursor(_transient_elements=SparseList({}), _index=2, _parent_path=(3,), _props={'delta_type': 'progress', 'add_rows_metadata': None}), _parent=DeltaGenerator(_provided_cursor=RunningCursor(_transient_elements=SparseList({}), _parent_path=(3,), _index=5), _parent=DeltaGenerator(), _block_type='form', _form_data=FormData(form_id='create_cycle_form')), _form_data=FormData(form_id='create_cycle_form'))
2026-05-22 13:28:58,778 - INFO - Created test cycle AEA1415R1.260514.1_T90A3_75_ITR_Cycle_Samsung_ITR_03
2026-05-22 13:28:58,779 - INFO - XYXDeltaGenerator(_provided_cursor=LockedCursor(_transient_elements=SparseList({}), _index=2, _parent_path=(3,), _props={'delta_type': 'progress', 'add_rows_metadata': None}), _parent=DeltaGenerator(_provided_cursor=RunningCursor(_transient_elements=SparseList({}), _parent_path=(3,), _index=5), _parent=DeltaGenerator(), _block_type='form', _form_data=FormData(form_id='create_cycle_form')), _form_data=FormData(form_id='create_cycle_form'))
2026-05-22 13:29:00,009 - INFO - Created test cycle AEA1415R1.260514.1_T90A3_75_ITR_Cycle_Samsung_ITR_04
2026-05-22 13:29:00,011 - INFO - XYXDeltaGenerator(_provided_cursor=LockedCursor(_transient_elements=SparseList({}), _index=2, _parent_path=(3,), _props={'delta_type': 'progress', 'add_rows_metadata': None}), _parent=DeltaGenerator(_provided_cursor=RunningCursor(_transient_elements=SparseList({}), _parent_path=(3,), _index=5), _parent=DeltaGenerator(), _block_type='form', _form_data=FormData(form_id='create_cycle_form')), _form_data=FormData(form_id='create_cycle_form'))
2026-05-22 13:29:01,212 - INFO - Created test cycle AEA1415R1.260514.1_T90A3_75_ITR_Cycle_Samsung_ITR_05
2026-05-22 13:29:01,214 - INFO - XYXDeltaGenerator(_provided_cursor=LockedCursor(_transient_elements=SparseList({}), _index=2, _parent_path=(3,), _props={'delta_type': 'progress', 'add_rows_metadata': None}), _parent=DeltaGenerator(_provided_cursor=RunningCursor(_transient_elements=SparseList({}), _parent_path=(3,), _index=5), _parent=DeltaGenerator(), _block_type='form', _form_data=FormData(form_id='create_cycle_form')), _form_data=FormData(form_id='create_cycle_form'))
2026-05-22 16:05:55,646 - INFO - Created test cycle AEA1415R1.260514.1_T90A3_75_ITR_Cycle_Samsung_ITR_01
2026-05-22 16:05:55,646 - INFO - XYXDeltaGenerator(_provided_cursor=LockedCursor(_transient_elements=SparseList({}), _index=2, _parent_path=(3,), _props={'delta_type': 'progress', 'add_rows_metadata': None}), _parent=DeltaGenerator(_provided_cursor=RunningCursor(_transient_elements=SparseList({}), _parent_path=(3,), _index=5), _parent=DeltaGenerator(), _block_type='form', _form_data=FormData(form_id='create_cycle_form')), _form_data=FormData(form_id='create_cycle_form'))
2026-05-22 16:05:56,841 - INFO - Created test cycle AEA1415R1.260514.1_T90A3_75_ITR_Cycle_Samsung_ITR_02
2026-05-22 16:05:56,843 - INFO - XYXDeltaGenerator(_provided_cursor=LockedCursor(_transient_elements=SparseList({}), _index=2, _parent_path=(3,), _props={'delta_type': 'progress', 'add_rows_metadata': None}), _parent=DeltaGenerator(_provided_cursor=RunningCursor(_transient_elements=SparseList({}), _parent_path=(3,), _index=5), _parent=DeltaGenerator(), _block_type='form', _form_data=FormData(form_id='create_cycle_form')), _form_data=FormData(form_id='create_cycle_form'))
2026-05-22 16:05:58,087 - INFO - Created test cycle AEA1415R1.260514.1_T90A3_75_ITR_Cycle_Samsung_ITR_03
2026-05-22 16:05:58,088 - INFO - XYXDeltaGenerator(_provided_cursor=LockedCursor(_transient_elements=SparseList({}), _index=2, _parent_path=(3,), _props={'delta_type': 'progress', 'add_rows_metadata': None}), _parent=DeltaGenerator(_provided_cursor=RunningCursor(_transient_elements=SparseList({}), _parent_path=(3,), _index=5), _parent=DeltaGenerator(), _block_type='form', _form_data=FormData(form_id='create_cycle_form')), _form_data=FormData(form_id='create_cycle_form'))
2026-05-22 16:05:59,268 - INFO - Created test cycle AEA1415R1.260514.1_T90A3_75_ITR_Cycle_Samsung_ITR_04
2026-05-22 16:05:59,269 - INFO - XYXDeltaGenerator(_provided_cursor=LockedCursor(_transient_elements=SparseList({}), _index=2, _parent_path=(3,), _props={'delta_type': 'progress', 'add_rows_metadata': None}), _parent=DeltaGenerator(_provided_cursor=RunningCursor(_transient_elements=SparseList({}), _parent_path=(3,), _index=5), _parent=DeltaGenerator(), _block_type='form', _form_data=FormData(form_id='create_cycle_form')), _form_data=FormData(form_id='create_cycle_form'))
2026-05-22 16:06:00,481 - INFO - Created test cycle AEA1415R1.260514.1_T90A3_75_ITR_Cycle_Samsung_ITR_05
2026-05-22 16:06:00,482 - INFO - XYXDeltaGenerator(_provided_cursor=LockedCursor(_transient_elements=SparseList({}), _index=2, _parent_path=(3,), _props={'delta_type': 'progress', 'add_rows_metadata': None}), _parent=DeltaGenerator(_provided_cursor=RunningCursor(_transient_elements=SparseList({}), _parent_path=(3,), _index=5), _parent=DeltaGenerator(), _block_type='form', _form_data=FormData(form_id='create_cycle_form')), _form_data=FormData(form_id='create_cycle_form'))
2026-05-22 16:06:01,731 - INFO - Created test cycle AEA1415R1.260514.1_T90A3_75_ITR_Cycle_Samsung_ITR_06
2026-05-22 16:06:01,733 - INFO - XYXDeltaGenerator(_provided_cursor=LockedCursor(_transient_elements=SparseList({}), _index=2, _parent_path=(3,), _props={'delta_type': 'progress', 'add_rows_metadata': None}), _parent=DeltaGenerator(_provided_cursor=RunningCursor(_transient_elements=SparseList({}), _parent_path=(3,), _index=5), _parent=DeltaGenerator(), _block_type='form', _form_data=FormData(form_id='create_cycle_form')), _form_data=FormData(form_id='create_cycle_form'))
2026-05-22 16:06:02,959 - INFO - Created test cycle AEA1415R1.260514.1_T90A3_75_ITR_Cycle_Samsung_ITR_07
2026-05-22 16:06:02,960 - INFO - XYXDeltaGenerator(_provided_cursor=LockedCursor(_transient_elements=SparseList({}), _index=2, _parent_path=(3,), _props={'delta_type': 'progress', 'add_rows_metadata': None}), _parent=DeltaGenerator(_provided_cursor=RunningCursor(_transient_elements=SparseList({}), _parent_path=(3,), _index=5), _parent=DeltaGenerator(), _block_type='form', _form_data=FormData(form_id='create_cycle_form')), _form_data=FormData(form_id='create_cycle_form'))
2026-05-22 16:06:04,166 - INFO - Created test cycle AEA1415R1.260514.1_T90A3_75_ITR_Cycle_Samsung_ITR_08
2026-05-22 16:06:04,167 - INFO - XYXDeltaGenerator(_provided_cursor=LockedCursor(_transient_elements=SparseList({}), _index=2, _parent_path=(3,), _props={'delta_type': 'progress', 'add_rows_metadata': None}), _parent=DeltaGenerator(_provided_cursor=RunningCursor(_transient_elements=SparseList({}), _parent_path=(3,), _index=5), _parent=DeltaGenerator(), _block_type='form', _form_data=FormData(form_id='create_cycle_form')), _form_data=FormData(form_id='create_cycle_form'))
2026-05-22 16:06:05,378 - INFO - Created test cycle AEA1415R1.260514.1_T90A3_75_ITR_Cycle_Samsung_ITR_09
2026-05-22 16:06:05,380 - INFO - XYXDeltaGenerator(_provided_cursor=LockedCursor(_transient_elements=SparseList({}), _index=2, _parent_path=(3,), _props={'delta_type': 'progress', 'add_rows_metadata': None}), _parent=DeltaGenerator(_provided_cursor=RunningCursor(_transient_elements=SparseList({}), _parent_path=(3,), _index=5), _parent=DeltaGenerator(), _block_type='form', _form_data=FormData(form_id='create_cycle_form')), _form_data=FormData(form_id='create_cycle_form'))
2026-05-22 16:06:06,596 - INFO - Created test cycle AEA1415R1.260514.1_T90A3_75_ITR_Cycle_Samsung_ITR_10
2026-05-22 16:06:06,597 - INFO - XYXDeltaGenerator(_provided_cursor=LockedCursor(_transient_elements=SparseList({}), _index=2, _parent_path=(3,), _props={'delta_type': 'progress', 'add_rows_metadata': None}), _parent=DeltaGenerator(_provided_cursor=RunningCursor(_transient_elements=SparseList({}), _parent_path=(3,), _index=5), _parent=DeltaGenerator(), _block_type='form', _form_data=FormData(form_id='create_cycle_form')), _form_data=FormData(form_id='create_cycle_form'))
2026-05-22 16:06:07,813 - INFO - Created test cycle AEA1415R1.260514.1_T90A3_75_ITR_Cycle_Samsung_ITR_11
2026-05-22 16:06:07,814 - INFO - XYXDeltaGenerator(_provided_cursor=LockedCursor(_transient_elements=SparseList({}), _index=2, _parent_path=(3,), _props={'delta_type': 'progress', 'add_rows_metadata': None}), _parent=DeltaGenerator(_provided_cursor=RunningCursor(_transient_elements=SparseList({}), _parent_path=(3,), _index=5), _parent=DeltaGenerator(), _block_type='form', _form_data=FormData(form_id='create_cycle_form')), _form_data=FormData(form_id='create_cycle_form'))
2026-05-22 16:06:09,031 - INFO - Created test cycle AEA1415R1.260514.1_T90A3_75_ITR_Cycle_Samsung_ITR_12
2026-05-22 16:06:09,032 - INFO - XYXDeltaGenerator(_provided_cursor=LockedCursor(_transient_elements=SparseList({}), _index=2, _parent_path=(3,), _props={'delta_type': 'progress', 'add_rows_metadata': None}), _parent=DeltaGenerator(_provided_cursor=RunningCursor(_transient_elements=SparseList({}), _parent_path=(3,), _index=5), _parent=DeltaGenerator(), _block_type='form', _form_data=FormData(form_id='create_cycle_form')), _form_data=FormData(form_id='create_cycle_form'))
2026-05-22 16:06:10,230 - INFO - Created test cycle AEA1415R1.260514.1_T90A3_75_ITR_Cycle_Samsung_ITR_13
2026-05-22 16:06:10,231 - INFO - XYXDeltaGenerator(_provided_cursor=LockedCursor(_transient_elements=SparseList({}), _index=2, _parent_path=(3,), _props={'delta_type': 'progress', 'add_rows_metadata': None}), _parent=DeltaGenerator(_provided_cursor=RunningCursor(_transient_elements=SparseList({}), _parent_path=(3,), _index=5), _parent=DeltaGenerator(), _block_type='form', _form_data=FormData(form_id='create_cycle_form')), _form_data=FormData(form_id='create_cycle_form'))
2026-05-22 16:06:11,662 - INFO - Created test cycle AEA1415R1.260514.1_T90A3_75_ITR_Cycle_Samsung_ITR_14
2026-05-22 16:06:11,664 - INFO - XYXDeltaGenerator(_provided_cursor=LockedCursor(_transient_elements=SparseList({}), _index=2, _parent_path=(3,), _props={'delta_type': 'progress', 'add_rows_metadata': None}), _parent=DeltaGenerator(_provided_cursor=RunningCursor(_transient_elements=SparseList({}), _parent_path=(3,), _index=5), _parent=DeltaGenerator(), _block_type='form', _form_data=FormData(form_id='create_cycle_form')), _form_data=FormData(form_id='create_cycle_form'))
2026-05-22 16:06:12,941 - INFO - Created test cycle AEA1415R1.260514.1_T90A3_75_ITR_Cycle_Samsung_ITR_15
2026-05-22 16:06:12,942 - INFO - XYXDeltaGenerator(_provided_cursor=LockedCursor(_transient_elements=SparseList({}), _index=2, _parent_path=(3,), _props={'delta_type': 'progress', 'add_rows_metadata': None}), _parent=DeltaGenerator(_provided_cursor=RunningCursor(_transient_elements=SparseList({}), _parent_path=(3,), _index=5), _parent=DeltaGenerator(), _block_type='form', _form_data=FormData(form_id='create_cycle_form')), _form_data=FormData(form_id='create_cycle_form'))
2026-05-22 16:06:14,198 - INFO - Created test cycle AEA1415R1.260514.1_T90A3_75_ITR_Cycle_Samsung_ITR_16
2026-05-22 16:06:14,199 - INFO - XYXDeltaGenerator(_provided_cursor=LockedCursor(_transient_elements=SparseList({}), _index=2, _parent_path=(3,), _props={'delta_type': 'progress', 'add_rows_metadata': None}), _parent=DeltaGenerator(_provided_cursor=RunningCursor(_transient_elements=SparseList({}), _parent_path=(3,), _index=5), _parent=DeltaGenerator(), _block_type='form', _form_data=FormData(form_id='create_cycle_form')), _form_data=FormData(form_id='create_cycle_form'))
2026-05-22 16:06:15,430 - INFO - Created test cycle AEA1415R1.260514.1_T90A3_75_ITR_Cycle_Samsung_ITR_17
2026-05-22 16:06:15,432 - INFO - XYXDeltaGenerator(_provided_cursor=LockedCursor(_transient_elements=SparseList({}), _index=2, _parent_path=(3,), _props={'delta_type': 'progress', 'add_rows_metadata': None}), _parent=DeltaGenerator(_provided_cursor=RunningCursor(_transient_elements=SparseList({}), _parent_path=(3,), _index=5), _parent=DeltaGenerator(), _block_type='form', _form_data=FormData(form_id='create_cycle_form')), _form_data=FormData(form_id='create_cycle_form'))
2026-05-22 16:06:16,717 - INFO - Created test cycle AEA1415R1.260514.1_T90A3_75_ITR_Cycle_Samsung_ITR_18
2026-05-22 16:06:16,717 - INFO - XYXDeltaGenerator(_provided_cursor=LockedCursor(_transient_elements=SparseList({}), _index=2, _parent_path=(3,), _props={'delta_type': 'progress', 'add_rows_metadata': None}), _parent=DeltaGenerator(_provided_cursor=RunningCursor(_transient_elements=SparseList({}), _parent_path=(3,), _index=5), _parent=DeltaGenerator(), _block_type='form', _form_data=FormData(form_id='create_cycle_form')), _form_data=FormData(form_id='create_cycle_form'))
2026-05-22 16:06:18,041 - INFO - Created test cycle AEA1415R1.260514.1_T90A3_75_ITR_Cycle_Samsung_ITR_19
2026-05-22 16:06:18,042 - INFO - XYXDeltaGenerator(_provided_cursor=LockedCursor(_transient_elements=SparseList({}), _index=2, _parent_path=(3,), _props={'delta_type': 'progress', 'add_rows_metadata': None}), _parent=DeltaGenerator(_provided_cursor=RunningCursor(_transient_elements=SparseList({}), _parent_path=(3,), _index=5), _parent=DeltaGenerator(), _block_type='form', _form_data=FormData(form_id='create_cycle_form')), _form_data=FormData(form_id='create_cycle_form'))
2026-05-22 16:06:19,364 - INFO - Created test cycle AEA1415R1.260514.1_T90A3_75_ITR_Cycle_Samsung_ITR_20
2026-05-22 16:06:19,366 - INFO - XYXDeltaGenerator(_provided_cursor=LockedCursor(_transient_elements=SparseList({}), _index=2, _parent_path=(3,), _props={'delta_type': 'progress', 'add_rows_metadata': None}), _parent=DeltaGenerator(_provided_cursor=RunningCursor(_transient_elements=SparseList({}), _parent_path=(3,), _index=5), _parent=DeltaGenerator(), _block_type='form', _form_data=FormData(form_id='create_cycle_form')), _form_data=FormData(form_id='create_cycle_form'))
2026-05-22 16:06:20,641 - INFO - Created test cycle AEA1415R1.260514.1_T90A3_75_ITR_Cycle_Samsung_ITR_21
2026-05-22 16:06:20,643 - INFO - XYXDeltaGenerator(_provided_cursor=LockedCursor(_transient_elements=SparseList({}), _index=2, _parent_path=(3,), _props={'delta_type': 'progress', 'add_rows_metadata': None}), _parent=DeltaGenerator(_provided_cursor=RunningCursor(_transient_elements=SparseList({}), _parent_path=(3,), _index=5), _parent=DeltaGenerator(), _block_type='form', _form_data=FormData(form_id='create_cycle_form')), _form_data=FormData(form_id='create_cycle_form'))
2026-05-22 16:06:21,902 - INFO - Created test cycle AEA1415R1.260514.1_T90A3_75_ITR_Cycle_Samsung_ITR_22
2026-05-22 16:06:21,903 - INFO - XYXDeltaGenerator(_provided_cursor=LockedCursor(_transient_elements=SparseList({}), _index=2, _parent_path=(3,), _props={'delta_type': 'progress', 'add_rows_metadata': None}), _parent=DeltaGenerator(_provided_cursor=RunningCursor(_transient_elements=SparseList({}), _parent_path=(3,), _index=5), _parent=DeltaGenerator(), _block_type='form', _form_data=FormData(form_id='create_cycle_form')), _form_data=FormData(form_id='create_cycle_form'))
2026-05-22 16:06:23,193 - INFO - Created test cycle AEA1415R1.260514.1_T90A3_75_ITR_Cycle_Samsung_ITR_23
2026-05-22 16:06:23,195 - INFO - XYXDeltaGenerator(_provided_cursor=LockedCursor(_transient_elements=SparseList({}), _index=2, _parent_path=(3,), _props={'delta_type': 'progress', 'add_rows_metadata': None}), _parent=DeltaGenerator(_provided_cursor=RunningCursor(_transient_elements=SparseList({}), _parent_path=(3,), _index=5), _parent=DeltaGenerator(), _block_type='form', _form_data=FormData(form_id='create_cycle_form')), _form_data=FormData(form_id='create_cycle_form'))
2026-05-22 16:06:24,419 - INFO - Created test cycle AEA1415R1.260514.1_T90A3_75_ITR_Cycle_Samsung_ITR_24
2026-05-22 16:06:24,420 - INFO - XYXDeltaGenerator(_provided_cursor=LockedCursor(_transient_elements=SparseList({}), _index=2, _parent_path=(3,), _props={'delta_type': 'progress', 'add_rows_metadata': None}), _parent=DeltaGenerator(_provided_cursor=RunningCursor(_transient_elements=SparseList({}), _parent_path=(3,), _index=5), _parent=DeltaGenerator(), _block_type='form', _form_data=FormData(form_id='create_cycle_form')), _form_data=FormData(form_id='create_cycle_form'))
2026-05-22 16:06:25,741 - INFO - Created test cycle AEA1415R1.260514.1_T90A3_75_ITR_Cycle_Samsung_ITR_25
2026-05-22 16:06:25,742 - INFO - XYXDeltaGenerator(_provided_cursor=LockedCursor(_transient_elements=SparseList({}), _index=2, _parent_path=(3,), _props={'delta_type': 'progress', 'add_rows_metadata': None}), _parent=DeltaGenerator(_provided_cursor=RunningCursor(_transient_elements=SparseList({}), _parent_path=(3,), _index=5), _parent=DeltaGenerator(), _block_type='form', _form_data=FormData(form_id='create_cycle_form')), _form_data=FormData(form_id='create_cycle_form'))
2026-05-22 16:45:32,643 - INFO - Created test cycle AEA1415R1.260514.1_T90A3_75_ITR_Cycle_Samsung_ITR_01
2026-05-22 16:45:34,231 - INFO - Created test cycle AEA1415R1.260514.1_T90A3_75_ITR_Cycle_Samsung_ITR_02
2026-05-22 16:45:35,897 - INFO - Created test cycle AEA1415R1.260514.1_T90A3_75_ITR_Cycle_Samsung_ITR_03
2026-05-22 16:45:37,441 - INFO - Created test cycle AEA1415R1.260514.1_T90A3_75_ITR_Cycle_Samsung_ITR_04
2026-05-22 16:45:39,043 - INFO - Created test cycle AEA1415R1.260514.1_T90A3_75_ITR_Cycle_Samsung_ITR_05
2026-05-22 16:53:20,543 - INFO - Created test cycle AEA1415R1.260514.1_T90A3_75_ITR_Cycle_Samsung_ITR_01
2026-05-22 16:53:21,594 - INFO - Created test cycle AEA1415R1.260514.1_T90A3_75_ITR_Cycle_Samsung_ITR_02
2026-05-22 16:53:22,672 - INFO - Created test cycle AEA1415R1.260514.1_T90A3_75_ITR_Cycle_Samsung_ITR_03
2026-05-22 16:53:23,749 - INFO - Created test cycle AEA1415R1.260514.1_T90A3_75_ITR_Cycle_Samsung_ITR_04
2026-05-22 16:53:24,799 - INFO - Created test cycle AEA1415R1.260514.1_T90A3_75_ITR_Cycle_Samsung_ITR_05
2026-05-22 17:15:32,420 - INFO - Created test cycle AEA1415R1.260514.1_T90A3_75_ITR_Cycle_Samsung_ITR_01
2026-05-22 17:15:40,323 - INFO - Created test cycle AEA1415R1.260514.1_T90A3_75_ITR_Cycle_Samsung_ITR_02
2026-05-22 17:15:48,315 - INFO - Created test cycle AEA1415R1.260514.1_T90A3_75_ITR_Cycle_Samsung_ITR_03
2026-05-22 17:15:56,637 - INFO - Created test cycle AEA1415R1.260514.1_T90A3_75_ITR_Cycle_Samsung_ITR_04
2026-05-22 17:16:04,503 - INFO - Created test cycle AEA1415R1.260514.1_T90A3_75_ITR_Cycle_Samsung_ITR_05
2026-05-22 17:16:12,607 - INFO - Created test cycle AEA1415R1.260514.1_T90A3_75_ITR_Cycle_Samsung_ITR_06
2026-05-22 17:16:20,623 - INFO - Created test cycle AEA1415R1.260514.1_T90A3_75_ITR_Cycle_Samsung_ITR_07
2026-05-22 17:16:28,695 - INFO - Created test cycle AEA1415R1.260514.1_T90A3_75_ITR_Cycle_Samsung_ITR_08
2026-05-22 17:16:36,690 - INFO - Created test cycle AEA1415R1.260514.1_T90A3_75_ITR_Cycle_Samsung_ITR_09
2026-05-22 17:16:44,649 - INFO - Created test cycle AEA1415R1.260514.1_T90A3_75_ITR_Cycle_Samsung_ITR_10
2026-05-22 17:16:52,536 - INFO - Created test cycle AEA1415R1.260514.1_T90A3_75_ITR_Cycle_Samsung_ITR_11
2026-05-22 17:17:00,529 - INFO - Created test cycle AEA1415R1.260514.1_T90A3_75_ITR_Cycle_Samsung_ITR_12
2026-05-22 17:17:08,416 - INFO - Created test cycle AEA1415R1.260514.1_T90A3_75_ITR_Cycle_Samsung_ITR_13
2026-05-22 17:17:16,635 - INFO - Created test cycle AEA1415R1.260514.1_T90A3_75_ITR_Cycle_Samsung_ITR_14
2026-05-22 17:17:24,986 - INFO - Created test cycle AEA1415R1.260514.1_T90A3_75_ITR_Cycle_Samsung_ITR_15
2026-05-22 17:17:32,947 - INFO - Created test cycle AEA1415R1.260514.1_T90A3_75_ITR_Cycle_Samsung_ITR_16
2026-05-22 17:17:41,081 - INFO - Created test cycle AEA1415R1.260514.1_T90A3_75_ITR_Cycle_Samsung_ITR_17
2026-05-22 17:17:48,836 - INFO - Created test cycle AEA1415R1.260514.1_T90A3_75_ITR_Cycle_Samsung_ITR_18
2026-05-22 17:17:56,794 - INFO - Created test cycle AEA1415R1.260514.1_T90A3_75_ITR_Cycle_Samsung_ITR_19
2026-05-22 17:18:04,692 - INFO - Created test cycle AEA1415R1.260514.1_T90A3_75_ITR_Cycle_Samsung_ITR_20
2026-05-22 17:18:12,635 - INFO - Created test cycle AEA1415R1.260514.1_T90A3_75_ITR_Cycle_Samsung_ITR_21
2026-05-22 17:18:21,051 - INFO - Created test cycle AEA1415R1.260514.1_T90A3_75_ITR_Cycle_Samsung_ITR_22
2026-05-22 17:18:29,038 - INFO - Created test cycle AEA1415R1.260514.1_T90A3_75_ITR_Cycle_Samsung_ITR_23
2026-05-22 17:18:36,945 - INFO - Created test cycle AEA1415R1.260514.1_T90A3_75_ITR_Cycle_Samsung_ITR_24
2026-05-22 17:18:44,908 - INFO - Created test cycle AEA1415R1.260514.1_T90A3_75_ITR_Cycle_Samsung_ITR_25
2026-05-22 17:18:53,082 - INFO - Created test cycle AEA1415R1.260514.1_T90A3_75_ITR_Cycle_Samsung_ITR_26
2026-05-22 17:19:01,272 - INFO - Created test cycle AEA1415R1.260514.1_T90A3_75_ITR_Cycle_Samsung_ITR_27
2026-05-22 17:19:09,139 - INFO - Created test cycle AEA1415R1.260514.1_T90A3_75_ITR_Cycle_Samsung_ITR_28
2026-05-22 17:19:17,253 - INFO - Created test cycle AEA1415R1.260514.1_T90A3_75_ITR_Cycle_Samsung_ITR_29
2026-05-22 17:19:25,404 - INFO - Created test cycle AEA1415R1.260514.1_T90A3_75_ITR_Cycle_Samsung_ITR_30
2026-05-22 17:19:33,574 - INFO - Created test cycle AEA1415R1.260514.1_T90A3_75_ITR_Cycle_Samsung_ITR_31
2026-05-22 17:19:41,947 - INFO - Created test cycle AEA1415R1.260514.1_T90A3_75_ITR_Cycle_Samsung_ITR_32
2026-05-22 17:19:49,913 - INFO - Created test cycle AEA1415R1.260514.1_T90A3_75_ITR_Cycle_Samsung_ITR_33
2026-05-22 17:19:57,921 - INFO - Created test cycle AEA1415R1.260514.1_T90A3_75_ITR_Cycle_Samsung_ITR_34
2026-05-22 17:20:05,966 - INFO - Created test cycle AEA1415R1.260514.1_T90A3_75_ITR_Cycle_Samsung_ITR_35
2026-05-22 17:20:14,234 - INFO - Created test cycle AEA1415R1.260514.1_T90A3_75_ITR_Cycle_Samsung_ITR_36
2026-05-22 17:20:22,306 - INFO - Created test cycle AEA1415R1.260514.1_T90A3_75_ITR_Cycle_Samsung_ITR_37
2026-05-22 17:20:30,235 - INFO - Created test cycle AEA1415R1.260514.1_T90A3_75_ITR_Cycle_Samsung_ITR_38
2026-05-22 17:20:38,094 - INFO - Created test cycle AEA1415R1.260514.1_T90A3_75_ITR_Cycle_Samsung_ITR_39
2026-05-22 17:20:45,892 - INFO - Created test cycle AEA1415R1.260514.1_T90A3_75_ITR_Cycle_Samsung_ITR_40
2026-05-22 17:20:53,914 - INFO - Created test cycle AEA1415R1.260514.1_T90A3_75_ITR_Cycle_Samsung_ITR_41
2026-05-22 17:21:01,715 - INFO - Created test cycle AEA1415R1.260514.1_T90A3_75_ITR_Cycle_Samsung_ITR_42
2026-05-22 17:21:09,914 - INFO - Created test cycle AEA1415R1.260514.1_T90A3_75_ITR_Cycle_Samsung_ITR_43
2026-05-22 17:21:17,905 - INFO - Created test cycle AEA1415R1.260514.1_T90A3_75_ITR_Cycle_Samsung_ITR_44
2026-05-22 17:21:26,431 - INFO - Created test cycle AEA1415R1.260514.1_T90A3_75_ITR_Cycle_Samsung_ITR_45
2026-05-22 17:21:34,874 - INFO - Created test cycle AEA1415R1.260514.1_T90A3_75_ITR_Cycle_Samsung_ITR_46
2026-05-22 17:21:42,854 - INFO - Created test cycle AEA1415R1.260514.1_T90A3_75_ITR_Cycle_Samsung_ITR_47
2026-05-22 17:21:51,191 - INFO - Created test cycle AEA1415R1.260514.1_T90A3_75_ITR_Cycle_Samsung_ITR_48
2026-05-22 17:21:59,090 - INFO - Created test cycle AEA1415R1.260514.1_T90A3_75_ITR_Cycle_Samsung_ITR_49
2026-05-22 17:22:07,168 - INFO - Created test cycle AEA1415R1.260514.1_T90A3_75_ITR_Cycle_Samsung_ITR_50
2026-05-22 17:22:15,341 - INFO - Created test cycle AEA1415R1.260514.1_T90A3_75_ITR_Cycle_Samsung_ITR_51
2026-05-22 17:22:23,796 - INFO - Created test cycle AEA1415R1.260514.1_T90A3_75_ITR_Cycle_Samsung_ITR_52
2026-05-22 17:22:31,749 - INFO - Created test cycle AEA1415R1.260514.1_T90A3_75_ITR_Cycle_Samsung_ITR_53
2026-05-22 17:22:39,525 - INFO - Created test cycle AEA1415R1.260514.1_T90A3_75_ITR_Cycle_Samsung_ITR_54
2026-05-22 17:22:47,413 - INFO - Created test cycle AEA1415R1.260514.1_T90A3_75_ITR_Cycle_Samsung_ITR_55
2026-05-22 17:22:55,473 - INFO - Created test cycle AEA1415R1.260514.1_T90A3_75_ITR_Cycle_Samsung_ITR_56
2026-05-22 17:23:03,368 - INFO - Created test cycle AEA1415R1.260514.1_T90A3_75_ITR_Cycle_Samsung_ITR_57
2026-05-22 17:23:11,193 - INFO - Created test cycle AEA1415R1.260514.1_T90A3_75_ITR_Cycle_Samsung_ITR_58
2026-05-22 17:23:19,197 - INFO - Created test cycle AEA1415R1.260514.1_T90A3_75_ITR_Cycle_Samsung_ITR_59
2026-05-22 17:23:27,598 - INFO - Created test cycle AEA1415R1.260514.1_T90A3_75_ITR_Cycle_Samsung_ITR_60
2026-05-22 17:23:35,427 - INFO - Created test cycle AEA1415R1.260514.1_T90A3_75_ITR_Cycle_Samsung_ITR_61
2026-05-22 17:23:43,515 - INFO - Created test cycle AEA1415R1.260514.1_T90A3_75_ITR_Cycle_Samsung_ITR_62
2026-05-22 17:23:51,415 - INFO - Created test cycle AEA1415R1.260514.1_T90A3_75_ITR_Cycle_Samsung_ITR_63
2026-05-22 17:23:59,336 - INFO - Created test cycle AEA1415R1.260514.1_T90A3_75_ITR_Cycle_Samsung_ITR_64
2026-05-22 17:24:07,273 - INFO - Created test cycle AEA1415R1.260514.1_T90A3_75_ITR_Cycle_Samsung_ITR_65
2026-05-22 17:24:15,281 - INFO - Created test cycle AEA1415R1.260514.1_T90A3_75_ITR_Cycle_Samsung_ITR_66
2026-05-22 17:24:23,601 - INFO - Created test cycle AEA1415R1.260514.1_T90A3_75_ITR_Cycle_Samsung_ITR_67
2026-05-22 17:24:31,508 - INFO - Created test cycle AEA1415R1.260514.1_T90A3_75_ITR_Cycle_Samsung_ITR_68
2026-05-22 17:24:39,589 - INFO - Created test cycle AEA1415R1.260514.1_T90A3_75_ITR_Cycle_Samsung_ITR_69
2026-05-22 17:24:47,516 - INFO - Created test cycle AEA1415R1.260514.1_T90A3_75_ITR_Cycle_Samsung_ITR_70
2026-05-22 17:24:55,511 - INFO - Created test cycle AEA1415R1.260514.1_T90A3_75_ITR_Cycle_Samsung_ITR_71
2026-05-22 17:25:03,681 - INFO - Created test cycle AEA1415R1.260514.1_T90A3_75_ITR_Cycle_Samsung_ITR_72
2026-05-22 17:25:11,444 - INFO - Created test cycle AEA1415R1.260514.1_T90A3_75_ITR_Cycle_Samsung_ITR_73
2026-05-22 17:25:19,511 - INFO - Created test cycle AEA1415R1.260514.1_T90A3_75_ITR_Cycle_Samsung_ITR_74
2026-05-22 17:25:27,551 - INFO - Created test cycle AEA1415R1.260514.1_T90A3_75_ITR_Cycle_Samsung_ITR_75
2026-05-22 17:52:18,729 - INFO - Created test cycle AEA1415R1.260514.1_T90A3_75_ITR_Cycle_Pixel_ITR_01
2026-05-22 17:52:26,709 - INFO - Created test cycle AEA1415R1.260514.1_T90A3_75_ITR_Cycle_Pixel_ITR_02
2026-05-22 17:52:34,559 - INFO - Created test cycle AEA1415R1.260514.1_T90A3_75_ITR_Cycle_Pixel_ITR_03
2026-05-22 17:52:42,635 - INFO - Created test cycle AEA1415R1.260514.1_T90A3_75_ITR_Cycle_Pixel_ITR_04
2026-05-22 17:52:50,441 - INFO - Created test cycle AEA1415R1.260514.1_T90A3_75_ITR_Cycle_Pixel_ITR_05
2026-05-22 17:52:58,351 - INFO - Created test cycle AEA1415R1.260514.1_T90A3_75_ITR_Cycle_Pixel_ITR_06
2026-05-22 17:53:06,215 - INFO - Created test cycle AEA1415R1.260514.1_T90A3_75_ITR_Cycle_Pixel_ITR_07
2026-05-22 17:53:14,086 - INFO - Created test cycle AEA1415R1.260514.1_T90A3_75_ITR_Cycle_Pixel_ITR_08
2026-05-22 17:53:22,720 - INFO - Created test cycle AEA1415R1.260514.1_T90A3_75_ITR_Cycle_Pixel_ITR_09
2026-05-22 17:53:30,611 - INFO - Created test cycle AEA1415R1.260514.1_T90A3_75_ITR_Cycle_Pixel_ITR_10
2026-05-22 17:53:38,727 - INFO - Created test cycle AEA1415R1.260514.1_T90A3_75_ITR_Cycle_Pixel_ITR_11
2026-05-22 17:53:46,603 - INFO - Created test cycle AEA1415R1.260514.1_T90A3_75_ITR_Cycle_Pixel_ITR_12
2026-05-22 17:53:54,716 - INFO - Created test cycle AEA1415R1.260514.1_T90A3_75_ITR_Cycle_Pixel_ITR_13
2026-05-22 17:54:02,721 - INFO - Created test cycle AEA1415R1.260514.1_T90A3_75_ITR_Cycle_Pixel_ITR_14
2026-05-22 17:54:10,517 - INFO - Created test cycle AEA1415R1.260514.1_T90A3_75_ITR_Cycle_Pixel_ITR_15
2026-05-22 17:54:19,420 - INFO - Created test cycle AEA1415R1.260514.1_T90A3_75_ITR_Cycle_Pixel_ITR_16
2026-05-22 17:54:29,289 - INFO - Created test cycle AEA1415R1.260514.1_T90A3_75_ITR_Cycle_Pixel_ITR_17
2026-05-22 17:54:39,074 - INFO - Created test cycle AEA1415R1.260514.1_T90A3_75_ITR_Cycle_Pixel_ITR_18
2026-05-22 17:54:48,049 - INFO - Created test cycle AEA1415R1.260514.1_T90A3_75_ITR_Cycle_Pixel_ITR_19
2026-05-22 17:54:55,967 - INFO - Created test cycle AEA1415R1.260514.1_T90A3_75_ITR_Cycle_Pixel_ITR_20
2026-05-22 17:55:04,167 - INFO - Created test cycle AEA1415R1.260514.1_T90A3_75_ITR_Cycle_Pixel_ITR_21
2026-05-22 17:55:11,893 - INFO - Created test cycle AEA1415R1.260514.1_T90A3_75_ITR_Cycle_Pixel_ITR_22
2026-05-22 17:55:19,898 - INFO - Created test cycle AEA1415R1.260514.1_T90A3_75_ITR_Cycle_Pixel_ITR_23
2026-05-22 17:55:28,177 - INFO - Created test cycle AEA1415R1.260514.1_T90A3_75_ITR_Cycle_Pixel_ITR_24
2026-05-22 17:55:36,212 - INFO - Created test cycle AEA1415R1.260514.1_T90A3_75_ITR_Cycle_Pixel_ITR_25
2026-05-22 17:55:44,203 - INFO - Created test cycle AEA1415R1.260514.1_T90A3_75_ITR_Cycle_Pixel_ITR_26
2026-05-22 17:55:52,176 - INFO - Created test cycle AEA1415R1.260514.1_T90A3_75_ITR_Cycle_Pixel_ITR_27
2026-05-22 17:56:00,074 - INFO - Created test cycle AEA1415R1.260514.1_T90A3_75_ITR_Cycle_Pixel_ITR_28
2026-05-22 17:56:07,963 - INFO - Created test cycle AEA1415R1.260514.1_T90A3_75_ITR_Cycle_Pixel_ITR_29
2026-05-22 17:56:15,885 - INFO - Created test cycle AEA1415R1.260514.1_T90A3_75_ITR_Cycle_Pixel_ITR_30
2026-05-22 17:56:24,529 - INFO - Created test cycle AEA1415R1.260514.1_T90A3_75_ITR_Cycle_Pixel_ITR_31
2026-05-22 17:56:33,389 - INFO - Created test cycle AEA1415R1.260514.1_T90A3_75_ITR_Cycle_Pixel_ITR_32
2026-05-22 17:56:41,197 - INFO - Created test cycle AEA1415R1.260514.1_T90A3_75_ITR_Cycle_Pixel_ITR_33
2026-05-22 17:56:49,533 - INFO - Created test cycle AEA1415R1.260514.1_T90A3_75_ITR_Cycle_Pixel_ITR_34
2026-05-22 17:56:57,445 - INFO - Created test cycle AEA1415R1.260514.1_T90A3_75_ITR_Cycle_Pixel_ITR_35
2026-05-22 17:57:05,314 - INFO - Created test cycle AEA1415R1.260514.1_T90A3_75_ITR_Cycle_Pixel_ITR_36
2026-05-22 17:57:13,061 - INFO - Created test cycle AEA1415R1.260514.1_T90A3_75_ITR_Cycle_Pixel_ITR_37
2026-05-22 17:57:21,236 - INFO - Created test cycle AEA1415R1.260514.1_T90A3_75_ITR_Cycle_Pixel_ITR_38
2026-05-22 17:57:29,878 - INFO - Created test cycle AEA1415R1.260514.1_T90A3_75_ITR_Cycle_Pixel_ITR_39
2026-05-22 17:57:39,180 - INFO - Created test cycle AEA1415R1.260514.1_T90A3_75_ITR_Cycle_Pixel_ITR_40
2026-05-22 17:57:50,123 - INFO - Created test cycle AEA1415R1.260514.1_T90A3_75_ITR_Cycle_Pixel_ITR_41
2026-05-22 17:58:00,494 - INFO - Created test cycle AEA1415R1.260514.1_T90A3_75_ITR_Cycle_Pixel_ITR_42
2026-05-22 17:58:10,487 - INFO - Created test cycle AEA1415R1.260514.1_T90A3_75_ITR_Cycle_Pixel_ITR_43
2026-05-22 17:58:20,914 - INFO - Created test cycle AEA1415R1.260514.1_T90A3_75_ITR_Cycle_Pixel_ITR_44
2026-05-22 17:58:30,618 - INFO - Created test cycle AEA1415R1.260514.1_T90A3_75_ITR_Cycle_Pixel_ITR_45
2026-05-22 17:58:40,296 - INFO - Created test cycle AEA1415R1.260514.1_T90A3_75_ITR_Cycle_Pixel_ITR_46
2026-05-22 17:58:50,326 - INFO - Created test cycle AEA1415R1.260514.1_T90A3_75_ITR_Cycle_Pixel_ITR_47
2026-05-22 17:59:00,769 - INFO - Created test cycle AEA1415R1.260514.1_T90A3_75_ITR_Cycle_Pixel_ITR_48
2026-05-22 17:59:10,931 - INFO - Created test cycle AEA1415R1.260514.1_T90A3_75_ITR_Cycle_Pixel_ITR_49
2026-05-22 17:59:18,984 - INFO - Created test cycle AEA1415R1.260514.1_T90A3_75_ITR_Cycle_Pixel_ITR_50
2026-05-22 17:59:27,199 - INFO - Created test cycle AEA1415R1.260514.1_T90A3_75_ITR_Cycle_Pixel_ITR_51
2026-05-22 17:59:35,055 - INFO - Created test cycle AEA1415R1.260514.1_T90A3_75_ITR_Cycle_Pixel_ITR_52
2026-05-22 17:59:42,950 - INFO - Created test cycle AEA1415R1.260514.1_T90A3_75_ITR_Cycle_Pixel_ITR_53
2026-05-22 17:59:50,868 - INFO - Created test cycle AEA1415R1.260514.1_T90A3_75_ITR_Cycle_Pixel_ITR_54
2026-05-22 17:59:58,911 - INFO - Created test cycle AEA1415R1.260514.1_T90A3_75_ITR_Cycle_Pixel_ITR_55
2026-05-22 18:00:06,975 - INFO - Created test cycle AEA1415R1.260514.1_T90A3_75_ITR_Cycle_Pixel_ITR_56
2026-05-22 18:00:14,935 - INFO - Created test cycle AEA1415R1.260514.1_T90A3_75_ITR_Cycle_Pixel_ITR_57
2026-05-22 18:00:23,527 - INFO - Created test cycle AEA1415R1.260514.1_T90A3_75_ITR_Cycle_Pixel_ITR_58
2026-05-22 18:00:31,524 - INFO - Created test cycle AEA1415R1.260514.1_T90A3_75_ITR_Cycle_Pixel_ITR_59
2026-05-22 18:00:39,858 - INFO - Created test cycle AEA1415R1.260514.1_T90A3_75_ITR_Cycle_Pixel_ITR_60
2026-05-22 18:00:47,833 - INFO - Created test cycle AEA1415R1.260514.1_T90A3_75_ITR_Cycle_Pixel_ITR_61
2026-05-22 18:00:55,848 - INFO - Created test cycle AEA1415R1.260514.1_T90A3_75_ITR_Cycle_Pixel_ITR_62
2026-05-22 18:01:03,809 - INFO - Created test cycle AEA1415R1.260514.1_T90A3_75_ITR_Cycle_Pixel_ITR_63
2026-05-22 18:01:12,410 - INFO - Created test cycle AEA1415R1.260514.1_T90A3_75_ITR_Cycle_Pixel_ITR_64
2026-05-22 18:01:21,126 - INFO - Created test cycle AEA1415R1.260514.1_T90A3_75_ITR_Cycle_Pixel_ITR_65
2026-05-22 18:01:29,201 - INFO - Created test cycle AEA1415R1.260514.1_T90A3_75_ITR_Cycle_Pixel_ITR_66
2026-05-22 18:01:37,081 - INFO - Created test cycle AEA1415R1.260514.1_T90A3_75_ITR_Cycle_Pixel_ITR_67
2026-05-22 18:01:45,128 - INFO - Created test cycle AEA1415R1.260514.1_T90A3_75_ITR_Cycle_Pixel_ITR_68
2026-05-22 18:01:53,375 - INFO - Created test cycle AEA1415R1.260514.1_T90A3_75_ITR_Cycle_Pixel_ITR_69
2026-05-22 18:02:01,278 - INFO - Created test cycle AEA1415R1.260514.1_T90A3_75_ITR_Cycle_Pixel_ITR_70
2026-05-22 18:02:09,249 - INFO - Created test cycle AEA1415R1.260514.1_T90A3_75_ITR_Cycle_Pixel_ITR_71
2026-05-22 18:02:17,775 - INFO - Created test cycle AEA1415R1.260514.1_T90A3_75_ITR_Cycle_Pixel_ITR_72
2026-05-22 18:02:26,087 - INFO - Created test cycle AEA1415R1.260514.1_T90A3_75_ITR_Cycle_Pixel_ITR_73
2026-05-22 18:02:34,408 - INFO - Created test cycle AEA1415R1.260514.1_T90A3_75_ITR_Cycle_Pixel_ITR_74
2026-05-22 18:02:42,390 - INFO - Created test cycle AEA1415R1.260514.1_T90A3_75_ITR_Cycle_Pixel_ITR_75
2026-05-22 18:21:35,984 - INFO - Created test cycle AEA1415R1.260514.1_T90A3_75_ITR_Cycle_iPhone_ITR_01
2026-05-22 18:21:44,055 - INFO - Created test cycle AEA1415R1.260514.1_T90A3_75_ITR_Cycle_iPhone_ITR_02
2026-05-22 18:21:52,245 - INFO - Created test cycle AEA1415R1.260514.1_T90A3_75_ITR_Cycle_iPhone_ITR_03
2026-05-22 18:22:00,326 - INFO - Created test cycle AEA1415R1.260514.1_T90A3_75_ITR_Cycle_iPhone_ITR_04
2026-05-22 18:22:08,391 - INFO - Created test cycle AEA1415R1.260514.1_T90A3_75_ITR_Cycle_iPhone_ITR_05
2026-05-22 18:22:16,507 - INFO - Created test cycle AEA1415R1.260514.1_T90A3_75_ITR_Cycle_iPhone_ITR_06
2026-05-22 18:22:24,691 - INFO - Created test cycle AEA1415R1.260514.1_T90A3_75_ITR_Cycle_iPhone_ITR_07
2026-05-22 18:22:32,839 - INFO - Created test cycle AEA1415R1.260514.1_T90A3_75_ITR_Cycle_iPhone_ITR_08
2026-05-22 18:22:40,937 - INFO - Created test cycle AEA1415R1.260514.1_T90A3_75_ITR_Cycle_iPhone_ITR_09
2026-05-22 18:22:49,050 - INFO - Created test cycle AEA1415R1.260514.1_T90A3_75_ITR_Cycle_iPhone_ITR_10
2026-05-22 18:22:57,576 - INFO - Created test cycle AEA1415R1.260514.1_T90A3_75_ITR_Cycle_iPhone_ITR_11
2026-05-22 18:23:05,897 - INFO - Created test cycle AEA1415R1.260514.1_T90A3_75_ITR_Cycle_iPhone_ITR_12
2026-05-22 18:23:14,522 - INFO - Created test cycle AEA1415R1.260514.1_T90A3_75_ITR_Cycle_iPhone_ITR_13
2026-05-22 18:23:23,702 - INFO - Created test cycle AEA1415R1.260514.1_T90A3_75_ITR_Cycle_iPhone_ITR_14
2026-05-22 18:23:31,845 - INFO - Created test cycle AEA1415R1.260514.1_T90A3_75_ITR_Cycle_iPhone_ITR_15
2026-05-22 18:23:39,840 - INFO - Created test cycle AEA1415R1.260514.1_T90A3_75_ITR_Cycle_iPhone_ITR_16
2026-05-22 18:23:47,814 - INFO - Created test cycle AEA1415R1.260514.1_T90A3_75_ITR_Cycle_iPhone_ITR_17
2026-05-22 18:23:55,948 - INFO - Created test cycle AEA1415R1.260514.1_T90A3_75_ITR_Cycle_iPhone_ITR_18
2026-05-22 18:24:03,993 - INFO - Created test cycle AEA1415R1.260514.1_T90A3_75_ITR_Cycle_iPhone_ITR_19
2026-05-22 18:24:12,136 - INFO - Created test cycle AEA1415R1.260514.1_T90A3_75_ITR_Cycle_iPhone_ITR_20
2026-05-22 18:24:20,690 - INFO - Created test cycle AEA1415R1.260514.1_T90A3_75_ITR_Cycle_iPhone_ITR_21
2026-05-22 18:24:28,804 - INFO - Created test cycle AEA1415R1.260514.1_T90A3_75_ITR_Cycle_iPhone_ITR_22
2026-05-22 18:24:36,770 - INFO - Created test cycle AEA1415R1.260514.1_T90A3_75_ITR_Cycle_iPhone_ITR_23
2026-05-22 18:24:44,696 - INFO - Created test cycle AEA1415R1.260514.1_T90A3_75_ITR_Cycle_iPhone_ITR_24
2026-05-22 18:24:52,686 - INFO - Created test cycle AEA1415R1.260514.1_T90A3_75_ITR_Cycle_iPhone_ITR_25
2026-05-22 18:25:00,803 - INFO - Created test cycle AEA1415R1.260514.1_T90A3_75_ITR_Cycle_iPhone_ITR_26
2026-05-22 18:25:09,088 - INFO - Created test cycle AEA1415R1.260514.1_T90A3_75_ITR_Cycle_iPhone_ITR_27
2026-05-22 18:25:17,417 - INFO - Created test cycle AEA1415R1.260514.1_T90A3_75_ITR_Cycle_iPhone_ITR_28
2026-05-22 18:25:25,742 - INFO - Created test cycle AEA1415R1.260514.1_T90A3_75_ITR_Cycle_iPhone_ITR_29
2026-05-22 18:25:33,753 - INFO - Created test cycle AEA1415R1.260514.1_T90A3_75_ITR_Cycle_iPhone_ITR_30
2026-05-22 18:25:41,746 - INFO - Created test cycle AEA1415R1.260514.1_T90A3_75_ITR_Cycle_iPhone_ITR_31
2026-05-22 18:25:50,058 - INFO - Created test cycle AEA1415R1.260514.1_T90A3_75_ITR_Cycle_iPhone_ITR_32
2026-05-22 18:25:58,085 - INFO - Created test cycle AEA1415R1.260514.1_T90A3_75_ITR_Cycle_iPhone_ITR_33
2026-05-22 18:26:06,184 - INFO - Created test cycle AEA1415R1.260514.1_T90A3_75_ITR_Cycle_iPhone_ITR_34
2026-05-22 18:26:14,525 - INFO - Created test cycle AEA1415R1.260514.1_T90A3_75_ITR_Cycle_iPhone_ITR_35
2026-05-22 18:26:22,756 - INFO - Created test cycle AEA1415R1.260514.1_T90A3_75_ITR_Cycle_iPhone_ITR_36
2026-05-22 18:26:31,336 - INFO - Created test cycle AEA1415R1.260514.1_T90A3_75_ITR_Cycle_iPhone_ITR_37
2026-05-22 18:26:39,270 - INFO - Created test cycle AEA1415R1.260514.1_T90A3_75_ITR_Cycle_iPhone_ITR_38
2026-05-22 18:26:47,335 - INFO - Created test cycle AEA1415R1.260514.1_T90A3_75_ITR_Cycle_iPhone_ITR_39
2026-05-22 18:26:55,317 - INFO - Created test cycle AEA1415R1.260514.1_T90A3_75_ITR_Cycle_iPhone_ITR_40
2026-05-22 18:27:03,389 - INFO - Created test cycle AEA1415R1.260514.1_T90A3_75_ITR_Cycle_iPhone_ITR_41
2026-05-22 18:27:11,303 - INFO - Created test cycle AEA1415R1.260514.1_T90A3_75_ITR_Cycle_iPhone_ITR_42
2026-05-22 18:27:19,314 - INFO - Created test cycle AEA1415R1.260514.1_T90A3_75_ITR_Cycle_iPhone_ITR_43
2026-05-22 18:27:27,686 - INFO - Created test cycle AEA1415R1.260514.1_T90A3_75_ITR_Cycle_iPhone_ITR_44
2026-05-22 18:27:35,698 - INFO - Created test cycle AEA1415R1.260514.1_T90A3_75_ITR_Cycle_iPhone_ITR_45
2026-05-22 18:27:43,687 - INFO - Created test cycle AEA1415R1.260514.1_T90A3_75_ITR_Cycle_iPhone_ITR_46
2026-05-22 18:27:51,627 - INFO - Created test cycle AEA1415R1.260514.1_T90A3_75_ITR_Cycle_iPhone_ITR_47
2026-05-22 18:27:59,726 - INFO - Created test cycle AEA1415R1.260514.1_T90A3_75_ITR_Cycle_iPhone_ITR_48
2026-05-22 18:28:08,052 - INFO - Created test cycle AEA1415R1.260514.1_T90A3_75_ITR_Cycle_iPhone_ITR_49
2026-05-22 18:28:16,721 - INFO - Created test cycle AEA1415R1.260514.1_T90A3_75_ITR_Cycle_iPhone_ITR_50
2026-05-22 18:28:25,195 - INFO - Created test cycle AEA1415R1.260514.1_T90A3_75_ITR_Cycle_iPhone_ITR_51
2026-05-22 18:28:33,250 - INFO - Created test cycle AEA1415R1.260514.1_T90A3_75_ITR_Cycle_iPhone_ITR_52
2026-05-22 18:28:41,254 - INFO - Created test cycle AEA1415R1.260514.1_T90A3_75_ITR_Cycle_iPhone_ITR_53
2026-05-22 18:28:49,214 - INFO - Created test cycle AEA1415R1.260514.1_T90A3_75_ITR_Cycle_iPhone_ITR_54
2026-05-22 18:28:57,730 - INFO - Created test cycle AEA1415R1.260514.1_T90A3_75_ITR_Cycle_iPhone_ITR_55
2026-05-22 18:29:05,952 - INFO - Created test cycle AEA1415R1.260514.1_T90A3_75_ITR_Cycle_iPhone_ITR_56
2026-05-22 18:29:14,948 - INFO - Created test cycle AEA1415R1.260514.1_T90A3_75_ITR_Cycle_iPhone_ITR_57
2026-05-22 18:29:23,925 - INFO - Created test cycle AEA1415R1.260514.1_T90A3_75_ITR_Cycle_iPhone_ITR_58
2026-05-22 18:29:32,298 - INFO - Created test cycle AEA1415R1.260514.1_T90A3_75_ITR_Cycle_iPhone_ITR_59
2026-05-22 18:29:41,256 - INFO - Created test cycle AEA1415R1.260514.1_T90A3_75_ITR_Cycle_iPhone_ITR_60
2026-05-22 18:29:49,888 - INFO - Created test cycle AEA1415R1.260514.1_T90A3_75_ITR_Cycle_iPhone_ITR_61
2026-05-22 18:29:58,056 - INFO - Created test cycle AEA1415R1.260514.1_T90A3_75_ITR_Cycle_iPhone_ITR_62
2026-05-22 18:30:06,215 - INFO - Created test cycle AEA1415R1.260514.1_T90A3_75_ITR_Cycle_iPhone_ITR_63
2026-05-22 18:30:14,787 - INFO - Created test cycle AEA1415R1.260514.1_T90A3_75_ITR_Cycle_iPhone_ITR_64
2026-05-22 18:30:23,338 - INFO - Created test cycle AEA1415R1.260514.1_T90A3_75_ITR_Cycle_iPhone_ITR_65
2026-05-22 18:30:31,976 - INFO - Created test cycle AEA1415R1.260514.1_T90A3_75_ITR_Cycle_iPhone_ITR_66
2026-05-22 18:30:40,292 - INFO - Created test cycle AEA1415R1.260514.1_T90A3_75_ITR_Cycle_iPhone_ITR_67
2026-05-22 18:30:48,198 - INFO - Created test cycle AEA1415R1.260514.1_T90A3_75_ITR_Cycle_iPhone_ITR_68
2026-05-22 18:30:56,834 - INFO - Created test cycle AEA1415R1.260514.1_T90A3_75_ITR_Cycle_iPhone_ITR_69
2026-05-22 18:31:05,116 - INFO - Created test cycle AEA1415R1.260514.1_T90A3_75_ITR_Cycle_iPhone_ITR_70
2026-05-22 18:31:12,999 - INFO - Created test cycle AEA1415R1.260514.1_T90A3_75_ITR_Cycle_iPhone_ITR_71
2026-05-22 18:31:21,259 - INFO - Created test cycle AEA1415R1.260514.1_T90A3_75_ITR_Cycle_iPhone_ITR_72
2026-05-22 18:31:29,254 - INFO - Created test cycle AEA1415R1.260514.1_T90A3_75_ITR_Cycle_iPhone_ITR_73
2026-05-22 18:31:37,271 - INFO - Created test cycle AEA1415R1.260514.1_T90A3_75_ITR_Cycle_iPhone_ITR_74
2026-05-22 18:31:45,225 - INFO - Created test cycle AEA1415R1.260514.1_T90A3_75_ITR_Cycle_iPhone_ITR_75
2026-05-22 18:35:27,061 - INFO - Found 1 cycles matching AEA1415R1.260514.1_T90A3_75_ITR_Cycle_Samsung_ITR_01
2026-05-22 18:35:50,148 - INFO - Fetched details for cycle CNTKPIT-C1356
2026-05-22 18:35:50,752 - INFO - Updated result for CNTKPIT-T64 in cycle CNTKPIT-C1356
2026-05-22 18:41:51,051 - INFO - Found 75 cycles matching AEA1415R1.260514.1
2026-05-22 18:42:08,682 - INFO - Fetched details for cycle CNTKPIT-C1430
2026-05-22 18:42:09,250 - INFO - Updated result for CNTKPIT-T64 in cycle CNTKPIT-C1430
2026-05-22 18:42:09,550 - INFO - Fetched details for cycle CNTKPIT-C1429
2026-05-22 18:42:10,108 - INFO - Updated result for CNTKPIT-T64 in cycle CNTKPIT-C1429
2026-05-22 18:42:10,500 - INFO - Fetched details for cycle CNTKPIT-C1428
2026-05-22 18:42:11,181 - INFO - Updated result for CNTKPIT-T64 in cycle CNTKPIT-C1428
2026-05-22 18:42:11,471 - INFO - Fetched details for cycle CNTKPIT-C1427
2026-05-22 18:42:12,084 - INFO - Updated result for CNTKPIT-T64 in cycle CNTKPIT-C1427
2026-05-22 18:42:12,390 - INFO - Fetched details for cycle CNTKPIT-C1426
2026-05-22 18:42:12,953 - INFO - Updated result for CNTKPIT-T64 in cycle CNTKPIT-C1426
2026-05-22 18:42:13,309 - INFO - Fetched details for cycle CNTKPIT-C1425
2026-05-22 18:42:13,879 - INFO - Updated result for CNTKPIT-T64 in cycle CNTKPIT-C1425
2026-05-22 18:42:14,208 - INFO - Fetched details for cycle CNTKPIT-C1424
2026-05-22 18:42:15,021 - INFO - Updated result for CNTKPIT-T64 in cycle CNTKPIT-C1424
2026-05-22 18:42:15,339 - INFO - Fetched details for cycle CNTKPIT-C1423
2026-05-22 18:42:15,938 - INFO - Updated result for CNTKPIT-T64 in cycle CNTKPIT-C1423
2026-05-22 18:42:16,268 - INFO - Fetched details for cycle CNTKPIT-C1422
2026-05-22 18:42:16,941 - INFO - Updated result for CNTKPIT-T64 in cycle CNTKPIT-C1422
2026-05-22 18:42:17,243 - INFO - Fetched details for cycle CNTKPIT-C1421
2026-05-22 18:42:17,796 - INFO - Updated result for CNTKPIT-T64 in cycle CNTKPIT-C1421
2026-05-22 18:42:18,105 - INFO - Fetched details for cycle CNTKPIT-C1420
2026-05-22 18:42:18,671 - INFO - Updated result for CNTKPIT-T64 in cycle CNTKPIT-C1420
2026-05-22 18:42:19,059 - INFO - Fetched details for cycle CNTKPIT-C1419
2026-05-22 18:42:19,819 - INFO - Updated result for CNTKPIT-T64 in cycle CNTKPIT-C1419
2026-05-22 18:42:20,140 - INFO - Fetched details for cycle CNTKPIT-C1418
2026-05-22 18:42:21,389 - INFO - Updated result for CNTKPIT-T64 in cycle CNTKPIT-C1418
2026-05-22 18:42:21,697 - INFO - Fetched details for cycle CNTKPIT-C1417
2026-05-22 18:42:22,381 - INFO - Updated result for CNTKPIT-T64 in cycle CNTKPIT-C1417
2026-05-22 18:42:23,021 - INFO - Fetched details for cycle CNTKPIT-C1416
2026-05-22 18:42:23,581 - INFO - Updated result for CNTKPIT-T64 in cycle CNTKPIT-C1416
2026-05-22 18:42:23,878 - INFO - Fetched details for cycle CNTKPIT-C1415
2026-05-22 18:42:24,433 - INFO - Updated result for CNTKPIT-T64 in cycle CNTKPIT-C1415
2026-05-22 18:42:24,740 - INFO - Fetched details for cycle CNTKPIT-C1414
2026-05-22 18:42:25,294 - INFO - Updated result for CNTKPIT-T64 in cycle CNTKPIT-C1414
2026-05-22 18:42:25,602 - INFO - Fetched details for cycle CNTKPIT-C1413
2026-05-22 18:42:26,168 - INFO - Updated result for CNTKPIT-T64 in cycle CNTKPIT-C1413
2026-05-22 18:42:26,465 - INFO - Fetched details for cycle CNTKPIT-C1412
2026-05-22 18:42:27,064 - INFO - Updated result for CNTKPIT-T64 in cycle CNTKPIT-C1412
2026-05-22 18:42:27,499 - INFO - Fetched details for cycle CNTKPIT-C1411
2026-05-22 18:42:28,141 - INFO - Updated result for CNTKPIT-T64 in cycle CNTKPIT-C1411
2026-05-22 18:42:28,468 - INFO - Fetched details for cycle CNTKPIT-C1410
2026-05-22 18:42:29,101 - INFO - Updated result for CNTKPIT-T64 in cycle CNTKPIT-C1410
2026-05-22 18:42:29,399 - INFO - Fetched details for cycle CNTKPIT-C1409
2026-05-22 18:42:29,940 - INFO - Updated result for CNTKPIT-T64 in cycle CNTKPIT-C1409
2026-05-22 18:42:30,254 - INFO - Fetched details for cycle CNTKPIT-C1408
2026-05-22 18:42:30,801 - INFO - Updated result for CNTKPIT-T64 in cycle CNTKPIT-C1408
2026-05-22 18:42:31,093 - INFO - Fetched details for cycle CNTKPIT-C1407
2026-05-22 18:42:31,642 - INFO - Updated result for CNTKPIT-T64 in cycle CNTKPIT-C1407
2026-05-22 18:42:31,981 - INFO - Fetched details for cycle CNTKPIT-C1406
2026-05-22 18:42:32,576 - INFO - Updated result for CNTKPIT-T64 in cycle CNTKPIT-C1406
2026-05-22 18:42:32,877 - INFO - Fetched details for cycle CNTKPIT-C1405
2026-05-22 18:42:33,436 - INFO - Updated result for CNTKPIT-T64 in cycle CNTKPIT-C1405
2026-05-22 18:42:33,722 - INFO - Fetched details for cycle CNTKPIT-C1404
2026-05-22 18:42:34,290 - INFO - Updated result for CNTKPIT-T64 in cycle CNTKPIT-C1404
2026-05-22 18:42:34,626 - INFO - Fetched details for cycle CNTKPIT-C1403
2026-05-22 18:42:35,494 - INFO - Updated result for CNTKPIT-T64 in cycle CNTKPIT-C1403
2026-05-22 18:42:35,790 - INFO - Fetched details for cycle CNTKPIT-C1402
2026-05-22 18:42:36,373 - INFO - Updated result for CNTKPIT-T64 in cycle CNTKPIT-C1402
2026-05-22 18:42:36,667 - INFO - Fetched details for cycle CNTKPIT-C1401
2026-05-22 18:42:37,504 - INFO - Updated result for CNTKPIT-T64 in cycle CNTKPIT-C1401
2026-05-22 18:42:37,799 - INFO - Fetched details for cycle CNTKPIT-C1400
2026-05-22 18:42:38,374 - INFO - Updated result for CNTKPIT-T64 in cycle CNTKPIT-C1400
2026-05-22 18:42:38,670 - INFO - Fetched details for cycle CNTKPIT-C1399
2026-05-22 18:42:39,256 - INFO - Updated result for CNTKPIT-T64 in cycle CNTKPIT-C1399
2026-05-22 18:42:39,584 - INFO - Fetched details for cycle CNTKPIT-C1398
2026-05-22 18:42:40,147 - INFO - Updated result for CNTKPIT-T64 in cycle CNTKPIT-C1398
2026-05-22 18:42:40,926 - INFO - Fetched details for cycle CNTKPIT-C1397
2026-05-22 18:42:41,500 - INFO - Updated result for CNTKPIT-T64 in cycle CNTKPIT-C1397
2026-05-22 18:42:41,805 - INFO - Fetched details for cycle CNTKPIT-C1396
2026-05-22 18:42:42,400 - INFO - Updated result for CNTKPIT-T64 in cycle CNTKPIT-C1396
2026-05-22 18:42:42,710 - INFO - Fetched details for cycle CNTKPIT-C1395
2026-05-22 18:42:43,296 - INFO - Updated result for CNTKPIT-T64 in cycle CNTKPIT-C1395
2026-05-22 18:42:43,600 - INFO - Fetched details for cycle CNTKPIT-C1394
2026-05-22 18:42:44,462 - INFO - Updated result for CNTKPIT-T64 in cycle CNTKPIT-C1394
2026-05-22 18:42:44,775 - INFO - Fetched details for cycle CNTKPIT-C1393
2026-05-22 18:42:45,401 - INFO - Updated result for CNTKPIT-T64 in cycle CNTKPIT-C1393
2026-05-22 18:42:45,726 - INFO - Fetched details for cycle CNTKPIT-C1392
2026-05-22 18:42:46,384 - INFO - Updated result for CNTKPIT-T64 in cycle CNTKPIT-C1392
2026-05-22 18:42:46,706 - INFO - Fetched details for cycle CNTKPIT-C1391
2026-05-22 18:42:47,341 - INFO - Updated result for CNTKPIT-T64 in cycle CNTKPIT-C1391
2026-05-22 18:42:47,657 - INFO - Fetched details for cycle CNTKPIT-C1390
2026-05-22 18:42:48,230 - INFO - Updated result for CNTKPIT-T64 in cycle CNTKPIT-C1390
2026-05-22 18:42:48,566 - INFO - Fetched details for cycle CNTKPIT-C1389
2026-05-22 18:42:49,152 - INFO - Updated result for CNTKPIT-T64 in cycle CNTKPIT-C1389
2026-05-22 18:42:49,488 - INFO - Fetched details for cycle CNTKPIT-C1388
2026-05-22 18:42:50,096 - INFO - Updated result for CNTKPIT-T64 in cycle CNTKPIT-C1388
2026-05-22 18:42:50,496 - INFO - Fetched details for cycle CNTKPIT-C1387
2026-05-22 18:42:51,083 - INFO - Updated result for CNTKPIT-T64 in cycle CNTKPIT-C1387
2026-05-22 18:42:51,385 - INFO - Fetched details for cycle CNTKPIT-C1386
2026-05-22 18:42:51,951 - INFO - Updated result for CNTKPIT-T64 in cycle CNTKPIT-C1386
2026-05-22 18:42:52,241 - INFO - Fetched details for cycle CNTKPIT-C1385
2026-05-22 18:42:52,824 - INFO - Updated result for CNTKPIT-T64 in cycle CNTKPIT-C1385
2026-05-22 18:42:53,118 - INFO - Fetched details for cycle CNTKPIT-C1384
2026-05-22 18:42:53,704 - INFO - Updated result for CNTKPIT-T64 in cycle CNTKPIT-C1384
2026-05-22 18:42:53,995 - INFO - Fetched details for cycle CNTKPIT-C1383
2026-05-22 18:42:54,702 - INFO - Updated result for CNTKPIT-T64 in cycle CNTKPIT-C1383
2026-05-22 18:42:55,340 - INFO - Fetched details for cycle CNTKPIT-C1382
2026-05-22 18:42:55,912 - INFO - Updated result for CNTKPIT-T64 in cycle CNTKPIT-C1382
2026-05-22 18:42:56,226 - INFO - Fetched details for cycle CNTKPIT-C1381
2026-05-22 18:42:56,798 - INFO - Updated result for CNTKPIT-T64 in cycle CNTKPIT-C1381
2026-05-22 18:42:57,098 - INFO - Fetched details for cycle CNTKPIT-C1380
2026-05-22 18:42:57,677 - INFO - Updated result for CNTKPIT-T64 in cycle CNTKPIT-C1380
2026-05-22 18:42:57,967 - INFO - Fetched details for cycle CNTKPIT-C1379
2026-05-22 18:42:58,546 - INFO - Updated result for CNTKPIT-T64 in cycle CNTKPIT-C1379
2026-05-22 18:42:58,845 - INFO - Fetched details for cycle CNTKPIT-C1378
2026-05-22 18:42:59,429 - INFO - Updated result for CNTKPIT-T64 in cycle CNTKPIT-C1378
2026-05-22 18:42:59,736 - INFO - Fetched details for cycle CNTKPIT-C1377
2026-05-22 18:43:00,362 - INFO - Updated result for CNTKPIT-T64 in cycle CNTKPIT-C1377
2026-05-22 18:43:00,672 - INFO - Fetched details for cycle CNTKPIT-C1376
2026-05-22 18:43:01,242 - INFO - Updated result for CNTKPIT-T64 in cycle CNTKPIT-C1376
2026-05-22 18:43:01,558 - INFO - Fetched details for cycle CNTKPIT-C1375
2026-05-22 18:43:02,133 - INFO - Updated result for CNTKPIT-T64 in cycle CNTKPIT-C1375
2026-05-22 18:43:02,435 - INFO - Fetched details for cycle CNTKPIT-C1374
2026-05-22 18:43:02,992 - INFO - Updated result for CNTKPIT-T64 in cycle CNTKPIT-C1374
2026-05-22 18:43:03,302 - INFO - Fetched details for cycle CNTKPIT-C1373
2026-05-22 18:43:03,883 - INFO - Updated result for CNTKPIT-T64 in cycle CNTKPIT-C1373
2026-05-22 18:43:04,174 - INFO - Fetched details for cycle CNTKPIT-C1372
2026-05-22 18:43:04,773 - INFO - Updated result for CNTKPIT-T64 in cycle CNTKPIT-C1372
2026-05-22 18:43:05,117 - INFO - Fetched details for cycle CNTKPIT-C1371
2026-05-22 18:43:05,723 - INFO - Updated result for CNTKPIT-T64 in cycle CNTKPIT-C1371
2026-05-22 18:43:06,067 - INFO - Fetched details for cycle CNTKPIT-C1370
2026-05-22 18:43:06,637 - INFO - Updated result for CNTKPIT-T64 in cycle CNTKPIT-C1370
2026-05-22 18:43:06,982 - INFO - Fetched details for cycle CNTKPIT-C1369
2026-05-22 18:43:07,628 - INFO - Updated result for CNTKPIT-T64 in cycle CNTKPIT-C1369
2026-05-22 18:43:07,932 - INFO - Fetched details for cycle CNTKPIT-C1368
2026-05-22 18:43:08,480 - INFO - Updated result for CNTKPIT-T64 in cycle CNTKPIT-C1368
2026-05-22 18:43:08,847 - INFO - Fetched details for cycle CNTKPIT-C1367
2026-05-22 18:43:09,427 - INFO - Updated result for CNTKPIT-T64 in cycle CNTKPIT-C1367
2026-05-22 18:43:09,713 - INFO - Fetched details for cycle CNTKPIT-C1366
2026-05-22 18:43:10,300 - INFO - Updated result for CNTKPIT-T64 in cycle CNTKPIT-C1366
2026-05-22 18:43:10,606 - INFO - Fetched details for cycle CNTKPIT-C1365
2026-05-22 18:43:11,350 - INFO - Updated result for CNTKPIT-T64 in cycle CNTKPIT-C1365
2026-05-22 18:43:11,811 - INFO - Fetched details for cycle CNTKPIT-C1364
2026-05-22 18:43:12,422 - INFO - Updated result for CNTKPIT-T64 in cycle CNTKPIT-C1364
2026-05-22 18:43:12,731 - INFO - Fetched details for cycle CNTKPIT-C1363
2026-05-22 18:43:13,295 - INFO - Updated result for CNTKPIT-T64 in cycle CNTKPIT-C1363
2026-05-22 18:43:13,593 - INFO - Fetched details for cycle CNTKPIT-C1362
2026-05-22 18:43:14,160 - INFO - Updated result for CNTKPIT-T64 in cycle CNTKPIT-C1362
2026-05-22 18:43:14,480 - INFO - Fetched details for cycle CNTKPIT-C1361
2026-05-22 18:43:15,108 - INFO - Updated result for CNTKPIT-T64 in cycle CNTKPIT-C1361
2026-05-22 18:43:15,405 - INFO - Fetched details for cycle CNTKPIT-C1360
2026-05-22 18:43:15,985 - INFO - Updated result for CNTKPIT-T64 in cycle CNTKPIT-C1360
2026-05-22 18:43:16,320 - INFO - Fetched details for cycle CNTKPIT-C1359
2026-05-22 18:43:16,912 - INFO - Updated result for CNTKPIT-T64 in cycle CNTKPIT-C1359
2026-05-22 18:43:17,240 - INFO - Fetched details for cycle CNTKPIT-C1358
2026-05-22 18:43:17,803 - INFO - Updated result for CNTKPIT-T64 in cycle CNTKPIT-C1358
2026-05-22 18:43:18,092 - INFO - Fetched details for cycle CNTKPIT-C1357
2026-05-22 18:43:18,675 - INFO - Updated result for CNTKPIT-T64 in cycle CNTKPIT-C1357
2026-05-22 18:43:19,004 - INFO - Fetched details for cycle CNTKPIT-C1356
2026-05-22 18:43:19,495 - INFO - Updated result for CNTKPIT-T64 in cycle CNTKPIT-C1356
2026-05-22 21:32:25,430 - INFO - Found 75 cycles matching AEA1415R1.260514.1
2026-05-22 21:32:51,675 - INFO - Found 75 cycles matching AEA1415R1.260514.1
2026-05-22 21:33:13,728 - INFO - Found 1 cycles matching AEA1415R1.260514.1_T90A3_75_ITR_Cycle_Samsung_ITR_01
2026-05-22 21:33:22,059 - INFO - Fetched details for cycle CNTKPIT-C1356
2026-05-22 21:33:22,692 - INFO - Updated result for CNTKPIT-T49 in cycle CNTKPIT-C1356
2026-05-22 21:33:23,340 - INFO - Updated result for CNTKPIT-T80 in cycle CNTKPIT-C1356
2026-05-22 21:33:23,976 - INFO - Updated result for CNTKPIT-T51 in cycle CNTKPIT-C1356
2026-05-22 21:33:24,521 - INFO - Updated result for CNTKPIT-T66 in cycle CNTKPIT-C1356
2026-05-22 21:35:07,722 - INFO - Found 75 cycles matching AEA1415R1.260514.1
2026-05-22 21:35:12,068 - INFO - Fetched details for cycle CNTKPIT-C1430
2026-05-22 21:35:12,649 - INFO - Updated result for CNTKPIT-T49 in cycle CNTKPIT-C1430
2026-05-22 21:35:13,262 - INFO - Updated result for CNTKPIT-T80 in cycle CNTKPIT-C1430
2026-05-22 21:35:13,915 - INFO - Updated result for CNTKPIT-T51 in cycle CNTKPIT-C1430
2026-05-22 21:35:14,371 - INFO - Updated result for CNTKPIT-T66 in cycle CNTKPIT-C1430
2026-05-22 21:35:14,638 - INFO - Fetched details for cycle CNTKPIT-C1429
2026-05-22 21:35:15,236 - INFO - Updated result for CNTKPIT-T49 in cycle CNTKPIT-C1429
2026-05-22 21:35:15,832 - INFO - Updated result for CNTKPIT-T80 in cycle CNTKPIT-C1429
2026-05-22 21:35:16,497 - INFO - Updated result for CNTKPIT-T51 in cycle CNTKPIT-C1429
2026-05-22 21:35:16,966 - INFO - Updated result for CNTKPIT-T66 in cycle CNTKPIT-C1429
2026-05-22 21:35:17,259 - INFO - Fetched details for cycle CNTKPIT-C1428
2026-05-22 21:35:17,893 - INFO - Updated result for CNTKPIT-T49 in cycle CNTKPIT-C1428
2026-05-22 21:35:18,515 - INFO - Updated result for CNTKPIT-T80 in cycle CNTKPIT-C1428
2026-05-22 21:35:19,189 - INFO - Updated result for CNTKPIT-T51 in cycle CNTKPIT-C1428
2026-05-22 21:35:19,657 - INFO - Updated result for CNTKPIT-T66 in cycle CNTKPIT-C1428
2026-05-22 21:35:19,938 - INFO - Fetched details for cycle CNTKPIT-C1427
2026-05-22 21:35:20,518 - INFO - Updated result for CNTKPIT-T49 in cycle CNTKPIT-C1427
2026-05-22 21:35:21,109 - INFO - Updated result for CNTKPIT-T80 in cycle CNTKPIT-C1427
2026-05-22 21:35:21,738 - INFO - Updated result for CNTKPIT-T51 in cycle CNTKPIT-C1427
2026-05-22 21:35:22,239 - INFO - Updated result for CNTKPIT-T66 in cycle CNTKPIT-C1427
2026-05-22 21:35:22,515 - INFO - Fetched details for cycle CNTKPIT-C1426
2026-05-22 21:35:23,093 - INFO - Updated result for CNTKPIT-T49 in cycle CNTKPIT-C1426
2026-05-22 21:35:23,709 - INFO - Updated result for CNTKPIT-T80 in cycle CNTKPIT-C1426
2026-05-22 21:35:24,307 - INFO - Updated result for CNTKPIT-T51 in cycle CNTKPIT-C1426
2026-05-22 21:35:24,782 - INFO - Updated result for CNTKPIT-T66 in cycle CNTKPIT-C1426
2026-05-22 21:35:25,048 - INFO - Fetched details for cycle CNTKPIT-C1425
2026-05-22 21:35:25,629 - INFO - Updated result for CNTKPIT-T49 in cycle CNTKPIT-C1425
2026-05-22 21:35:26,236 - INFO - Updated result for CNTKPIT-T80 in cycle CNTKPIT-C1425
2026-05-22 21:35:26,838 - INFO - Updated result for CNTKPIT-T51 in cycle CNTKPIT-C1425
2026-05-22 21:35:27,357 - INFO - Updated result for CNTKPIT-T66 in cycle CNTKPIT-C1425
2026-05-22 21:35:27,632 - INFO - Fetched details for cycle CNTKPIT-C1424
2026-05-22 21:35:28,191 - INFO - Updated result for CNTKPIT-T49 in cycle CNTKPIT-C1424
2026-05-22 21:35:28,788 - INFO - Updated result for CNTKPIT-T80 in cycle CNTKPIT-C1424
2026-05-22 21:35:29,391 - INFO - Updated result for CNTKPIT-T51 in cycle CNTKPIT-C1424
2026-05-22 21:35:29,845 - INFO - Updated result for CNTKPIT-T66 in cycle CNTKPIT-C1424
2026-05-22 21:35:30,132 - INFO - Fetched details for cycle CNTKPIT-C1423
2026-05-22 21:35:30,742 - INFO - Updated result for CNTKPIT-T49 in cycle CNTKPIT-C1423
2026-05-22 21:35:31,343 - INFO - Updated result for CNTKPIT-T80 in cycle CNTKPIT-C1423
2026-05-22 21:35:31,943 - INFO - Updated result for CNTKPIT-T51 in cycle CNTKPIT-C1423
2026-05-22 21:35:32,394 - INFO - Updated result for CNTKPIT-T66 in cycle CNTKPIT-C1423
2026-05-22 21:35:32,663 - INFO - Fetched details for cycle CNTKPIT-C1422
2026-05-22 21:35:33,224 - INFO - Updated result for CNTKPIT-T49 in cycle CNTKPIT-C1422
2026-05-22 21:35:33,810 - INFO - Updated result for CNTKPIT-T80 in cycle CNTKPIT-C1422
2026-05-22 21:35:34,402 - INFO - Updated result for CNTKPIT-T51 in cycle CNTKPIT-C1422
2026-05-22 21:35:34,874 - INFO - Updated result for CNTKPIT-T66 in cycle CNTKPIT-C1422
2026-05-22 21:35:35,293 - INFO - Fetched details for cycle CNTKPIT-C1421
2026-05-22 21:35:35,977 - INFO - Updated result for CNTKPIT-T49 in cycle CNTKPIT-C1421
2026-05-22 21:35:36,652 - INFO - Updated result for CNTKPIT-T80 in cycle CNTKPIT-C1421
2026-05-22 21:35:37,244 - INFO - Updated result for CNTKPIT-T51 in cycle CNTKPIT-C1421
2026-05-22 21:35:37,697 - INFO - Updated result for CNTKPIT-T66 in cycle CNTKPIT-C1421
2026-05-22 21:35:37,962 - INFO - Fetched details for cycle CNTKPIT-C1420
2026-05-22 21:35:38,588 - INFO - Updated result for CNTKPIT-T49 in cycle CNTKPIT-C1420
2026-05-22 21:35:39,186 - INFO - Updated result for CNTKPIT-T80 in cycle CNTKPIT-C1420
2026-05-22 21:35:39,780 - INFO - Updated result for CNTKPIT-T51 in cycle CNTKPIT-C1420
2026-05-22 21:35:40,227 - INFO - Updated result for CNTKPIT-T66 in cycle CNTKPIT-C1420
2026-05-22 21:35:40,764 - INFO - Fetched details for cycle CNTKPIT-C1419
2026-05-22 21:35:41,344 - INFO - Updated result for CNTKPIT-T49 in cycle CNTKPIT-C1419
2026-05-22 21:35:41,942 - INFO - Updated result for CNTKPIT-T80 in cycle CNTKPIT-C1419
2026-05-22 21:35:42,585 - INFO - Updated result for CNTKPIT-T51 in cycle CNTKPIT-C1419
2026-05-22 21:35:43,034 - INFO - Updated result for CNTKPIT-T66 in cycle CNTKPIT-C1419
2026-05-22 21:35:43,326 - INFO - Fetched details for cycle CNTKPIT-C1418
2026-05-22 21:35:43,901 - INFO - Updated result for CNTKPIT-T49 in cycle CNTKPIT-C1418
2026-05-22 21:35:44,497 - INFO - Updated result for CNTKPIT-T80 in cycle CNTKPIT-C1418
2026-05-22 21:35:45,090 - INFO - Updated result for CNTKPIT-T51 in cycle CNTKPIT-C1418
2026-05-22 21:35:45,551 - INFO - Updated result for CNTKPIT-T66 in cycle CNTKPIT-C1418
2026-05-22 21:35:45,821 - INFO - Fetched details for cycle CNTKPIT-C1417
2026-05-22 21:35:46,413 - INFO - Updated result for CNTKPIT-T49 in cycle CNTKPIT-C1417
2026-05-22 21:35:47,121 - INFO - Updated result for CNTKPIT-T80 in cycle CNTKPIT-C1417
2026-05-22 21:35:47,781 - INFO - Updated result for CNTKPIT-T51 in cycle CNTKPIT-C1417
2026-05-22 21:35:48,358 - INFO - Updated result for CNTKPIT-T66 in cycle CNTKPIT-C1417
2026-05-22 21:35:48,674 - INFO - Fetched details for cycle CNTKPIT-C1416
2026-05-22 21:35:49,386 - INFO - Updated result for CNTKPIT-T49 in cycle CNTKPIT-C1416
2026-05-22 21:35:50,285 - INFO - Updated result for CNTKPIT-T80 in cycle CNTKPIT-C1416
2026-05-22 21:35:50,948 - INFO - Updated result for CNTKPIT-T51 in cycle CNTKPIT-C1416
2026-05-22 21:35:51,398 - INFO - Updated result for CNTKPIT-T66 in cycle CNTKPIT-C1416
2026-05-22 21:35:51,713 - INFO - Fetched details for cycle CNTKPIT-C1415
2026-05-22 21:35:52,328 - INFO - Updated result for CNTKPIT-T49 in cycle CNTKPIT-C1415
2026-05-22 21:35:52,945 - INFO - Updated result for CNTKPIT-T80 in cycle CNTKPIT-C1415
2026-05-22 21:35:53,550 - INFO - Updated result for CNTKPIT-T51 in cycle CNTKPIT-C1415
2026-05-22 21:35:53,997 - INFO - Updated result for CNTKPIT-T66 in cycle CNTKPIT-C1415
2026-05-22 21:35:54,291 - INFO - Fetched details for cycle CNTKPIT-C1414
2026-05-22 21:35:54,898 - INFO - Updated result for CNTKPIT-T49 in cycle CNTKPIT-C1414
2026-05-22 21:35:56,025 - INFO - Updated result for CNTKPIT-T80 in cycle CNTKPIT-C1414
2026-05-22 21:35:56,643 - INFO - Updated result for CNTKPIT-T51 in cycle CNTKPIT-C1414
2026-05-22 21:35:57,104 - INFO - Updated result for CNTKPIT-T66 in cycle CNTKPIT-C1414
2026-05-22 21:35:57,378 - INFO - Fetched details for cycle CNTKPIT-C1413
2026-05-22 21:35:57,960 - INFO - Updated result for CNTKPIT-T49 in cycle CNTKPIT-C1413
2026-05-22 21:35:58,606 - INFO - Updated result for CNTKPIT-T80 in cycle CNTKPIT-C1413
2026-05-22 21:35:59,206 - INFO - Updated result for CNTKPIT-T51 in cycle CNTKPIT-C1413
2026-05-22 21:35:59,652 - INFO - Updated result for CNTKPIT-T66 in cycle CNTKPIT-C1413
2026-05-22 21:35:59,935 - INFO - Fetched details for cycle CNTKPIT-C1412
2026-05-22 21:36:00,594 - INFO - Updated result for CNTKPIT-T49 in cycle CNTKPIT-C1412
2026-05-22 21:36:01,278 - INFO - Updated result for CNTKPIT-T80 in cycle CNTKPIT-C1412
2026-05-22 21:36:01,949 - INFO - Updated result for CNTKPIT-T51 in cycle CNTKPIT-C1412
2026-05-22 21:36:02,508 - INFO - Updated result for CNTKPIT-T66 in cycle CNTKPIT-C1412
2026-05-22 21:36:02,809 - INFO - Fetched details for cycle CNTKPIT-C1411
2026-05-22 21:36:03,380 - INFO - Updated result for CNTKPIT-T49 in cycle CNTKPIT-C1411
2026-05-22 21:36:03,987 - INFO - Updated result for CNTKPIT-T80 in cycle CNTKPIT-C1411
2026-05-22 21:36:04,638 - INFO - Updated result for CNTKPIT-T51 in cycle CNTKPIT-C1411
2026-05-22 21:36:05,316 - INFO - Updated result for CNTKPIT-T66 in cycle CNTKPIT-C1411
2026-05-22 21:36:05,669 - INFO - Fetched details for cycle CNTKPIT-C1410
2026-05-22 21:36:06,871 - INFO - Updated result for CNTKPIT-T49 in cycle CNTKPIT-C1410
2026-05-22 21:36:07,684 - INFO - Updated result for CNTKPIT-T80 in cycle CNTKPIT-C1410
2026-05-22 21:36:08,752 - INFO - Updated result for CNTKPIT-T51 in cycle CNTKPIT-C1410
2026-05-22 21:36:09,355 - INFO - Updated result for CNTKPIT-T66 in cycle CNTKPIT-C1410
2026-05-22 21:36:09,706 - INFO - Fetched details for cycle CNTKPIT-C1409
2026-05-22 21:36:10,576 - INFO - Updated result for CNTKPIT-T49 in cycle CNTKPIT-C1409
2026-05-22 21:36:11,447 - INFO - Updated result for CNTKPIT-T80 in cycle CNTKPIT-C1409
2026-05-22 21:36:12,185 - INFO - Updated result for CNTKPIT-T51 in cycle CNTKPIT-C1409
2026-05-22 21:36:12,645 - INFO - Updated result for CNTKPIT-T66 in cycle CNTKPIT-C1409
2026-05-22 21:36:13,060 - INFO - Fetched details for cycle CNTKPIT-C1408
2026-05-22 21:36:13,697 - INFO - Updated result for CNTKPIT-T49 in cycle CNTKPIT-C1408
2026-05-22 21:36:14,321 - INFO - Updated result for CNTKPIT-T80 in cycle CNTKPIT-C1408
2026-05-22 21:36:14,981 - INFO - Updated result for CNTKPIT-T51 in cycle CNTKPIT-C1408
2026-05-22 21:36:15,552 - INFO - Updated result for CNTKPIT-T66 in cycle CNTKPIT-C1408
2026-05-22 21:36:15,837 - INFO - Fetched details for cycle CNTKPIT-C1407
2026-05-22 21:36:16,512 - INFO - Updated result for CNTKPIT-T49 in cycle CNTKPIT-C1407
2026-05-22 21:36:17,105 - INFO - Updated result for CNTKPIT-T80 in cycle CNTKPIT-C1407
2026-05-22 21:36:17,723 - INFO - Updated result for CNTKPIT-T51 in cycle CNTKPIT-C1407
2026-05-22 21:36:18,186 - INFO - Updated result for CNTKPIT-T66 in cycle CNTKPIT-C1407
2026-05-22 21:36:18,495 - INFO - Fetched details for cycle CNTKPIT-C1406
2026-05-22 21:36:19,100 - INFO - Updated result for CNTKPIT-T49 in cycle CNTKPIT-C1406
2026-05-22 21:36:19,714 - INFO - Updated result for CNTKPIT-T80 in cycle CNTKPIT-C1406
2026-05-22 21:36:20,319 - INFO - Updated result for CNTKPIT-T51 in cycle CNTKPIT-C1406
2026-05-22 21:36:20,785 - INFO - Updated result for CNTKPIT-T66 in cycle CNTKPIT-C1406
2026-05-22 21:36:21,061 - INFO - Fetched details for cycle CNTKPIT-C1405
2026-05-22 21:36:21,649 - INFO - Updated result for CNTKPIT-T49 in cycle CNTKPIT-C1405
2026-05-22 21:36:22,283 - INFO - Updated result for CNTKPIT-T80 in cycle CNTKPIT-C1405
2026-05-22 21:36:22,999 - INFO - Updated result for CNTKPIT-T51 in cycle CNTKPIT-C1405
2026-05-22 21:36:23,496 - INFO - Updated result for CNTKPIT-T66 in cycle CNTKPIT-C1405
2026-05-22 21:36:23,784 - INFO - Fetched details for cycle CNTKPIT-C1404
2026-05-22 21:36:24,491 - INFO - Updated result for CNTKPIT-T49 in cycle CNTKPIT-C1404
2026-05-22 21:36:25,134 - INFO - Updated result for CNTKPIT-T80 in cycle CNTKPIT-C1404
2026-05-22 21:36:25,772 - INFO - Updated result for CNTKPIT-T51 in cycle CNTKPIT-C1404
2026-05-22 21:36:26,232 - INFO - Updated result for CNTKPIT-T66 in cycle CNTKPIT-C1404
2026-05-22 21:36:26,704 - INFO - Fetched details for cycle CNTKPIT-C1403
2026-05-22 21:36:27,266 - INFO - Updated result for CNTKPIT-T49 in cycle CNTKPIT-C1403
2026-05-22 21:36:27,872 - INFO - Updated result for CNTKPIT-T80 in cycle CNTKPIT-C1403
2026-05-22 21:36:28,497 - INFO - Updated result for CNTKPIT-T51 in cycle CNTKPIT-C1403
2026-05-22 21:36:28,964 - INFO - Updated result for CNTKPIT-T66 in cycle CNTKPIT-C1403
2026-05-22 21:36:29,238 - INFO - Fetched details for cycle CNTKPIT-C1402
2026-05-22 21:36:29,809 - INFO - Updated result for CNTKPIT-T49 in cycle CNTKPIT-C1402
2026-05-22 21:36:30,410 - INFO - Updated result for CNTKPIT-T80 in cycle CNTKPIT-C1402
2026-05-22 21:36:30,998 - INFO - Updated result for CNTKPIT-T51 in cycle CNTKPIT-C1402
2026-05-22 21:36:31,494 - INFO - Updated result for CNTKPIT-T66 in cycle CNTKPIT-C1402
2026-05-22 21:36:31,800 - INFO - Fetched details for cycle CNTKPIT-C1401
2026-05-22 21:36:32,375 - INFO - Updated result for CNTKPIT-T49 in cycle CNTKPIT-C1401
2026-05-22 21:36:32,971 - INFO - Updated result for CNTKPIT-T80 in cycle CNTKPIT-C1401
2026-05-22 21:36:33,615 - INFO - Updated result for CNTKPIT-T51 in cycle CNTKPIT-C1401
2026-05-22 21:36:34,081 - INFO - Updated result for CNTKPIT-T66 in cycle CNTKPIT-C1401
2026-05-22 21:36:34,363 - INFO - Fetched details for cycle CNTKPIT-C1400
2026-05-22 21:36:34,943 - INFO - Updated result for CNTKPIT-T49 in cycle CNTKPIT-C1400
2026-05-22 21:36:35,548 - INFO - Updated result for CNTKPIT-T80 in cycle CNTKPIT-C1400
2026-05-22 21:36:36,184 - INFO - Updated result for CNTKPIT-T51 in cycle CNTKPIT-C1400
2026-05-22 21:36:36,639 - INFO - Updated result for CNTKPIT-T66 in cycle CNTKPIT-C1400
2026-05-22 21:36:36,904 - INFO - Fetched details for cycle CNTKPIT-C1399
2026-05-22 21:36:37,816 - INFO - Updated result for CNTKPIT-T49 in cycle CNTKPIT-C1399
2026-05-22 21:36:38,412 - INFO - Updated result for CNTKPIT-T80 in cycle CNTKPIT-C1399
2026-05-22 21:36:39,041 - INFO - Updated result for CNTKPIT-T51 in cycle CNTKPIT-C1399
2026-05-22 21:36:39,493 - INFO - Updated result for CNTKPIT-T66 in cycle CNTKPIT-C1399
2026-05-22 21:36:39,756 - INFO - Fetched details for cycle CNTKPIT-C1398
2026-05-22 21:36:40,328 - INFO - Updated result for CNTKPIT-T49 in cycle CNTKPIT-C1398
2026-05-22 21:36:40,991 - INFO - Updated result for CNTKPIT-T80 in cycle CNTKPIT-C1398
2026-05-22 21:36:41,609 - INFO - Updated result for CNTKPIT-T51 in cycle CNTKPIT-C1398
2026-05-22 21:36:42,054 - INFO - Updated result for CNTKPIT-T66 in cycle CNTKPIT-C1398
2026-05-22 21:36:42,332 - INFO - Fetched details for cycle CNTKPIT-C1397
2026-05-22 21:36:42,929 - INFO - Updated result for CNTKPIT-T49 in cycle CNTKPIT-C1397
2026-05-22 21:36:43,516 - INFO - Updated result for CNTKPIT-T80 in cycle CNTKPIT-C1397
2026-05-22 21:36:44,187 - INFO - Updated result for CNTKPIT-T51 in cycle CNTKPIT-C1397
2026-05-22 21:36:44,648 - INFO - Updated result for CNTKPIT-T66 in cycle CNTKPIT-C1397
2026-05-22 21:36:44,918 - INFO - Fetched details for cycle CNTKPIT-C1396
2026-05-22 21:36:45,537 - INFO - Updated result for CNTKPIT-T49 in cycle CNTKPIT-C1396
2026-05-22 21:36:46,215 - INFO - Updated result for CNTKPIT-T80 in cycle CNTKPIT-C1396
2026-05-22 21:36:46,855 - INFO - Updated result for CNTKPIT-T51 in cycle CNTKPIT-C1396
2026-05-22 21:36:47,313 - INFO - Updated result for CNTKPIT-T66 in cycle CNTKPIT-C1396
2026-05-22 21:36:47,617 - INFO - Fetched details for cycle CNTKPIT-C1395
2026-05-22 21:36:48,196 - INFO - Updated result for CNTKPIT-T49 in cycle CNTKPIT-C1395
2026-05-22 21:36:48,797 - INFO - Updated result for CNTKPIT-T80 in cycle CNTKPIT-C1395
2026-05-22 21:36:49,527 - INFO - Updated result for CNTKPIT-T51 in cycle CNTKPIT-C1395
2026-05-22 21:36:49,987 - INFO - Updated result for CNTKPIT-T66 in cycle CNTKPIT-C1395
2026-05-22 21:36:50,267 - INFO - Fetched details for cycle CNTKPIT-C1394
2026-05-22 21:36:50,906 - INFO - Updated result for CNTKPIT-T49 in cycle CNTKPIT-C1394
2026-05-22 21:36:51,509 - INFO - Updated result for CNTKPIT-T80 in cycle CNTKPIT-C1394
2026-05-22 21:36:52,187 - INFO - Updated result for CNTKPIT-T51 in cycle CNTKPIT-C1394
2026-05-22 21:36:52,641 - INFO - Updated result for CNTKPIT-T66 in cycle CNTKPIT-C1394
2026-05-22 21:36:52,916 - INFO - Fetched details for cycle CNTKPIT-C1393
2026-05-22 21:36:53,497 - INFO - Updated result for CNTKPIT-T49 in cycle CNTKPIT-C1393
2026-05-22 21:36:54,102 - INFO - Updated result for CNTKPIT-T80 in cycle CNTKPIT-C1393
2026-05-22 21:36:54,697 - INFO - Updated result for CNTKPIT-T51 in cycle CNTKPIT-C1393
2026-05-22 21:36:55,187 - INFO - Updated result for CNTKPIT-T66 in cycle CNTKPIT-C1393
2026-05-22 21:36:55,493 - INFO - Fetched details for cycle CNTKPIT-C1392
2026-05-22 21:36:56,071 - INFO - Updated result for CNTKPIT-T49 in cycle CNTKPIT-C1392
2026-05-22 21:36:56,681 - INFO - Updated result for CNTKPIT-T80 in cycle CNTKPIT-C1392
2026-05-22 21:36:57,285 - INFO - Updated result for CNTKPIT-T51 in cycle CNTKPIT-C1392
2026-05-22 21:36:57,773 - INFO - Updated result for CNTKPIT-T66 in cycle CNTKPIT-C1392
2026-05-22 21:36:58,061 - INFO - Fetched details for cycle CNTKPIT-C1391
2026-05-22 21:36:58,635 - INFO - Updated result for CNTKPIT-T49 in cycle CNTKPIT-C1391
2026-05-22 21:36:59,228 - INFO - Updated result for CNTKPIT-T80 in cycle CNTKPIT-C1391
2026-05-22 21:36:59,823 - INFO - Updated result for CNTKPIT-T51 in cycle CNTKPIT-C1391
2026-05-22 21:37:00,311 - INFO - Updated result for CNTKPIT-T66 in cycle CNTKPIT-C1391
2026-05-22 21:37:00,584 - INFO - Fetched details for cycle CNTKPIT-C1390
2026-05-22 21:37:01,254 - INFO - Updated result for CNTKPIT-T49 in cycle CNTKPIT-C1390
2026-05-22 21:37:01,912 - INFO - Updated result for CNTKPIT-T80 in cycle CNTKPIT-C1390
2026-05-22 21:37:02,522 - INFO - Updated result for CNTKPIT-T51 in cycle CNTKPIT-C1390
2026-05-22 21:37:02,974 - INFO - Updated result for CNTKPIT-T66 in cycle CNTKPIT-C1390
2026-05-22 21:37:03,239 - INFO - Fetched details for cycle CNTKPIT-C1389
2026-05-22 21:37:03,808 - INFO - Updated result for CNTKPIT-T49 in cycle CNTKPIT-C1389
2026-05-22 21:37:04,401 - INFO - Updated result for CNTKPIT-T80 in cycle CNTKPIT-C1389
2026-05-22 21:37:05,012 - INFO - Updated result for CNTKPIT-T51 in cycle CNTKPIT-C1389
2026-05-22 21:37:05,504 - INFO - Updated result for CNTKPIT-T66 in cycle CNTKPIT-C1389
2026-05-22 21:37:05,784 - INFO - Fetched details for cycle CNTKPIT-C1388
2026-05-22 21:37:06,376 - INFO - Updated result for CNTKPIT-T49 in cycle CNTKPIT-C1388
2026-05-22 21:37:07,030 - INFO - Updated result for CNTKPIT-T80 in cycle CNTKPIT-C1388
2026-05-22 21:37:07,644 - INFO - Updated result for CNTKPIT-T51 in cycle CNTKPIT-C1388
2026-05-22 21:37:08,086 - INFO - Updated result for CNTKPIT-T66 in cycle CNTKPIT-C1388
2026-05-22 21:37:08,365 - INFO - Fetched details for cycle CNTKPIT-C1387
2026-05-22 21:37:08,939 - INFO - Updated result for CNTKPIT-T49 in cycle CNTKPIT-C1387
2026-05-22 21:37:09,540 - INFO - Updated result for CNTKPIT-T80 in cycle CNTKPIT-C1387
2026-05-22 21:37:10,186 - INFO - Updated result for CNTKPIT-T51 in cycle CNTKPIT-C1387
2026-05-22 21:37:10,642 - INFO - Updated result for CNTKPIT-T66 in cycle CNTKPIT-C1387
2026-05-22 21:37:10,916 - INFO - Fetched details for cycle CNTKPIT-C1386
2026-05-22 21:37:11,499 - INFO - Updated result for CNTKPIT-T49 in cycle CNTKPIT-C1386
2026-05-22 21:37:12,101 - INFO - Updated result for CNTKPIT-T80 in cycle CNTKPIT-C1386
2026-05-22 21:37:12,702 - INFO - Updated result for CNTKPIT-T51 in cycle CNTKPIT-C1386
2026-05-22 21:37:13,188 - INFO - Updated result for CNTKPIT-T66 in cycle CNTKPIT-C1386
2026-05-22 21:37:13,493 - INFO - Fetched details for cycle CNTKPIT-C1385
2026-05-22 21:37:14,073 - INFO - Updated result for CNTKPIT-T49 in cycle CNTKPIT-C1385
2026-05-22 21:37:14,742 - INFO - Updated result for CNTKPIT-T80 in cycle CNTKPIT-C1385
2026-05-22 21:37:15,339 - INFO - Updated result for CNTKPIT-T51 in cycle CNTKPIT-C1385
2026-05-22 21:37:15,812 - INFO - Updated result for CNTKPIT-T66 in cycle CNTKPIT-C1385
2026-05-22 21:37:16,094 - INFO - Fetched details for cycle CNTKPIT-C1384
2026-05-22 21:37:16,683 - INFO - Updated result for CNTKPIT-T49 in cycle CNTKPIT-C1384
2026-05-22 21:37:17,284 - INFO - Updated result for CNTKPIT-T80 in cycle CNTKPIT-C1384
2026-05-22 21:37:17,926 - INFO - Updated result for CNTKPIT-T51 in cycle CNTKPIT-C1384
2026-05-22 21:37:18,377 - INFO - Updated result for CNTKPIT-T66 in cycle CNTKPIT-C1384
2026-05-22 21:37:18,643 - INFO - Fetched details for cycle CNTKPIT-C1383
2026-05-22 21:37:19,236 - INFO - Updated result for CNTKPIT-T49 in cycle CNTKPIT-C1383
2026-05-22 21:37:19,855 - INFO - Updated result for CNTKPIT-T80 in cycle CNTKPIT-C1383
2026-05-22 21:37:20,491 - INFO - Updated result for CNTKPIT-T51 in cycle CNTKPIT-C1383
2026-05-22 21:37:20,931 - INFO - Updated result for CNTKPIT-T66 in cycle CNTKPIT-C1383
2026-05-22 21:37:21,207 - INFO - Fetched details for cycle CNTKPIT-C1382
2026-05-22 21:37:21,802 - INFO - Updated result for CNTKPIT-T49 in cycle CNTKPIT-C1382
2026-05-22 21:37:22,494 - INFO - Updated result for CNTKPIT-T80 in cycle CNTKPIT-C1382
2026-05-22 21:37:23,089 - INFO - Updated result for CNTKPIT-T51 in cycle CNTKPIT-C1382
2026-05-22 21:37:23,548 - INFO - Updated result for CNTKPIT-T66 in cycle CNTKPIT-C1382
2026-05-22 21:37:23,816 - INFO - Fetched details for cycle CNTKPIT-C1381
2026-05-22 21:37:24,388 - INFO - Updated result for CNTKPIT-T49 in cycle CNTKPIT-C1381
2026-05-22 21:37:24,979 - INFO - Updated result for CNTKPIT-T80 in cycle CNTKPIT-C1381
2026-05-22 21:37:25,618 - INFO - Updated result for CNTKPIT-T51 in cycle CNTKPIT-C1381
2026-05-22 21:37:26,059 - INFO - Updated result for CNTKPIT-T66 in cycle CNTKPIT-C1381
2026-05-22 21:37:26,353 - INFO - Fetched details for cycle CNTKPIT-C1380
2026-05-22 21:37:26,927 - INFO - Updated result for CNTKPIT-T49 in cycle CNTKPIT-C1380
2026-05-22 21:37:27,529 - INFO - Updated result for CNTKPIT-T80 in cycle CNTKPIT-C1380
2026-05-22 21:37:28,119 - INFO - Updated result for CNTKPIT-T51 in cycle CNTKPIT-C1380
2026-05-22 21:37:28,569 - INFO - Updated result for CNTKPIT-T66 in cycle CNTKPIT-C1380
2026-05-22 21:37:28,841 - INFO - Fetched details for cycle CNTKPIT-C1379
2026-05-22 21:37:29,414 - INFO - Updated result for CNTKPIT-T49 in cycle CNTKPIT-C1379
2026-05-22 21:37:30,022 - INFO - Updated result for CNTKPIT-T80 in cycle CNTKPIT-C1379
2026-05-22 21:37:30,626 - INFO - Updated result for CNTKPIT-T51 in cycle CNTKPIT-C1379
2026-05-22 21:37:31,082 - INFO - Updated result for CNTKPIT-T66 in cycle CNTKPIT-C1379
2026-05-22 21:37:31,353 - INFO - Fetched details for cycle CNTKPIT-C1378
2026-05-22 21:37:31,926 - INFO - Updated result for CNTKPIT-T49 in cycle CNTKPIT-C1378
2026-05-22 21:37:32,537 - INFO - Updated result for CNTKPIT-T80 in cycle CNTKPIT-C1378
2026-05-22 21:37:33,181 - INFO - Updated result for CNTKPIT-T51 in cycle CNTKPIT-C1378
2026-05-22 21:37:33,630 - INFO - Updated result for CNTKPIT-T66 in cycle CNTKPIT-C1378
2026-05-22 21:37:33,915 - INFO - Fetched details for cycle CNTKPIT-C1377
2026-05-22 21:37:34,498 - INFO - Updated result for CNTKPIT-T49 in cycle CNTKPIT-C1377
2026-05-22 21:37:35,121 - INFO - Updated result for CNTKPIT-T80 in cycle CNTKPIT-C1377
2026-05-22 21:37:35,774 - INFO - Updated result for CNTKPIT-T51 in cycle CNTKPIT-C1377
2026-05-22 21:37:36,225 - INFO - Updated result for CNTKPIT-T66 in cycle CNTKPIT-C1377
2026-05-22 21:37:36,505 - INFO - Fetched details for cycle CNTKPIT-C1376
2026-05-22 21:37:37,186 - INFO - Updated result for CNTKPIT-T49 in cycle CNTKPIT-C1376
2026-05-22 21:37:37,791 - INFO - Updated result for CNTKPIT-T80 in cycle CNTKPIT-C1376
2026-05-22 21:37:38,378 - INFO - Updated result for CNTKPIT-T51 in cycle CNTKPIT-C1376
2026-05-22 21:37:38,825 - INFO - Updated result for CNTKPIT-T66 in cycle CNTKPIT-C1376
2026-05-22 21:37:39,091 - INFO - Fetched details for cycle CNTKPIT-C1375
2026-05-22 21:37:39,677 - INFO - Updated result for CNTKPIT-T49 in cycle CNTKPIT-C1375
2026-05-22 21:37:40,275 - INFO - Updated result for CNTKPIT-T80 in cycle CNTKPIT-C1375
2026-05-22 21:37:40,921 - INFO - Updated result for CNTKPIT-T51 in cycle CNTKPIT-C1375
2026-05-22 21:37:41,367 - INFO - Updated result for CNTKPIT-T66 in cycle CNTKPIT-C1375
2026-05-22 21:37:41,649 - INFO - Fetched details for cycle CNTKPIT-C1374
2026-05-22 21:37:42,228 - INFO - Updated result for CNTKPIT-T49 in cycle CNTKPIT-C1374
2026-05-22 21:37:42,832 - INFO - Updated result for CNTKPIT-T80 in cycle CNTKPIT-C1374
2026-05-22 21:37:43,487 - INFO - Updated result for CNTKPIT-T51 in cycle CNTKPIT-C1374
2026-05-22 21:37:43,938 - INFO - Updated result for CNTKPIT-T66 in cycle CNTKPIT-C1374
2026-05-22 21:37:44,214 - INFO - Fetched details for cycle CNTKPIT-C1373
2026-05-22 21:37:44,787 - INFO - Updated result for CNTKPIT-T49 in cycle CNTKPIT-C1373
2026-05-22 21:37:45,483 - INFO - Updated result for CNTKPIT-T80 in cycle CNTKPIT-C1373
2026-05-22 21:37:46,087 - INFO - Updated result for CNTKPIT-T51 in cycle CNTKPIT-C1373
2026-05-22 21:37:46,544 - INFO - Updated result for CNTKPIT-T66 in cycle CNTKPIT-C1373
2026-05-22 21:37:46,814 - INFO - Fetched details for cycle CNTKPIT-C1372
2026-05-22 21:37:47,406 - INFO - Updated result for CNTKPIT-T49 in cycle CNTKPIT-C1372
2026-05-22 21:37:47,998 - INFO - Updated result for CNTKPIT-T80 in cycle CNTKPIT-C1372
2026-05-22 21:37:48,947 - INFO - Updated result for CNTKPIT-T51 in cycle CNTKPIT-C1372
2026-05-22 21:37:49,394 - INFO - Updated result for CNTKPIT-T66 in cycle CNTKPIT-C1372
2026-05-22 21:37:49,666 - INFO - Fetched details for cycle CNTKPIT-C1371
2026-05-22 21:37:50,254 - INFO - Updated result for CNTKPIT-T49 in cycle CNTKPIT-C1371
2026-05-22 21:37:50,848 - INFO - Updated result for CNTKPIT-T80 in cycle CNTKPIT-C1371
2026-05-22 21:37:51,489 - INFO - Updated result for CNTKPIT-T51 in cycle CNTKPIT-C1371
2026-05-22 21:37:52,039 - INFO - Updated result for CNTKPIT-T66 in cycle CNTKPIT-C1371
2026-05-22 21:37:52,327 - INFO - Fetched details for cycle CNTKPIT-C1370
2026-05-22 21:37:52,914 - INFO - Updated result for CNTKPIT-T49 in cycle CNTKPIT-C1370
2026-05-22 21:37:53,628 - INFO - Updated result for CNTKPIT-T80 in cycle CNTKPIT-C1370
2026-05-22 21:37:54,229 - INFO - Updated result for CNTKPIT-T51 in cycle CNTKPIT-C1370
2026-05-22 21:37:54,677 - INFO - Updated result for CNTKPIT-T66 in cycle CNTKPIT-C1370
2026-05-22 21:37:54,952 - INFO - Fetched details for cycle CNTKPIT-C1369
2026-05-22 21:37:55,517 - INFO - Updated result for CNTKPIT-T49 in cycle CNTKPIT-C1369
2026-05-22 21:37:56,118 - INFO - Updated result for CNTKPIT-T80 in cycle CNTKPIT-C1369
2026-05-22 21:37:56,722 - INFO - Updated result for CNTKPIT-T51 in cycle CNTKPIT-C1369
2026-05-22 21:37:57,187 - INFO - Updated result for CNTKPIT-T66 in cycle CNTKPIT-C1369
2026-05-22 21:37:57,492 - INFO - Fetched details for cycle CNTKPIT-C1368
2026-05-22 21:37:58,056 - INFO - Updated result for CNTKPIT-T49 in cycle CNTKPIT-C1368
2026-05-22 21:37:58,635 - INFO - Updated result for CNTKPIT-T80 in cycle CNTKPIT-C1368
2026-05-22 21:37:59,321 - INFO - Updated result for CNTKPIT-T51 in cycle CNTKPIT-C1368
2026-05-22 21:37:59,774 - INFO - Updated result for CNTKPIT-T66 in cycle CNTKPIT-C1368
2026-05-22 21:38:00,033 - INFO - Fetched details for cycle CNTKPIT-C1367
2026-05-22 21:38:00,617 - INFO - Updated result for CNTKPIT-T49 in cycle CNTKPIT-C1367
2026-05-22 21:38:01,211 - INFO - Updated result for CNTKPIT-T80 in cycle CNTKPIT-C1367
2026-05-22 21:38:01,826 - INFO - Updated result for CNTKPIT-T51 in cycle CNTKPIT-C1367
2026-05-22 21:38:02,304 - INFO - Updated result for CNTKPIT-T66 in cycle CNTKPIT-C1367
2026-05-22 21:38:02,578 - INFO - Fetched details for cycle CNTKPIT-C1366
2026-05-22 21:38:03,196 - INFO - Updated result for CNTKPIT-T49 in cycle CNTKPIT-C1366
2026-05-22 21:38:03,790 - INFO - Updated result for CNTKPIT-T80 in cycle CNTKPIT-C1366
2026-05-22 21:38:04,376 - INFO - Updated result for CNTKPIT-T51 in cycle CNTKPIT-C1366
2026-05-22 21:38:04,824 - INFO - Updated result for CNTKPIT-T66 in cycle CNTKPIT-C1366
2026-05-22 21:38:05,096 - INFO - Fetched details for cycle CNTKPIT-C1365
2026-05-22 21:38:05,661 - INFO - Updated result for CNTKPIT-T49 in cycle CNTKPIT-C1365
2026-05-22 21:38:06,270 - INFO - Updated result for CNTKPIT-T80 in cycle CNTKPIT-C1365
2026-05-22 21:38:06,909 - INFO - Updated result for CNTKPIT-T51 in cycle CNTKPIT-C1365
2026-05-22 21:38:07,367 - INFO - Updated result for CNTKPIT-T66 in cycle CNTKPIT-C1365
2026-05-22 21:38:07,643 - INFO - Fetched details for cycle CNTKPIT-C1364
2026-05-22 21:38:08,212 - INFO - Updated result for CNTKPIT-T49 in cycle CNTKPIT-C1364
2026-05-22 21:38:08,804 - INFO - Updated result for CNTKPIT-T80 in cycle CNTKPIT-C1364
2026-05-22 21:38:09,391 - INFO - Updated result for CNTKPIT-T51 in cycle CNTKPIT-C1364
2026-05-22 21:38:09,833 - INFO - Updated result for CNTKPIT-T66 in cycle CNTKPIT-C1364
2026-05-22 21:38:10,099 - INFO - Fetched details for cycle CNTKPIT-C1363
2026-05-22 21:38:10,701 - INFO - Updated result for CNTKPIT-T49 in cycle CNTKPIT-C1363
2026-05-22 21:38:11,297 - INFO - Updated result for CNTKPIT-T80 in cycle CNTKPIT-C1363
2026-05-22 21:38:11,937 - INFO - Updated result for CNTKPIT-T51 in cycle CNTKPIT-C1363
2026-05-22 21:38:12,389 - INFO - Updated result for CNTKPIT-T66 in cycle CNTKPIT-C1363
2026-05-22 21:38:12,663 - INFO - Fetched details for cycle CNTKPIT-C1362
2026-05-22 21:38:13,235 - INFO - Updated result for CNTKPIT-T49 in cycle CNTKPIT-C1362
2026-05-22 21:38:13,825 - INFO - Updated result for CNTKPIT-T80 in cycle CNTKPIT-C1362
2026-05-22 21:38:14,413 - INFO - Updated result for CNTKPIT-T51 in cycle CNTKPIT-C1362
2026-05-22 21:38:14,869 - INFO - Updated result for CNTKPIT-T66 in cycle CNTKPIT-C1362
2026-05-22 21:38:15,180 - INFO - Fetched details for cycle CNTKPIT-C1361
2026-05-22 21:38:15,751 - INFO - Updated result for CNTKPIT-T49 in cycle CNTKPIT-C1361
2026-05-22 21:38:16,400 - INFO - Updated result for CNTKPIT-T80 in cycle CNTKPIT-C1361
2026-05-22 21:38:17,039 - INFO - Updated result for CNTKPIT-T51 in cycle CNTKPIT-C1361
2026-05-22 21:38:17,548 - INFO - Updated result for CNTKPIT-T66 in cycle CNTKPIT-C1361
2026-05-22 21:38:17,815 - INFO - Fetched details for cycle CNTKPIT-C1360
2026-05-22 21:38:18,375 - INFO - Updated result for CNTKPIT-T49 in cycle CNTKPIT-C1360
2026-05-22 21:38:18,996 - INFO - Updated result for CNTKPIT-T80 in cycle CNTKPIT-C1360
2026-05-22 21:38:19,648 - INFO - Updated result for CNTKPIT-T51 in cycle CNTKPIT-C1360
2026-05-22 21:38:20,128 - INFO - Updated result for CNTKPIT-T66 in cycle CNTKPIT-C1360
2026-05-22 21:38:20,472 - INFO - Fetched details for cycle CNTKPIT-C1359
2026-05-22 21:38:21,051 - INFO - Updated result for CNTKPIT-T49 in cycle CNTKPIT-C1359
2026-05-22 21:38:21,646 - INFO - Updated result for CNTKPIT-T80 in cycle CNTKPIT-C1359
2026-05-22 21:38:22,271 - INFO - Updated result for CNTKPIT-T51 in cycle CNTKPIT-C1359
2026-05-22 21:38:22,760 - INFO - Updated result for CNTKPIT-T66 in cycle CNTKPIT-C1359
2026-05-22 21:38:23,032 - INFO - Fetched details for cycle CNTKPIT-C1358
2026-05-22 21:38:23,601 - INFO - Updated result for CNTKPIT-T49 in cycle CNTKPIT-C1358
2026-05-22 21:38:24,188 - INFO - Updated result for CNTKPIT-T80 in cycle CNTKPIT-C1358
2026-05-22 21:38:24,860 - INFO - Updated result for CNTKPIT-T51 in cycle CNTKPIT-C1358
2026-05-22 21:38:25,311 - INFO - Updated result for CNTKPIT-T66 in cycle CNTKPIT-C1358
2026-05-22 21:38:25,588 - INFO - Fetched details for cycle CNTKPIT-C1357
2026-05-22 21:38:26,188 - INFO - Updated result for CNTKPIT-T49 in cycle CNTKPIT-C1357
2026-05-22 21:38:26,786 - INFO - Updated result for CNTKPIT-T80 in cycle CNTKPIT-C1357
2026-05-22 21:38:27,399 - INFO - Updated result for CNTKPIT-T51 in cycle CNTKPIT-C1357
2026-05-22 21:38:27,977 - INFO - Updated result for CNTKPIT-T66 in cycle CNTKPIT-C1357
2026-05-22 21:38:28,248 - INFO - Fetched details for cycle CNTKPIT-C1356
2026-05-22 21:38:28,653 - INFO - Updated result for CNTKPIT-T49 in cycle CNTKPIT-C1356
2026-05-22 21:38:29,090 - INFO - Updated result for CNTKPIT-T80 in cycle CNTKPIT-C1356
2026-05-22 21:38:29,516 - INFO - Updated result for CNTKPIT-T51 in cycle CNTKPIT-C1356
2026-05-22 21:38:29,888 - INFO - Updated result for CNTKPIT-T66 in cycle CNTKPIT-C1356
2026-05-22 21:45:15,305 - INFO - Found 75 cycles matching AEA1415R1.260514.1
2026-05-22 21:46:33,207 - INFO - Fetched details for cycle CNTKPIT-C1505
2026-05-22 21:46:33,882 - INFO - Updated result for CNTKPIT-T45 in cycle CNTKPIT-C1505
2026-05-22 21:46:34,621 - INFO - Updated result for CNTKPIT-T81 in cycle CNTKPIT-C1505
2026-05-22 21:46:34,936 - INFO - Fetched details for cycle CNTKPIT-C1504
2026-05-22 21:46:35,586 - INFO - Updated result for CNTKPIT-T45 in cycle CNTKPIT-C1504
2026-05-22 21:46:36,319 - INFO - Updated result for CNTKPIT-T81 in cycle CNTKPIT-C1504
2026-05-22 21:46:36,603 - INFO - Fetched details for cycle CNTKPIT-C1503
2026-05-22 21:46:37,320 - INFO - Updated result for CNTKPIT-T45 in cycle CNTKPIT-C1503
2026-05-22 21:46:38,065 - INFO - Updated result for CNTKPIT-T81 in cycle CNTKPIT-C1503
2026-05-22 21:46:38,350 - INFO - Fetched details for cycle CNTKPIT-C1502
2026-05-22 21:46:39,023 - INFO - Updated result for CNTKPIT-T45 in cycle CNTKPIT-C1502
2026-05-22 21:46:39,756 - INFO - Updated result for CNTKPIT-T81 in cycle CNTKPIT-C1502
2026-05-22 21:46:40,037 - INFO - Fetched details for cycle CNTKPIT-C1501
2026-05-22 21:46:40,709 - INFO - Updated result for CNTKPIT-T45 in cycle CNTKPIT-C1501
2026-05-22 21:46:41,714 - INFO - Updated result for CNTKPIT-T81 in cycle CNTKPIT-C1501
2026-05-22 21:46:42,005 - INFO - Fetched details for cycle CNTKPIT-C1500
2026-05-22 21:46:43,222 - INFO - Updated result for CNTKPIT-T45 in cycle CNTKPIT-C1500
2026-05-22 21:46:43,956 - INFO - Updated result for CNTKPIT-T81 in cycle CNTKPIT-C1500
2026-05-22 21:46:44,248 - INFO - Fetched details for cycle CNTKPIT-C1499
2026-05-22 21:46:44,925 - INFO - Updated result for CNTKPIT-T45 in cycle CNTKPIT-C1499
2026-05-22 21:46:45,671 - INFO - Updated result for CNTKPIT-T81 in cycle CNTKPIT-C1499
2026-05-22 21:46:45,959 - INFO - Fetched details for cycle CNTKPIT-C1498
2026-05-22 21:46:46,655 - INFO - Updated result for CNTKPIT-T45 in cycle CNTKPIT-C1498
2026-05-22 21:46:47,394 - INFO - Updated result for CNTKPIT-T81 in cycle CNTKPIT-C1498
2026-05-22 21:46:47,683 - INFO - Fetched details for cycle CNTKPIT-C1497
2026-05-22 21:46:48,349 - INFO - Updated result for CNTKPIT-T45 in cycle CNTKPIT-C1497
2026-05-22 21:46:49,167 - INFO - Updated result for CNTKPIT-T81 in cycle CNTKPIT-C1497
2026-05-22 21:46:49,497 - INFO - Fetched details for cycle CNTKPIT-C1496
2026-05-22 21:46:50,183 - INFO - Updated result for CNTKPIT-T45 in cycle CNTKPIT-C1496
2026-05-22 21:46:50,936 - INFO - Updated result for CNTKPIT-T81 in cycle CNTKPIT-C1496
2026-05-22 21:46:51,218 - INFO - Fetched details for cycle CNTKPIT-C1495
2026-05-22 21:46:52,174 - INFO - Updated result for CNTKPIT-T45 in cycle CNTKPIT-C1495
2026-05-22 21:46:52,938 - INFO - Updated result for CNTKPIT-T81 in cycle CNTKPIT-C1495
2026-05-22 21:46:53,227 - INFO - Fetched details for cycle CNTKPIT-C1494
2026-05-22 21:46:53,883 - INFO - Updated result for CNTKPIT-T45 in cycle CNTKPIT-C1494
2026-05-22 21:46:54,682 - INFO - Updated result for CNTKPIT-T81 in cycle CNTKPIT-C1494
2026-05-22 21:46:55,003 - INFO - Fetched details for cycle CNTKPIT-C1493
2026-05-22 21:46:55,685 - INFO - Updated result for CNTKPIT-T45 in cycle CNTKPIT-C1493
2026-05-22 21:46:56,416 - INFO - Updated result for CNTKPIT-T81 in cycle CNTKPIT-C1493
2026-05-22 21:46:56,801 - INFO - Fetched details for cycle CNTKPIT-C1492
2026-05-22 21:46:57,486 - INFO - Updated result for CNTKPIT-T45 in cycle CNTKPIT-C1492
2026-05-22 21:46:58,230 - INFO - Updated result for CNTKPIT-T81 in cycle CNTKPIT-C1492
2026-05-22 21:46:58,514 - INFO - Fetched details for cycle CNTKPIT-C1491
2026-05-22 21:46:59,185 - INFO - Updated result for CNTKPIT-T45 in cycle CNTKPIT-C1491
2026-05-22 21:46:59,938 - INFO - Updated result for CNTKPIT-T81 in cycle CNTKPIT-C1491
2026-05-22 21:47:00,253 - INFO - Fetched details for cycle CNTKPIT-C1490
2026-05-22 21:47:00,970 - INFO - Updated result for CNTKPIT-T45 in cycle CNTKPIT-C1490
2026-05-22 21:47:01,741 - INFO - Updated result for CNTKPIT-T81 in cycle CNTKPIT-C1490
2026-05-22 21:47:02,022 - INFO - Fetched details for cycle CNTKPIT-C1489
2026-05-22 21:47:02,690 - INFO - Updated result for CNTKPIT-T45 in cycle CNTKPIT-C1489
2026-05-22 21:47:03,426 - INFO - Updated result for CNTKPIT-T81 in cycle CNTKPIT-C1489
2026-05-22 21:47:03,764 - INFO - Fetched details for cycle CNTKPIT-C1488
2026-05-22 21:47:04,453 - INFO - Updated result for CNTKPIT-T45 in cycle CNTKPIT-C1488
2026-05-22 21:47:05,204 - INFO - Updated result for CNTKPIT-T81 in cycle CNTKPIT-C1488
2026-05-22 21:47:05,505 - INFO - Fetched details for cycle CNTKPIT-C1487
2026-05-22 21:47:06,183 - INFO - Updated result for CNTKPIT-T45 in cycle CNTKPIT-C1487
2026-05-22 21:47:06,922 - INFO - Updated result for CNTKPIT-T81 in cycle CNTKPIT-C1487
2026-05-22 21:47:07,215 - INFO - Fetched details for cycle CNTKPIT-C1486
2026-05-22 21:47:07,881 - INFO - Updated result for CNTKPIT-T45 in cycle CNTKPIT-C1486
2026-05-22 21:47:08,621 - INFO - Updated result for CNTKPIT-T81 in cycle CNTKPIT-C1486
2026-05-22 21:47:08,904 - INFO - Fetched details for cycle CNTKPIT-C1485
2026-05-22 21:47:09,563 - INFO - Updated result for CNTKPIT-T45 in cycle CNTKPIT-C1485
2026-05-22 21:47:10,296 - INFO - Updated result for CNTKPIT-T81 in cycle CNTKPIT-C1485
2026-05-22 21:47:10,592 - INFO - Fetched details for cycle CNTKPIT-C1484
2026-05-22 21:47:11,240 - INFO - Updated result for CNTKPIT-T45 in cycle CNTKPIT-C1484
2026-05-22 21:47:12,040 - INFO - Updated result for CNTKPIT-T81 in cycle CNTKPIT-C1484
2026-05-22 21:47:12,322 - INFO - Fetched details for cycle CNTKPIT-C1483
2026-05-22 21:47:12,972 - INFO - Updated result for CNTKPIT-T45 in cycle CNTKPIT-C1483
2026-05-22 21:47:13,732 - INFO - Updated result for CNTKPIT-T81 in cycle CNTKPIT-C1483
2026-05-22 21:47:14,029 - INFO - Fetched details for cycle CNTKPIT-C1482
2026-05-22 21:47:14,684 - INFO - Updated result for CNTKPIT-T45 in cycle CNTKPIT-C1482
2026-05-22 21:47:15,471 - INFO - Updated result for CNTKPIT-T81 in cycle CNTKPIT-C1482
2026-05-22 21:47:15,771 - INFO - Fetched details for cycle CNTKPIT-C1481
2026-05-22 21:47:16,500 - INFO - Updated result for CNTKPIT-T45 in cycle CNTKPIT-C1481
2026-05-22 21:47:17,257 - INFO - Updated result for CNTKPIT-T81 in cycle CNTKPIT-C1481
2026-05-22 21:47:17,774 - INFO - Fetched details for cycle CNTKPIT-C1480
2026-05-22 21:47:18,486 - INFO - Updated result for CNTKPIT-T45 in cycle CNTKPIT-C1480
2026-05-22 21:47:19,265 - INFO - Updated result for CNTKPIT-T81 in cycle CNTKPIT-C1480
2026-05-22 21:47:19,571 - INFO - Fetched details for cycle CNTKPIT-C1479
2026-05-22 21:47:20,294 - INFO - Updated result for CNTKPIT-T45 in cycle CNTKPIT-C1479
2026-05-22 21:47:21,046 - INFO - Updated result for CNTKPIT-T81 in cycle CNTKPIT-C1479
2026-05-22 21:47:21,361 - INFO - Fetched details for cycle CNTKPIT-C1478
2026-05-22 21:47:22,068 - INFO - Updated result for CNTKPIT-T45 in cycle CNTKPIT-C1478
2026-05-22 21:47:22,891 - INFO - Updated result for CNTKPIT-T81 in cycle CNTKPIT-C1478
2026-05-22 21:47:23,182 - INFO - Fetched details for cycle CNTKPIT-C1477
2026-05-22 21:47:23,840 - INFO - Updated result for CNTKPIT-T45 in cycle CNTKPIT-C1477
2026-05-22 21:47:24,584 - INFO - Updated result for CNTKPIT-T81 in cycle CNTKPIT-C1477
2026-05-22 21:47:24,865 - INFO - Fetched details for cycle CNTKPIT-C1476
2026-05-22 21:47:25,527 - INFO - Updated result for CNTKPIT-T45 in cycle CNTKPIT-C1476
2026-05-22 21:47:26,275 - INFO - Updated result for CNTKPIT-T81 in cycle CNTKPIT-C1476
2026-05-22 21:47:26,561 - INFO - Fetched details for cycle CNTKPIT-C1475
2026-05-22 21:47:27,222 - INFO - Updated result for CNTKPIT-T45 in cycle CNTKPIT-C1475
2026-05-22 21:47:27,955 - INFO - Updated result for CNTKPIT-T81 in cycle CNTKPIT-C1475
2026-05-22 21:47:28,237 - INFO - Fetched details for cycle CNTKPIT-C1474
2026-05-22 21:47:28,904 - INFO - Updated result for CNTKPIT-T45 in cycle CNTKPIT-C1474
2026-05-22 21:47:29,654 - INFO - Updated result for CNTKPIT-T81 in cycle CNTKPIT-C1474
2026-05-22 21:47:29,951 - INFO - Fetched details for cycle CNTKPIT-C1473
2026-05-22 21:47:30,665 - INFO - Updated result for CNTKPIT-T45 in cycle CNTKPIT-C1473
2026-05-22 21:47:31,400 - INFO - Updated result for CNTKPIT-T81 in cycle CNTKPIT-C1473
2026-05-22 21:47:31,685 - INFO - Fetched details for cycle CNTKPIT-C1472
2026-05-22 21:47:32,353 - INFO - Updated result for CNTKPIT-T45 in cycle CNTKPIT-C1472
2026-05-22 21:47:33,096 - INFO - Updated result for CNTKPIT-T81 in cycle CNTKPIT-C1472
2026-05-22 21:47:33,388 - INFO - Fetched details for cycle CNTKPIT-C1471
2026-05-22 21:47:34,040 - INFO - Updated result for CNTKPIT-T45 in cycle CNTKPIT-C1471
2026-05-22 21:47:35,372 - INFO - Updated result for CNTKPIT-T81 in cycle CNTKPIT-C1471
2026-05-22 21:47:35,661 - INFO - Fetched details for cycle CNTKPIT-C1470
2026-05-22 21:47:36,318 - INFO - Updated result for CNTKPIT-T45 in cycle CNTKPIT-C1470
2026-05-22 21:47:37,065 - INFO - Updated result for CNTKPIT-T81 in cycle CNTKPIT-C1470
2026-05-22 21:47:37,356 - INFO - Fetched details for cycle CNTKPIT-C1469
2026-05-22 21:47:38,008 - INFO - Updated result for CNTKPIT-T45 in cycle CNTKPIT-C1469
2026-05-22 21:47:38,744 - INFO - Updated result for CNTKPIT-T81 in cycle CNTKPIT-C1469
2026-05-22 21:47:39,055 - INFO - Fetched details for cycle CNTKPIT-C1468
2026-05-22 21:47:39,785 - INFO - Updated result for CNTKPIT-T45 in cycle CNTKPIT-C1468
2026-05-22 21:47:40,574 - INFO - Updated result for CNTKPIT-T81 in cycle CNTKPIT-C1468
2026-05-22 21:47:40,857 - INFO - Fetched details for cycle CNTKPIT-C1467
2026-05-22 21:47:41,511 - INFO - Updated result for CNTKPIT-T45 in cycle CNTKPIT-C1467
2026-05-22 21:47:42,250 - INFO - Updated result for CNTKPIT-T81 in cycle CNTKPIT-C1467
2026-05-22 21:47:42,527 - INFO - Fetched details for cycle CNTKPIT-C1466
2026-05-22 21:47:43,191 - INFO - Updated result for CNTKPIT-T45 in cycle CNTKPIT-C1466
2026-05-22 21:47:43,924 - INFO - Updated result for CNTKPIT-T81 in cycle CNTKPIT-C1466
2026-05-22 21:47:44,200 - INFO - Fetched details for cycle CNTKPIT-C1465
2026-05-22 21:47:44,859 - INFO - Updated result for CNTKPIT-T45 in cycle CNTKPIT-C1465
2026-05-22 21:47:45,620 - INFO - Updated result for CNTKPIT-T81 in cycle CNTKPIT-C1465
2026-05-22 21:47:45,898 - INFO - Fetched details for cycle CNTKPIT-C1464
2026-05-22 21:47:46,570 - INFO - Updated result for CNTKPIT-T45 in cycle CNTKPIT-C1464
2026-05-22 21:47:47,328 - INFO - Updated result for CNTKPIT-T81 in cycle CNTKPIT-C1464
2026-05-22 21:47:47,610 - INFO - Fetched details for cycle CNTKPIT-C1463
2026-05-22 21:47:48,270 - INFO - Updated result for CNTKPIT-T45 in cycle CNTKPIT-C1463
2026-05-22 21:47:49,059 - INFO - Updated result for CNTKPIT-T81 in cycle CNTKPIT-C1463
2026-05-22 21:47:49,625 - INFO - Fetched details for cycle CNTKPIT-C1462
2026-05-22 21:47:50,293 - INFO - Updated result for CNTKPIT-T45 in cycle CNTKPIT-C1462
2026-05-22 21:47:51,058 - INFO - Updated result for CNTKPIT-T81 in cycle CNTKPIT-C1462
2026-05-22 21:47:51,366 - INFO - Fetched details for cycle CNTKPIT-C1461
2026-05-22 21:47:52,092 - INFO - Updated result for CNTKPIT-T45 in cycle CNTKPIT-C1461
2026-05-22 21:47:52,839 - INFO - Updated result for CNTKPIT-T81 in cycle CNTKPIT-C1461
2026-05-22 21:47:53,174 - INFO - Fetched details for cycle CNTKPIT-C1460
2026-05-22 21:47:53,872 - INFO - Updated result for CNTKPIT-T45 in cycle CNTKPIT-C1460
2026-05-22 21:47:54,620 - INFO - Updated result for CNTKPIT-T81 in cycle CNTKPIT-C1460
2026-05-22 21:47:54,911 - INFO - Fetched details for cycle CNTKPIT-C1459
2026-05-22 21:47:55,582 - INFO - Updated result for CNTKPIT-T45 in cycle CNTKPIT-C1459
2026-05-22 21:47:56,323 - INFO - Updated result for CNTKPIT-T81 in cycle CNTKPIT-C1459
2026-05-22 21:47:56,627 - INFO - Fetched details for cycle CNTKPIT-C1458
2026-05-22 21:47:57,281 - INFO - Updated result for CNTKPIT-T45 in cycle CNTKPIT-C1458
2026-05-22 21:47:58,060 - INFO - Updated result for CNTKPIT-T81 in cycle CNTKPIT-C1458
2026-05-22 21:47:58,359 - INFO - Fetched details for cycle CNTKPIT-C1457
2026-05-22 21:47:59,009 - INFO - Updated result for CNTKPIT-T45 in cycle CNTKPIT-C1457
2026-05-22 21:48:00,061 - INFO - Updated result for CNTKPIT-T81 in cycle CNTKPIT-C1457
2026-05-22 21:48:00,354 - INFO - Fetched details for cycle CNTKPIT-C1456
2026-05-22 21:48:01,033 - INFO - Updated result for CNTKPIT-T45 in cycle CNTKPIT-C1456
2026-05-22 21:48:01,772 - INFO - Updated result for CNTKPIT-T81 in cycle CNTKPIT-C1456
2026-05-22 21:48:02,056 - INFO - Fetched details for cycle CNTKPIT-C1455
2026-05-22 21:48:02,723 - INFO - Updated result for CNTKPIT-T45 in cycle CNTKPIT-C1455
2026-05-22 21:48:03,503 - INFO - Updated result for CNTKPIT-T81 in cycle CNTKPIT-C1455
2026-05-22 21:48:03,810 - INFO - Fetched details for cycle CNTKPIT-C1454
2026-05-22 21:48:04,487 - INFO - Updated result for CNTKPIT-T45 in cycle CNTKPIT-C1454
2026-05-22 21:48:05,233 - INFO - Updated result for CNTKPIT-T81 in cycle CNTKPIT-C1454
2026-05-22 21:48:05,537 - INFO - Fetched details for cycle CNTKPIT-C1453
2026-05-22 21:48:06,213 - INFO - Updated result for CNTKPIT-T45 in cycle CNTKPIT-C1453
2026-05-22 21:48:06,975 - INFO - Updated result for CNTKPIT-T81 in cycle CNTKPIT-C1453
2026-05-22 21:48:07,285 - INFO - Fetched details for cycle CNTKPIT-C1452
2026-05-22 21:48:08,076 - INFO - Updated result for CNTKPIT-T45 in cycle CNTKPIT-C1452
2026-05-22 21:48:08,826 - INFO - Updated result for CNTKPIT-T81 in cycle CNTKPIT-C1452
2026-05-22 21:48:09,127 - INFO - Fetched details for cycle CNTKPIT-C1451
2026-05-22 21:48:09,830 - INFO - Updated result for CNTKPIT-T45 in cycle CNTKPIT-C1451
2026-05-22 21:48:10,588 - INFO - Updated result for CNTKPIT-T81 in cycle CNTKPIT-C1451
2026-05-22 21:48:10,894 - INFO - Fetched details for cycle CNTKPIT-C1450
2026-05-22 21:48:11,587 - INFO - Updated result for CNTKPIT-T45 in cycle CNTKPIT-C1450
2026-05-22 21:48:12,342 - INFO - Updated result for CNTKPIT-T81 in cycle CNTKPIT-C1450
2026-05-22 21:48:12,674 - INFO - Fetched details for cycle CNTKPIT-C1449
2026-05-22 21:48:13,341 - INFO - Updated result for CNTKPIT-T45 in cycle CNTKPIT-C1449
2026-05-22 21:48:14,091 - INFO - Updated result for CNTKPIT-T81 in cycle CNTKPIT-C1449
2026-05-22 21:48:14,374 - INFO - Fetched details for cycle CNTKPIT-C1448
2026-05-22 21:48:15,042 - INFO - Updated result for CNTKPIT-T45 in cycle CNTKPIT-C1448
2026-05-22 21:48:15,804 - INFO - Updated result for CNTKPIT-T81 in cycle CNTKPIT-C1448
2026-05-22 21:48:16,102 - INFO - Fetched details for cycle CNTKPIT-C1447
2026-05-22 21:48:16,795 - INFO - Updated result for CNTKPIT-T45 in cycle CNTKPIT-C1447
2026-05-22 21:48:17,558 - INFO - Updated result for CNTKPIT-T81 in cycle CNTKPIT-C1447
2026-05-22 21:48:17,854 - INFO - Fetched details for cycle CNTKPIT-C1446
2026-05-22 21:48:18,527 - INFO - Updated result for CNTKPIT-T45 in cycle CNTKPIT-C1446
2026-05-22 21:48:19,328 - INFO - Updated result for CNTKPIT-T81 in cycle CNTKPIT-C1446
2026-05-22 21:48:19,631 - INFO - Fetched details for cycle CNTKPIT-C1445
2026-05-22 21:48:20,325 - INFO - Updated result for CNTKPIT-T45 in cycle CNTKPIT-C1445
2026-05-22 21:48:21,079 - INFO - Updated result for CNTKPIT-T81 in cycle CNTKPIT-C1445
2026-05-22 21:48:21,387 - INFO - Fetched details for cycle CNTKPIT-C1444
2026-05-22 21:48:22,120 - INFO - Updated result for CNTKPIT-T45 in cycle CNTKPIT-C1444
2026-05-22 21:48:23,028 - INFO - Updated result for CNTKPIT-T81 in cycle CNTKPIT-C1444
2026-05-22 21:48:23,327 - INFO - Fetched details for cycle CNTKPIT-C1443
2026-05-22 21:48:24,074 - INFO - Updated result for CNTKPIT-T45 in cycle CNTKPIT-C1443
2026-05-22 21:48:24,838 - INFO - Updated result for CNTKPIT-T81 in cycle CNTKPIT-C1443
2026-05-22 21:48:25,200 - INFO - Fetched details for cycle CNTKPIT-C1442
2026-05-22 21:48:25,861 - INFO - Updated result for CNTKPIT-T45 in cycle CNTKPIT-C1442
2026-05-22 21:48:26,605 - INFO - Updated result for CNTKPIT-T81 in cycle CNTKPIT-C1442
2026-05-22 21:48:26,916 - INFO - Fetched details for cycle CNTKPIT-C1441
2026-05-22 21:48:27,581 - INFO - Updated result for CNTKPIT-T45 in cycle CNTKPIT-C1441
2026-05-22 21:48:28,386 - INFO - Updated result for CNTKPIT-T81 in cycle CNTKPIT-C1441
2026-05-22 21:48:28,689 - INFO - Fetched details for cycle CNTKPIT-C1440
2026-05-22 21:48:29,362 - INFO - Updated result for CNTKPIT-T45 in cycle CNTKPIT-C1440
2026-05-22 21:48:30,119 - INFO - Updated result for CNTKPIT-T81 in cycle CNTKPIT-C1440
2026-05-22 21:48:30,491 - INFO - Fetched details for cycle CNTKPIT-C1439
2026-05-22 21:48:31,185 - INFO - Updated result for CNTKPIT-T45 in cycle CNTKPIT-C1439
2026-05-22 21:48:31,934 - INFO - Updated result for CNTKPIT-T81 in cycle CNTKPIT-C1439
2026-05-22 21:48:32,239 - INFO - Fetched details for cycle CNTKPIT-C1438
2026-05-22 21:48:32,923 - INFO - Updated result for CNTKPIT-T45 in cycle CNTKPIT-C1438
2026-05-22 21:48:33,663 - INFO - Updated result for CNTKPIT-T81 in cycle CNTKPIT-C1438
2026-05-22 21:48:33,947 - INFO - Fetched details for cycle CNTKPIT-C1437
2026-05-22 21:48:34,643 - INFO - Updated result for CNTKPIT-T45 in cycle CNTKPIT-C1437
2026-05-22 21:48:35,382 - INFO - Updated result for CNTKPIT-T81 in cycle CNTKPIT-C1437
2026-05-22 21:48:35,674 - INFO - Fetched details for cycle CNTKPIT-C1436
2026-05-22 21:48:36,338 - INFO - Updated result for CNTKPIT-T45 in cycle CNTKPIT-C1436
2026-05-22 21:48:37,099 - INFO - Updated result for CNTKPIT-T81 in cycle CNTKPIT-C1436
2026-05-22 21:48:37,396 - INFO - Fetched details for cycle CNTKPIT-C1435
2026-05-22 21:48:38,112 - INFO - Updated result for CNTKPIT-T45 in cycle CNTKPIT-C1435
2026-05-22 21:48:38,873 - INFO - Updated result for CNTKPIT-T81 in cycle CNTKPIT-C1435
2026-05-22 21:48:39,181 - INFO - Fetched details for cycle CNTKPIT-C1434
2026-05-22 21:48:39,839 - INFO - Updated result for CNTKPIT-T45 in cycle CNTKPIT-C1434
2026-05-22 21:48:40,581 - INFO - Updated result for CNTKPIT-T81 in cycle CNTKPIT-C1434
2026-05-22 21:48:40,868 - INFO - Fetched details for cycle CNTKPIT-C1433
2026-05-22 21:48:41,553 - INFO - Updated result for CNTKPIT-T45 in cycle CNTKPIT-C1433
2026-05-22 21:48:42,296 - INFO - Updated result for CNTKPIT-T81 in cycle CNTKPIT-C1433
2026-05-22 21:48:42,585 - INFO - Fetched details for cycle CNTKPIT-C1432
2026-05-22 21:48:43,246 - INFO - Updated result for CNTKPIT-T45 in cycle CNTKPIT-C1432
2026-05-22 21:48:44,012 - INFO - Updated result for CNTKPIT-T81 in cycle CNTKPIT-C1432
2026-05-22 21:48:44,309 - INFO - Fetched details for cycle CNTKPIT-C1431
2026-05-22 21:48:44,981 - INFO - Updated result for CNTKPIT-T45 in cycle CNTKPIT-C1431
2026-05-22 21:48:45,745 - INFO - Updated result for CNTKPIT-T81 in cycle CNTKPIT-C1431
2026-05-22 22:12:56,496 - INFO - Found 75 cycles matching AEA1415R1.260514.1
2026-05-22 22:13:18,088 - INFO - Fetched details for cycle CNTKPIT-C1580
2026-05-22 22:13:19,417 - INFO - Updated result for CNTKPIT-T45 in cycle CNTKPIT-C1580
2026-05-22 22:13:20,079 - INFO - Updated result for CNTKPIT-T47 in cycle CNTKPIT-C1580
2026-05-22 22:13:20,809 - INFO - Updated result for CNTKPIT-T81 in cycle CNTKPIT-C1580
2026-05-22 22:13:21,103 - INFO - Fetched details for cycle CNTKPIT-C1579
2026-05-22 22:13:21,757 - INFO - Updated result for CNTKPIT-T45 in cycle CNTKPIT-C1579
2026-05-22 22:13:22,482 - INFO - Updated result for CNTKPIT-T47 in cycle CNTKPIT-C1579
2026-05-22 22:13:23,221 - INFO - Updated result for CNTKPIT-T81 in cycle CNTKPIT-C1579
2026-05-22 22:13:23,502 - INFO - Fetched details for cycle CNTKPIT-C1578
2026-05-22 22:13:24,175 - INFO - Updated result for CNTKPIT-T45 in cycle CNTKPIT-C1578
2026-05-22 22:13:24,805 - INFO - Updated result for CNTKPIT-T47 in cycle CNTKPIT-C1578
2026-05-22 22:13:25,534 - INFO - Updated result for CNTKPIT-T81 in cycle CNTKPIT-C1578
2026-05-22 22:13:25,822 - INFO - Fetched details for cycle CNTKPIT-C1577
2026-05-22 22:13:26,499 - INFO - Updated result for CNTKPIT-T45 in cycle CNTKPIT-C1577
2026-05-22 22:13:27,174 - INFO - Updated result for CNTKPIT-T47 in cycle CNTKPIT-C1577
2026-05-22 22:13:27,908 - INFO - Updated result for CNTKPIT-T81 in cycle CNTKPIT-C1577
2026-05-22 22:13:28,198 - INFO - Fetched details for cycle CNTKPIT-C1576
2026-05-22 22:13:28,830 - INFO - Updated result for CNTKPIT-T45 in cycle CNTKPIT-C1576
2026-05-22 22:13:29,487 - INFO - Updated result for CNTKPIT-T47 in cycle CNTKPIT-C1576
2026-05-22 22:13:30,210 - INFO - Updated result for CNTKPIT-T81 in cycle CNTKPIT-C1576
2026-05-22 22:13:30,499 - INFO - Fetched details for cycle CNTKPIT-C1575
2026-05-22 22:13:31,178 - INFO - Updated result for CNTKPIT-T45 in cycle CNTKPIT-C1575
2026-05-22 22:13:31,808 - INFO - Updated result for CNTKPIT-T47 in cycle CNTKPIT-C1575
2026-05-22 22:13:32,869 - INFO - Updated result for CNTKPIT-T81 in cycle CNTKPIT-C1575
2026-05-22 22:13:33,180 - INFO - Fetched details for cycle CNTKPIT-C1574
2026-05-22 22:13:33,823 - INFO - Updated result for CNTKPIT-T45 in cycle CNTKPIT-C1574
2026-05-22 22:13:34,493 - INFO - Updated result for CNTKPIT-T47 in cycle CNTKPIT-C1574
2026-05-22 22:13:35,228 - INFO - Updated result for CNTKPIT-T81 in cycle CNTKPIT-C1574
2026-05-22 22:13:35,514 - INFO - Fetched details for cycle CNTKPIT-C1573
2026-05-22 22:13:36,181 - INFO - Updated result for CNTKPIT-T45 in cycle CNTKPIT-C1573
2026-05-22 22:13:36,825 - INFO - Updated result for CNTKPIT-T47 in cycle CNTKPIT-C1573
2026-05-22 22:13:37,614 - INFO - Updated result for CNTKPIT-T81 in cycle CNTKPIT-C1573
2026-05-22 22:13:37,897 - INFO - Fetched details for cycle CNTKPIT-C1572
2026-05-22 22:13:38,540 - INFO - Updated result for CNTKPIT-T45 in cycle CNTKPIT-C1572
2026-05-22 22:13:39,186 - INFO - Updated result for CNTKPIT-T47 in cycle CNTKPIT-C1572
2026-05-22 22:13:39,891 - INFO - Updated result for CNTKPIT-T81 in cycle CNTKPIT-C1572
2026-05-22 22:13:40,183 - INFO - Fetched details for cycle CNTKPIT-C1571
2026-05-22 22:13:40,834 - INFO - Updated result for CNTKPIT-T45 in cycle CNTKPIT-C1571
2026-05-22 22:13:41,496 - INFO - Updated result for CNTKPIT-T47 in cycle CNTKPIT-C1571
2026-05-22 22:13:42,236 - INFO - Updated result for CNTKPIT-T81 in cycle CNTKPIT-C1571
2026-05-22 22:13:42,524 - INFO - Fetched details for cycle CNTKPIT-C1570
2026-05-22 22:13:43,185 - INFO - Updated result for CNTKPIT-T45 in cycle CNTKPIT-C1570
2026-05-22 22:13:43,823 - INFO - Updated result for CNTKPIT-T47 in cycle CNTKPIT-C1570
2026-05-22 22:13:44,557 - INFO - Updated result for CNTKPIT-T81 in cycle CNTKPIT-C1570
2026-05-22 22:13:44,845 - INFO - Fetched details for cycle CNTKPIT-C1569
2026-05-22 22:13:45,492 - INFO - Updated result for CNTKPIT-T45 in cycle CNTKPIT-C1569
2026-05-22 22:13:46,173 - INFO - Updated result for CNTKPIT-T47 in cycle CNTKPIT-C1569
2026-05-22 22:13:46,906 - INFO - Updated result for CNTKPIT-T81 in cycle CNTKPIT-C1569
2026-05-22 22:13:47,214 - INFO - Fetched details for cycle CNTKPIT-C1568
2026-05-22 22:13:47,869 - INFO - Updated result for CNTKPIT-T45 in cycle CNTKPIT-C1568
2026-05-22 22:13:48,505 - INFO - Updated result for CNTKPIT-T47 in cycle CNTKPIT-C1568
2026-05-22 22:13:49,252 - INFO - Updated result for CNTKPIT-T81 in cycle CNTKPIT-C1568
2026-05-22 22:13:49,554 - INFO - Fetched details for cycle CNTKPIT-C1567
2026-05-22 22:13:50,194 - INFO - Updated result for CNTKPIT-T45 in cycle CNTKPIT-C1567
2026-05-22 22:13:50,835 - INFO - Updated result for CNTKPIT-T47 in cycle CNTKPIT-C1567
2026-05-22 22:13:51,588 - INFO - Updated result for CNTKPIT-T81 in cycle CNTKPIT-C1567
2026-05-22 22:13:51,911 - INFO - Fetched details for cycle CNTKPIT-C1566
2026-05-22 22:13:52,671 - INFO - Updated result for CNTKPIT-T45 in cycle CNTKPIT-C1566
2026-05-22 22:13:53,335 - INFO - Updated result for CNTKPIT-T47 in cycle CNTKPIT-C1566
2026-05-22 22:13:54,073 - INFO - Updated result for CNTKPIT-T81 in cycle CNTKPIT-C1566
2026-05-22 22:13:54,380 - INFO - Fetched details for cycle CNTKPIT-C1565
2026-05-22 22:13:55,039 - INFO - Updated result for CNTKPIT-T45 in cycle CNTKPIT-C1565
2026-05-22 22:13:55,681 - INFO - Updated result for CNTKPIT-T47 in cycle CNTKPIT-C1565
2026-05-22 22:13:56,454 - INFO - Updated result for CNTKPIT-T81 in cycle CNTKPIT-C1565
2026-05-22 22:13:56,764 - INFO - Fetched details for cycle CNTKPIT-C1564
2026-05-22 22:13:57,420 - INFO - Updated result for CNTKPIT-T45 in cycle CNTKPIT-C1564
2026-05-22 22:13:58,086 - INFO - Updated result for CNTKPIT-T47 in cycle CNTKPIT-C1564
2026-05-22 22:13:58,828 - INFO - Updated result for CNTKPIT-T81 in cycle CNTKPIT-C1564
2026-05-22 22:13:59,119 - INFO - Fetched details for cycle CNTKPIT-C1563
2026-05-22 22:13:59,822 - INFO - Updated result for CNTKPIT-T45 in cycle CNTKPIT-C1563
2026-05-22 22:14:00,489 - INFO - Updated result for CNTKPIT-T47 in cycle CNTKPIT-C1563
2026-05-22 22:14:01,227 - INFO - Updated result for CNTKPIT-T81 in cycle CNTKPIT-C1563
2026-05-22 22:14:01,525 - INFO - Fetched details for cycle CNTKPIT-C1562
2026-05-22 22:14:02,188 - INFO - Updated result for CNTKPIT-T45 in cycle CNTKPIT-C1562
2026-05-22 22:14:02,831 - INFO - Updated result for CNTKPIT-T47 in cycle CNTKPIT-C1562
2026-05-22 22:14:03,545 - INFO - Updated result for CNTKPIT-T81 in cycle CNTKPIT-C1562
2026-05-22 22:14:03,862 - INFO - Fetched details for cycle CNTKPIT-C1561
2026-05-22 22:14:04,548 - INFO - Updated result for CNTKPIT-T45 in cycle CNTKPIT-C1561
2026-05-22 22:14:05,196 - INFO - Updated result for CNTKPIT-T47 in cycle CNTKPIT-C1561
2026-05-22 22:14:05,945 - INFO - Updated result for CNTKPIT-T81 in cycle CNTKPIT-C1561
2026-05-22 22:14:06,254 - INFO - Fetched details for cycle CNTKPIT-C1560
2026-05-22 22:14:06,961 - INFO - Updated result for CNTKPIT-T45 in cycle CNTKPIT-C1560
2026-05-22 22:14:07,656 - INFO - Updated result for CNTKPIT-T47 in cycle CNTKPIT-C1560
2026-05-22 22:14:08,393 - INFO - Updated result for CNTKPIT-T81 in cycle CNTKPIT-C1560
2026-05-22 22:14:08,688 - INFO - Fetched details for cycle CNTKPIT-C1559
2026-05-22 22:14:09,353 - INFO - Updated result for CNTKPIT-T45 in cycle CNTKPIT-C1559
2026-05-22 22:14:09,992 - INFO - Updated result for CNTKPIT-T47 in cycle CNTKPIT-C1559
2026-05-22 22:14:10,742 - INFO - Updated result for CNTKPIT-T81 in cycle CNTKPIT-C1559
2026-05-22 22:14:11,029 - INFO - Fetched details for cycle CNTKPIT-C1558
2026-05-22 22:14:11,678 - INFO - Updated result for CNTKPIT-T45 in cycle CNTKPIT-C1558
2026-05-22 22:14:12,410 - INFO - Updated result for CNTKPIT-T47 in cycle CNTKPIT-C1558
2026-05-22 22:14:13,189 - INFO - Updated result for CNTKPIT-T81 in cycle CNTKPIT-C1558
2026-05-22 22:14:13,494 - INFO - Fetched details for cycle CNTKPIT-C1557
2026-05-22 22:14:14,178 - INFO - Updated result for CNTKPIT-T45 in cycle CNTKPIT-C1557
2026-05-22 22:14:14,841 - INFO - Updated result for CNTKPIT-T47 in cycle CNTKPIT-C1557
2026-05-22 22:14:15,573 - INFO - Updated result for CNTKPIT-T81 in cycle CNTKPIT-C1557
2026-05-22 22:14:15,871 - INFO - Fetched details for cycle CNTKPIT-C1556
2026-05-22 22:14:16,563 - INFO - Updated result for CNTKPIT-T45 in cycle CNTKPIT-C1556
2026-05-22 22:14:17,221 - INFO - Updated result for CNTKPIT-T47 in cycle CNTKPIT-C1556
2026-05-22 22:14:17,974 - INFO - Updated result for CNTKPIT-T81 in cycle CNTKPIT-C1556
2026-05-22 22:14:18,272 - INFO - Fetched details for cycle CNTKPIT-C1555
2026-05-22 22:14:19,011 - INFO - Updated result for CNTKPIT-T45 in cycle CNTKPIT-C1555
2026-05-22 22:14:19,693 - INFO - Updated result for CNTKPIT-T47 in cycle CNTKPIT-C1555
2026-05-22 22:14:20,515 - INFO - Updated result for CNTKPIT-T81 in cycle CNTKPIT-C1555
2026-05-22 22:14:20,810 - INFO - Fetched details for cycle CNTKPIT-C1554
2026-05-22 22:14:21,494 - INFO - Updated result for CNTKPIT-T45 in cycle CNTKPIT-C1554
2026-05-22 22:14:22,229 - INFO - Updated result for CNTKPIT-T47 in cycle CNTKPIT-C1554
2026-05-22 22:14:22,959 - INFO - Updated result for CNTKPIT-T81 in cycle CNTKPIT-C1554
2026-05-22 22:14:23,268 - INFO - Fetched details for cycle CNTKPIT-C1553
2026-05-22 22:14:23,967 - INFO - Updated result for CNTKPIT-T45 in cycle CNTKPIT-C1553
2026-05-22 22:14:24,659 - INFO - Updated result for CNTKPIT-T47 in cycle CNTKPIT-C1553
2026-05-22 22:14:25,400 - INFO - Updated result for CNTKPIT-T81 in cycle CNTKPIT-C1553
2026-05-22 22:14:25,683 - INFO - Fetched details for cycle CNTKPIT-C1552
2026-05-22 22:14:26,326 - INFO - Updated result for CNTKPIT-T45 in cycle CNTKPIT-C1552
2026-05-22 22:14:26,963 - INFO - Updated result for CNTKPIT-T47 in cycle CNTKPIT-C1552
2026-05-22 22:14:27,753 - INFO - Updated result for CNTKPIT-T81 in cycle CNTKPIT-C1552
2026-05-22 22:14:28,044 - INFO - Fetched details for cycle CNTKPIT-C1551
2026-05-22 22:14:28,727 - INFO - Updated result for CNTKPIT-T45 in cycle CNTKPIT-C1551
2026-05-22 22:14:29,361 - INFO - Updated result for CNTKPIT-T47 in cycle CNTKPIT-C1551
2026-05-22 22:14:30,386 - INFO - Updated result for CNTKPIT-T81 in cycle CNTKPIT-C1551
2026-05-22 22:14:30,664 - INFO - Fetched details for cycle CNTKPIT-C1550
2026-05-22 22:14:31,376 - INFO - Updated result for CNTKPIT-T45 in cycle CNTKPIT-C1550
2026-05-22 22:14:32,005 - INFO - Updated result for CNTKPIT-T47 in cycle CNTKPIT-C1550
2026-05-22 22:14:32,742 - INFO - Updated result for CNTKPIT-T81 in cycle CNTKPIT-C1550
2026-05-22 22:14:33,035 - INFO - Fetched details for cycle CNTKPIT-C1549
2026-05-22 22:14:33,678 - INFO - Updated result for CNTKPIT-T45 in cycle CNTKPIT-C1549
2026-05-22 22:14:34,317 - INFO - Updated result for CNTKPIT-T47 in cycle CNTKPIT-C1549
2026-05-22 22:14:35,063 - INFO - Updated result for CNTKPIT-T81 in cycle CNTKPIT-C1549
2026-05-22 22:14:35,388 - INFO - Fetched details for cycle CNTKPIT-C1548
2026-05-22 22:14:36,026 - INFO - Updated result for CNTKPIT-T45 in cycle CNTKPIT-C1548
2026-05-22 22:14:36,712 - INFO - Updated result for CNTKPIT-T47 in cycle CNTKPIT-C1548
2026-05-22 22:14:37,535 - INFO - Updated result for CNTKPIT-T81 in cycle CNTKPIT-C1548
2026-05-22 22:14:37,930 - INFO - Fetched details for cycle CNTKPIT-C1547
2026-05-22 22:14:38,579 - INFO - Updated result for CNTKPIT-T45 in cycle CNTKPIT-C1547
2026-05-22 22:14:39,226 - INFO - Updated result for CNTKPIT-T47 in cycle CNTKPIT-C1547
2026-05-22 22:14:39,955 - INFO - Updated result for CNTKPIT-T81 in cycle CNTKPIT-C1547
2026-05-22 22:14:40,275 - INFO - Fetched details for cycle CNTKPIT-C1546
2026-05-22 22:14:40,968 - INFO - Updated result for CNTKPIT-T45 in cycle CNTKPIT-C1546
2026-05-22 22:14:41,651 - INFO - Updated result for CNTKPIT-T47 in cycle CNTKPIT-C1546
2026-05-22 22:14:42,393 - INFO - Updated result for CNTKPIT-T81 in cycle CNTKPIT-C1546
2026-05-22 22:14:42,684 - INFO - Fetched details for cycle CNTKPIT-C1545
2026-05-22 22:14:43,333 - INFO - Updated result for CNTKPIT-T45 in cycle CNTKPIT-C1545
2026-05-22 22:14:43,965 - INFO - Updated result for CNTKPIT-T47 in cycle CNTKPIT-C1545
2026-05-22 22:14:44,727 - INFO - Updated result for CNTKPIT-T81 in cycle CNTKPIT-C1545
2026-05-22 22:14:45,010 - INFO - Fetched details for cycle CNTKPIT-C1544
2026-05-22 22:14:45,655 - INFO - Updated result for CNTKPIT-T45 in cycle CNTKPIT-C1544
2026-05-22 22:14:46,290 - INFO - Updated result for CNTKPIT-T47 in cycle CNTKPIT-C1544
2026-05-22 22:14:47,070 - INFO - Updated result for CNTKPIT-T81 in cycle CNTKPIT-C1544
2026-05-22 22:14:47,377 - INFO - Fetched details for cycle CNTKPIT-C1543
2026-05-22 22:14:48,046 - INFO - Updated result for CNTKPIT-T45 in cycle CNTKPIT-C1543
2026-05-22 22:14:48,694 - INFO - Updated result for CNTKPIT-T47 in cycle CNTKPIT-C1543
2026-05-22 22:14:49,674 - INFO - Updated result for CNTKPIT-T81 in cycle CNTKPIT-C1543
2026-05-22 22:14:49,964 - INFO - Fetched details for cycle CNTKPIT-C1542
2026-05-22 22:14:50,636 - INFO - Updated result for CNTKPIT-T45 in cycle CNTKPIT-C1542
2026-05-22 22:14:51,289 - INFO - Updated result for CNTKPIT-T47 in cycle CNTKPIT-C1542
2026-05-22 22:14:52,097 - INFO - Updated result for CNTKPIT-T81 in cycle CNTKPIT-C1542
2026-05-22 22:14:52,731 - INFO - Fetched details for cycle CNTKPIT-C1541
2026-05-22 22:14:53,816 - INFO - Updated result for CNTKPIT-T45 in cycle CNTKPIT-C1541
2026-05-22 22:14:54,489 - INFO - Updated result for CNTKPIT-T47 in cycle CNTKPIT-C1541
2026-05-22 22:14:55,210 - INFO - Updated result for CNTKPIT-T81 in cycle CNTKPIT-C1541
2026-05-22 22:14:55,506 - INFO - Fetched details for cycle CNTKPIT-C1540
2026-05-22 22:14:56,185 - INFO - Updated result for CNTKPIT-T45 in cycle CNTKPIT-C1540
2026-05-22 22:14:56,839 - INFO - Updated result for CNTKPIT-T47 in cycle CNTKPIT-C1540
2026-05-22 22:14:57,565 - INFO - Updated result for CNTKPIT-T81 in cycle CNTKPIT-C1540
2026-05-22 22:14:57,869 - INFO - Fetched details for cycle CNTKPIT-C1539
2026-05-22 22:14:58,538 - INFO - Updated result for CNTKPIT-T45 in cycle CNTKPIT-C1539
2026-05-22 22:14:59,200 - INFO - Updated result for CNTKPIT-T47 in cycle CNTKPIT-C1539
2026-05-22 22:14:59,915 - INFO - Updated result for CNTKPIT-T81 in cycle CNTKPIT-C1539
2026-05-22 22:15:00,307 - INFO - Fetched details for cycle CNTKPIT-C1538
2026-05-22 22:15:00,960 - INFO - Updated result for CNTKPIT-T45 in cycle CNTKPIT-C1538
2026-05-22 22:15:01,650 - INFO - Updated result for CNTKPIT-T47 in cycle CNTKPIT-C1538
2026-05-22 22:15:02,383 - INFO - Updated result for CNTKPIT-T81 in cycle CNTKPIT-C1538
2026-05-22 22:15:02,667 - INFO - Fetched details for cycle CNTKPIT-C1537
2026-05-22 22:15:03,308 - INFO - Updated result for CNTKPIT-T45 in cycle CNTKPIT-C1537
2026-05-22 22:15:03,955 - INFO - Updated result for CNTKPIT-T47 in cycle CNTKPIT-C1537
2026-05-22 22:15:04,751 - INFO - Updated result for CNTKPIT-T81 in cycle CNTKPIT-C1537
2026-05-22 22:15:05,049 - INFO - Fetched details for cycle CNTKPIT-C1536
2026-05-22 22:15:05,697 - INFO - Updated result for CNTKPIT-T45 in cycle CNTKPIT-C1536
2026-05-22 22:15:06,340 - INFO - Updated result for CNTKPIT-T47 in cycle CNTKPIT-C1536
2026-05-22 22:15:07,089 - INFO - Updated result for CNTKPIT-T81 in cycle CNTKPIT-C1536
2026-05-22 22:15:07,392 - INFO - Fetched details for cycle CNTKPIT-C1535
2026-05-22 22:15:08,078 - INFO - Updated result for CNTKPIT-T45 in cycle CNTKPIT-C1535
2026-05-22 22:15:08,720 - INFO - Updated result for CNTKPIT-T47 in cycle CNTKPIT-C1535
2026-05-22 22:15:09,498 - INFO - Updated result for CNTKPIT-T81 in cycle CNTKPIT-C1535
2026-05-22 22:15:09,791 - INFO - Fetched details for cycle CNTKPIT-C1534
2026-05-22 22:15:10,491 - INFO - Updated result for CNTKPIT-T45 in cycle CNTKPIT-C1534
2026-05-22 22:15:11,196 - INFO - Updated result for CNTKPIT-T47 in cycle CNTKPIT-C1534
2026-05-22 22:15:11,934 - INFO - Updated result for CNTKPIT-T81 in cycle CNTKPIT-C1534
2026-05-22 22:15:12,243 - INFO - Fetched details for cycle CNTKPIT-C1533
2026-05-22 22:15:12,937 - INFO - Updated result for CNTKPIT-T45 in cycle CNTKPIT-C1533
2026-05-22 22:15:13,659 - INFO - Updated result for CNTKPIT-T47 in cycle CNTKPIT-C1533
2026-05-22 22:15:14,427 - INFO - Updated result for CNTKPIT-T81 in cycle CNTKPIT-C1533
2026-05-22 22:15:14,794 - INFO - Fetched details for cycle CNTKPIT-C1532
2026-05-22 22:15:15,491 - INFO - Updated result for CNTKPIT-T45 in cycle CNTKPIT-C1532
2026-05-22 22:15:16,222 - INFO - Updated result for CNTKPIT-T47 in cycle CNTKPIT-C1532
2026-05-22 22:15:17,069 - INFO - Updated result for CNTKPIT-T81 in cycle CNTKPIT-C1532
2026-05-22 22:15:17,406 - INFO - Fetched details for cycle CNTKPIT-C1531
2026-05-22 22:15:18,093 - INFO - Updated result for CNTKPIT-T45 in cycle CNTKPIT-C1531
2026-05-22 22:15:18,755 - INFO - Updated result for CNTKPIT-T47 in cycle CNTKPIT-C1531
2026-05-22 22:15:19,529 - INFO - Updated result for CNTKPIT-T81 in cycle CNTKPIT-C1531
2026-05-22 22:15:19,841 - INFO - Fetched details for cycle CNTKPIT-C1530
2026-05-22 22:15:20,549 - INFO - Updated result for CNTKPIT-T45 in cycle CNTKPIT-C1530
2026-05-22 22:15:21,256 - INFO - Updated result for CNTKPIT-T47 in cycle CNTKPIT-C1530
2026-05-22 22:15:22,112 - INFO - Updated result for CNTKPIT-T81 in cycle CNTKPIT-C1530
2026-05-22 22:15:22,487 - INFO - Fetched details for cycle CNTKPIT-C1529
2026-05-22 22:15:23,188 - INFO - Updated result for CNTKPIT-T45 in cycle CNTKPIT-C1529
2026-05-22 22:15:23,834 - INFO - Updated result for CNTKPIT-T47 in cycle CNTKPIT-C1529
2026-05-22 22:15:24,575 - INFO - Updated result for CNTKPIT-T81 in cycle CNTKPIT-C1529
2026-05-22 22:15:24,886 - INFO - Fetched details for cycle CNTKPIT-C1528
2026-05-22 22:15:25,557 - INFO - Updated result for CNTKPIT-T45 in cycle CNTKPIT-C1528
2026-05-22 22:15:26,204 - INFO - Updated result for CNTKPIT-T47 in cycle CNTKPIT-C1528
2026-05-22 22:15:26,971 - INFO - Updated result for CNTKPIT-T81 in cycle CNTKPIT-C1528
2026-05-22 22:15:27,268 - INFO - Fetched details for cycle CNTKPIT-C1527
2026-05-22 22:15:27,986 - INFO - Updated result for CNTKPIT-T45 in cycle CNTKPIT-C1527
2026-05-22 22:15:28,650 - INFO - Updated result for CNTKPIT-T47 in cycle CNTKPIT-C1527
2026-05-22 22:15:29,384 - INFO - Updated result for CNTKPIT-T81 in cycle CNTKPIT-C1527
2026-05-22 22:15:29,675 - INFO - Fetched details for cycle CNTKPIT-C1526
2026-05-22 22:15:30,330 - INFO - Updated result for CNTKPIT-T45 in cycle CNTKPIT-C1526
2026-05-22 22:15:30,974 - INFO - Updated result for CNTKPIT-T47 in cycle CNTKPIT-C1526
2026-05-22 22:15:31,794 - INFO - Updated result for CNTKPIT-T81 in cycle CNTKPIT-C1526
2026-05-22 22:15:32,088 - INFO - Fetched details for cycle CNTKPIT-C1525
2026-05-22 22:15:32,759 - INFO - Updated result for CNTKPIT-T45 in cycle CNTKPIT-C1525
2026-05-22 22:15:33,464 - INFO - Updated result for CNTKPIT-T47 in cycle CNTKPIT-C1525
2026-05-22 22:15:34,268 - INFO - Updated result for CNTKPIT-T81 in cycle CNTKPIT-C1525
2026-05-22 22:15:34,602 - INFO - Fetched details for cycle CNTKPIT-C1524
2026-05-22 22:15:35,740 - INFO - Updated result for CNTKPIT-T45 in cycle CNTKPIT-C1524
2026-05-22 22:15:36,385 - INFO - Updated result for CNTKPIT-T47 in cycle CNTKPIT-C1524
2026-05-22 22:15:37,125 - INFO - Updated result for CNTKPIT-T81 in cycle CNTKPIT-C1524
2026-05-22 22:15:37,566 - INFO - Fetched details for cycle CNTKPIT-C1523
2026-05-22 22:15:38,242 - INFO - Updated result for CNTKPIT-T45 in cycle CNTKPIT-C1523
2026-05-22 22:15:38,944 - INFO - Updated result for CNTKPIT-T47 in cycle CNTKPIT-C1523
2026-05-22 22:15:39,777 - INFO - Updated result for CNTKPIT-T81 in cycle CNTKPIT-C1523
2026-05-22 22:15:40,082 - INFO - Fetched details for cycle CNTKPIT-C1522
2026-05-22 22:15:40,744 - INFO - Updated result for CNTKPIT-T45 in cycle CNTKPIT-C1522
2026-05-22 22:15:41,394 - INFO - Updated result for CNTKPIT-T47 in cycle CNTKPIT-C1522
2026-05-22 22:15:42,127 - INFO - Updated result for CNTKPIT-T81 in cycle CNTKPIT-C1522
2026-05-22 22:15:42,495 - INFO - Fetched details for cycle CNTKPIT-C1521
2026-05-22 22:15:43,181 - INFO - Updated result for CNTKPIT-T45 in cycle CNTKPIT-C1521
2026-05-22 22:15:43,931 - INFO - Updated result for CNTKPIT-T47 in cycle CNTKPIT-C1521
2026-05-22 22:15:44,749 - INFO - Updated result for CNTKPIT-T81 in cycle CNTKPIT-C1521
2026-05-22 22:15:45,053 - INFO - Fetched details for cycle CNTKPIT-C1520
2026-05-22 22:15:45,728 - INFO - Updated result for CNTKPIT-T45 in cycle CNTKPIT-C1520
2026-05-22 22:15:46,391 - INFO - Updated result for CNTKPIT-T47 in cycle CNTKPIT-C1520
2026-05-22 22:15:47,176 - INFO - Updated result for CNTKPIT-T81 in cycle CNTKPIT-C1520
2026-05-22 22:15:47,504 - INFO - Fetched details for cycle CNTKPIT-C1519
2026-05-22 22:15:48,186 - INFO - Updated result for CNTKPIT-T45 in cycle CNTKPIT-C1519
2026-05-22 22:15:48,838 - INFO - Updated result for CNTKPIT-T47 in cycle CNTKPIT-C1519
2026-05-22 22:15:49,586 - INFO - Updated result for CNTKPIT-T81 in cycle CNTKPIT-C1519
2026-05-22 22:15:49,891 - INFO - Fetched details for cycle CNTKPIT-C1518
2026-05-22 22:15:50,546 - INFO - Updated result for CNTKPIT-T45 in cycle CNTKPIT-C1518
2026-05-22 22:15:51,673 - INFO - Updated result for CNTKPIT-T47 in cycle CNTKPIT-C1518
2026-05-22 22:15:52,494 - INFO - Updated result for CNTKPIT-T81 in cycle CNTKPIT-C1518
2026-05-22 22:15:52,832 - INFO - Fetched details for cycle CNTKPIT-C1517
2026-05-22 22:15:53,490 - INFO - Updated result for CNTKPIT-T45 in cycle CNTKPIT-C1517
2026-05-22 22:15:54,181 - INFO - Updated result for CNTKPIT-T47 in cycle CNTKPIT-C1517
2026-05-22 22:15:54,913 - INFO - Updated result for CNTKPIT-T81 in cycle CNTKPIT-C1517
2026-05-22 22:15:55,196 - INFO - Fetched details for cycle CNTKPIT-C1516
2026-05-22 22:15:55,953 - INFO - Updated result for CNTKPIT-T45 in cycle CNTKPIT-C1516
2026-05-22 22:15:56,676 - INFO - Updated result for CNTKPIT-T47 in cycle CNTKPIT-C1516
2026-05-22 22:15:57,821 - INFO - Updated result for CNTKPIT-T81 in cycle CNTKPIT-C1516
2026-05-22 22:15:58,118 - INFO - Fetched details for cycle CNTKPIT-C1515
2026-05-22 22:15:58,825 - INFO - Updated result for CNTKPIT-T45 in cycle CNTKPIT-C1515
2026-05-22 22:15:59,502 - INFO - Updated result for CNTKPIT-T47 in cycle CNTKPIT-C1515
2026-05-22 22:16:00,260 - INFO - Updated result for CNTKPIT-T81 in cycle CNTKPIT-C1515
2026-05-22 22:16:00,568 - INFO - Fetched details for cycle CNTKPIT-C1514
2026-05-22 22:16:01,250 - INFO - Updated result for CNTKPIT-T45 in cycle CNTKPIT-C1514
2026-05-22 22:16:01,944 - INFO - Updated result for CNTKPIT-T47 in cycle CNTKPIT-C1514
2026-05-22 22:16:02,736 - INFO - Updated result for CNTKPIT-T81 in cycle CNTKPIT-C1514
2026-05-22 22:16:03,042 - INFO - Fetched details for cycle CNTKPIT-C1513
2026-05-22 22:16:03,752 - INFO - Updated result for CNTKPIT-T45 in cycle CNTKPIT-C1513
2026-05-22 22:16:04,396 - INFO - Updated result for CNTKPIT-T47 in cycle CNTKPIT-C1513
2026-05-22 22:16:05,192 - INFO - Updated result for CNTKPIT-T81 in cycle CNTKPIT-C1513
2026-05-22 22:16:05,503 - INFO - Fetched details for cycle CNTKPIT-C1512
2026-05-22 22:16:06,183 - INFO - Updated result for CNTKPIT-T45 in cycle CNTKPIT-C1512
2026-05-22 22:16:06,831 - INFO - Updated result for CNTKPIT-T47 in cycle CNTKPIT-C1512
2026-05-22 22:16:07,582 - INFO - Updated result for CNTKPIT-T81 in cycle CNTKPIT-C1512
2026-05-22 22:16:07,866 - INFO - Fetched details for cycle CNTKPIT-C1511
2026-05-22 22:16:08,553 - INFO - Updated result for CNTKPIT-T45 in cycle CNTKPIT-C1511
2026-05-22 22:16:09,710 - INFO - Updated result for CNTKPIT-T47 in cycle CNTKPIT-C1511
2026-05-22 22:16:10,508 - INFO - Updated result for CNTKPIT-T81 in cycle CNTKPIT-C1511
2026-05-22 22:16:10,805 - INFO - Fetched details for cycle CNTKPIT-C1510
2026-05-22 22:16:11,491 - INFO - Updated result for CNTKPIT-T45 in cycle CNTKPIT-C1510
2026-05-22 22:16:12,183 - INFO - Updated result for CNTKPIT-T47 in cycle CNTKPIT-C1510
2026-05-22 22:16:12,968 - INFO - Updated result for CNTKPIT-T81 in cycle CNTKPIT-C1510
2026-05-22 22:16:13,342 - INFO - Fetched details for cycle CNTKPIT-C1509
2026-05-22 22:16:13,998 - INFO - Updated result for CNTKPIT-T45 in cycle CNTKPIT-C1509
2026-05-22 22:16:14,822 - INFO - Updated result for CNTKPIT-T47 in cycle CNTKPIT-C1509
2026-05-22 22:16:15,622 - INFO - Updated result for CNTKPIT-T81 in cycle CNTKPIT-C1509
2026-05-22 22:16:15,989 - INFO - Fetched details for cycle CNTKPIT-C1508
2026-05-22 22:16:16,727 - INFO - Updated result for CNTKPIT-T45 in cycle CNTKPIT-C1508
2026-05-22 22:16:17,407 - INFO - Updated result for CNTKPIT-T47 in cycle CNTKPIT-C1508
2026-05-22 22:16:18,258 - INFO - Updated result for CNTKPIT-T81 in cycle CNTKPIT-C1508
2026-05-22 22:16:18,573 - INFO - Fetched details for cycle CNTKPIT-C1507
2026-05-22 22:16:19,296 - INFO - Updated result for CNTKPIT-T45 in cycle CNTKPIT-C1507
2026-05-22 22:16:19,998 - INFO - Updated result for CNTKPIT-T47 in cycle CNTKPIT-C1507
2026-05-22 22:16:20,749 - INFO - Updated result for CNTKPIT-T81 in cycle CNTKPIT-C1507
2026-05-22 22:16:21,077 - INFO - Fetched details for cycle CNTKPIT-C1506
2026-05-22 22:16:21,762 - INFO - Updated result for CNTKPIT-T45 in cycle CNTKPIT-C1506
2026-05-22 22:16:22,491 - INFO - Updated result for CNTKPIT-T47 in cycle CNTKPIT-C1506
2026-05-22 22:16:23,229 - INFO - Updated result for CNTKPIT-T81 in cycle CNTKPIT-C1506
2026-05-22 22:17:34,427 - INFO - Found 1 cycles matching AEA1415R1.260514.1_T90A3_75_ITR_Cycle_Pixel_ITR_01
2026-05-22 22:17:45,645 - INFO - Found 1 cycles matching AEA1415R1.260514.1_T90A3_75_ITR_Cycle_Pixel_ITR_01
2026-05-22 22:18:16,577 - INFO - Fetched details for cycle CNTKPIT-C1431
2026-05-22 22:18:17,233 - INFO - Updated result for CNTKPIT-T47 in cycle CNTKPIT-C1431
2026-05-22 22:20:34,913 - INFO - Found 75 cycles matching AEA1415R1.260514.1
2026-05-22 22:20:37,712 - INFO - Found 75 cycles matching AEA1415R1.260514.1
2026-05-22 22:22:00,849 - INFO - Fetched details for cycle CNTKPIT-C1505
2026-05-22 22:22:01,544 - INFO - Updated result for CNTKPIT-T47 in cycle CNTKPIT-C1505
2026-05-22 22:22:02,073 - INFO - Updated result for CNTKPIT-T66 in cycle CNTKPIT-C1505
2026-05-22 22:22:02,382 - INFO - Fetched details for cycle CNTKPIT-C1504
2026-05-22 22:22:03,056 - INFO - Updated result for CNTKPIT-T47 in cycle CNTKPIT-C1504
2026-05-22 22:22:03,558 - INFO - Updated result for CNTKPIT-T66 in cycle CNTKPIT-C1504
2026-05-22 22:22:03,872 - INFO - Fetched details for cycle CNTKPIT-C1503
2026-05-22 22:22:04,677 - INFO - Updated result for CNTKPIT-T47 in cycle CNTKPIT-C1503
2026-05-22 22:22:05,186 - INFO - Updated result for CNTKPIT-T66 in cycle CNTKPIT-C1503
2026-05-22 22:22:05,500 - INFO - Fetched details for cycle CNTKPIT-C1502
2026-05-22 22:22:06,186 - INFO - Updated result for CNTKPIT-T47 in cycle CNTKPIT-C1502
2026-05-22 22:22:06,664 - INFO - Updated result for CNTKPIT-T66 in cycle CNTKPIT-C1502
2026-05-22 22:22:06,966 - INFO - Fetched details for cycle CNTKPIT-C1501
2026-05-22 22:22:07,665 - INFO - Updated result for CNTKPIT-T47 in cycle CNTKPIT-C1501
2026-05-22 22:22:08,185 - INFO - Updated result for CNTKPIT-T66 in cycle CNTKPIT-C1501
2026-05-22 22:22:08,493 - INFO - Fetched details for cycle CNTKPIT-C1500
2026-05-22 22:22:09,189 - INFO - Updated result for CNTKPIT-T47 in cycle CNTKPIT-C1500
2026-05-22 22:22:09,687 - INFO - Updated result for CNTKPIT-T66 in cycle CNTKPIT-C1500
2026-05-22 22:22:09,971 - INFO - Fetched details for cycle CNTKPIT-C1499
2026-05-22 22:22:10,687 - INFO - Updated result for CNTKPIT-T47 in cycle CNTKPIT-C1499
2026-05-22 22:22:11,256 - INFO - Updated result for CNTKPIT-T66 in cycle CNTKPIT-C1499
2026-05-22 22:22:11,546 - INFO - Fetched details for cycle CNTKPIT-C1498
2026-05-22 22:22:12,692 - INFO - Updated result for CNTKPIT-T47 in cycle CNTKPIT-C1498
2026-05-22 22:22:13,208 - INFO - Updated result for CNTKPIT-T66 in cycle CNTKPIT-C1498
2026-05-22 22:22:13,509 - INFO - Fetched details for cycle CNTKPIT-C1497
2026-05-22 22:22:14,205 - INFO - Updated result for CNTKPIT-T47 in cycle CNTKPIT-C1497
2026-05-22 22:22:14,702 - INFO - Updated result for CNTKPIT-T66 in cycle CNTKPIT-C1497
2026-05-22 22:22:14,991 - INFO - Fetched details for cycle CNTKPIT-C1496
2026-05-22 22:22:15,664 - INFO - Updated result for CNTKPIT-T47 in cycle CNTKPIT-C1496
2026-05-22 22:22:16,200 - INFO - Updated result for CNTKPIT-T66 in cycle CNTKPIT-C1496
2026-05-22 22:22:16,506 - INFO - Fetched details for cycle CNTKPIT-C1495
2026-05-22 22:22:17,193 - INFO - Updated result for CNTKPIT-T47 in cycle CNTKPIT-C1495
2026-05-22 22:22:17,700 - INFO - Updated result for CNTKPIT-T66 in cycle CNTKPIT-C1495
2026-05-22 22:22:17,989 - INFO - Fetched details for cycle CNTKPIT-C1494
2026-05-22 22:22:18,674 - INFO - Updated result for CNTKPIT-T47 in cycle CNTKPIT-C1494
2026-05-22 22:22:19,189 - INFO - Updated result for CNTKPIT-T66 in cycle CNTKPIT-C1494
2026-05-22 22:22:19,493 - INFO - Fetched details for cycle CNTKPIT-C1493
2026-05-22 22:22:20,183 - INFO - Updated result for CNTKPIT-T47 in cycle CNTKPIT-C1493
2026-05-22 22:22:20,675 - INFO - Updated result for CNTKPIT-T66 in cycle CNTKPIT-C1493
2026-05-22 22:22:20,973 - INFO - Fetched details for cycle CNTKPIT-C1492
2026-05-22 22:22:21,672 - INFO - Updated result for CNTKPIT-T47 in cycle CNTKPIT-C1492
2026-05-22 22:22:22,202 - INFO - Updated result for CNTKPIT-T66 in cycle CNTKPIT-C1492
2026-05-22 22:22:22,510 - INFO - Fetched details for cycle CNTKPIT-C1491
2026-05-22 22:22:23,184 - INFO - Updated result for CNTKPIT-T47 in cycle CNTKPIT-C1491
2026-05-22 22:22:23,675 - INFO - Updated result for CNTKPIT-T66 in cycle CNTKPIT-C1491
2026-05-22 22:22:23,965 - INFO - Fetched details for cycle CNTKPIT-C1490
2026-05-22 22:22:24,659 - INFO - Updated result for CNTKPIT-T47 in cycle CNTKPIT-C1490
2026-05-22 22:22:25,180 - INFO - Updated result for CNTKPIT-T66 in cycle CNTKPIT-C1490
2026-05-22 22:22:25,489 - INFO - Fetched details for cycle CNTKPIT-C1489
2026-05-22 22:22:26,201 - INFO - Updated result for CNTKPIT-T47 in cycle CNTKPIT-C1489
2026-05-22 22:22:26,697 - INFO - Updated result for CNTKPIT-T66 in cycle CNTKPIT-C1489
2026-05-22 22:22:26,990 - INFO - Fetched details for cycle CNTKPIT-C1488
2026-05-22 22:22:27,676 - INFO - Updated result for CNTKPIT-T47 in cycle CNTKPIT-C1488
2026-05-22 22:22:28,185 - INFO - Updated result for CNTKPIT-T66 in cycle CNTKPIT-C1488
2026-05-22 22:22:28,555 - INFO - Fetched details for cycle CNTKPIT-C1487
2026-05-22 22:22:29,220 - INFO - Updated result for CNTKPIT-T47 in cycle CNTKPIT-C1487
2026-05-22 22:22:29,714 - INFO - Updated result for CNTKPIT-T66 in cycle CNTKPIT-C1487
2026-05-22 22:22:30,006 - INFO - Fetched details for cycle CNTKPIT-C1486
2026-05-22 22:22:30,671 - INFO - Updated result for CNTKPIT-T47 in cycle CNTKPIT-C1486
2026-05-22 22:22:31,507 - INFO - Updated result for CNTKPIT-T66 in cycle CNTKPIT-C1486
2026-05-22 22:22:31,804 - INFO - Fetched details for cycle CNTKPIT-C1485
2026-05-22 22:22:32,494 - INFO - Updated result for CNTKPIT-T47 in cycle CNTKPIT-C1485
2026-05-22 22:22:32,992 - INFO - Updated result for CNTKPIT-T66 in cycle CNTKPIT-C1485
2026-05-22 22:22:33,296 - INFO - Fetched details for cycle CNTKPIT-C1484
2026-05-22 22:22:33,978 - INFO - Updated result for CNTKPIT-T47 in cycle CNTKPIT-C1484
2026-05-22 22:22:34,505 - INFO - Updated result for CNTKPIT-T66 in cycle CNTKPIT-C1484
2026-05-22 22:22:34,795 - INFO - Fetched details for cycle CNTKPIT-C1483
2026-05-22 22:22:35,500 - INFO - Updated result for CNTKPIT-T47 in cycle CNTKPIT-C1483
2026-05-22 22:22:35,982 - INFO - Updated result for CNTKPIT-T66 in cycle CNTKPIT-C1483
2026-05-22 22:22:36,267 - INFO - Fetched details for cycle CNTKPIT-C1482
2026-05-22 22:22:36,970 - INFO - Updated result for CNTKPIT-T47 in cycle CNTKPIT-C1482
2026-05-22 22:22:37,532 - INFO - Updated result for CNTKPIT-T66 in cycle CNTKPIT-C1482
2026-05-22 22:22:38,337 - INFO - Fetched details for cycle CNTKPIT-C1481
2026-05-22 22:22:38,994 - INFO - Updated result for CNTKPIT-T47 in cycle CNTKPIT-C1481
2026-05-22 22:22:39,506 - INFO - Updated result for CNTKPIT-T66 in cycle CNTKPIT-C1481
2026-05-22 22:22:39,780 - INFO - Fetched details for cycle CNTKPIT-C1480
2026-05-22 22:22:40,469 - INFO - Updated result for CNTKPIT-T47 in cycle CNTKPIT-C1480
2026-05-22 22:22:40,977 - INFO - Updated result for CNTKPIT-T66 in cycle CNTKPIT-C1480
2026-05-22 22:22:41,271 - INFO - Fetched details for cycle CNTKPIT-C1479
2026-05-22 22:22:41,978 - INFO - Updated result for CNTKPIT-T47 in cycle CNTKPIT-C1479
2026-05-22 22:22:42,505 - INFO - Updated result for CNTKPIT-T66 in cycle CNTKPIT-C1479
2026-05-22 22:22:42,783 - INFO - Fetched details for cycle CNTKPIT-C1478
2026-05-22 22:22:43,491 - INFO - Updated result for CNTKPIT-T47 in cycle CNTKPIT-C1478
2026-05-22 22:22:43,971 - INFO - Updated result for CNTKPIT-T66 in cycle CNTKPIT-C1478
2026-05-22 22:22:44,251 - INFO - Fetched details for cycle CNTKPIT-C1477
2026-05-22 22:22:44,905 - INFO - Updated result for CNTKPIT-T47 in cycle CNTKPIT-C1477
2026-05-22 22:22:45,404 - INFO - Updated result for CNTKPIT-T66 in cycle CNTKPIT-C1477
2026-05-22 22:22:45,684 - INFO - Fetched details for cycle CNTKPIT-C1476
2026-05-22 22:22:46,365 - INFO - Updated result for CNTKPIT-T47 in cycle CNTKPIT-C1476
2026-05-22 22:22:46,854 - INFO - Updated result for CNTKPIT-T66 in cycle CNTKPIT-C1476
2026-05-22 22:22:47,181 - INFO - Fetched details for cycle CNTKPIT-C1475
2026-05-22 22:22:47,831 - INFO - Updated result for CNTKPIT-T47 in cycle CNTKPIT-C1475
2026-05-22 22:22:48,318 - INFO - Updated result for CNTKPIT-T66 in cycle CNTKPIT-C1475
2026-05-22 22:22:48,601 - INFO - Fetched details for cycle CNTKPIT-C1474
2026-05-22 22:22:49,302 - INFO - Updated result for CNTKPIT-T47 in cycle CNTKPIT-C1474
2026-05-22 22:22:49,816 - INFO - Updated result for CNTKPIT-T66 in cycle CNTKPIT-C1474
2026-05-22 22:22:50,089 - INFO - Fetched details for cycle CNTKPIT-C1473
2026-05-22 22:22:50,750 - INFO - Updated result for CNTKPIT-T47 in cycle CNTKPIT-C1473
2026-05-22 22:22:51,301 - INFO - Updated result for CNTKPIT-T66 in cycle CNTKPIT-C1473
2026-05-22 22:22:51,580 - INFO - Fetched details for cycle CNTKPIT-C1472
2026-05-22 22:22:52,275 - INFO - Updated result for CNTKPIT-T47 in cycle CNTKPIT-C1472
2026-05-22 22:22:52,810 - INFO - Updated result for CNTKPIT-T66 in cycle CNTKPIT-C1472
2026-05-22 22:22:53,087 - INFO - Fetched details for cycle CNTKPIT-C1471
2026-05-22 22:22:53,748 - INFO - Updated result for CNTKPIT-T47 in cycle CNTKPIT-C1471
2026-05-22 22:22:54,233 - INFO - Updated result for CNTKPIT-T66 in cycle CNTKPIT-C1471
2026-05-22 22:22:54,507 - INFO - Fetched details for cycle CNTKPIT-C1470
2026-05-22 22:22:55,187 - INFO - Updated result for CNTKPIT-T47 in cycle CNTKPIT-C1470
2026-05-22 22:22:55,684 - INFO - Updated result for CNTKPIT-T66 in cycle CNTKPIT-C1470
2026-05-22 22:22:55,964 - INFO - Fetched details for cycle CNTKPIT-C1469
2026-05-22 22:22:56,666 - INFO - Updated result for CNTKPIT-T47 in cycle CNTKPIT-C1469
2026-05-22 22:22:57,180 - INFO - Updated result for CNTKPIT-T66 in cycle CNTKPIT-C1469
2026-05-22 22:22:57,491 - INFO - Fetched details for cycle CNTKPIT-C1468
2026-05-22 22:22:58,184 - INFO - Updated result for CNTKPIT-T47 in cycle CNTKPIT-C1468
2026-05-22 22:22:58,667 - INFO - Updated result for CNTKPIT-T66 in cycle CNTKPIT-C1468
2026-05-22 22:22:58,937 - INFO - Fetched details for cycle CNTKPIT-C1467
2026-05-22 22:22:59,664 - INFO - Updated result for CNTKPIT-T47 in cycle CNTKPIT-C1467
2026-05-22 22:23:00,183 - INFO - Updated result for CNTKPIT-T66 in cycle CNTKPIT-C1467
2026-05-22 22:23:00,501 - INFO - Fetched details for cycle CNTKPIT-C1466
2026-05-22 22:23:01,185 - INFO - Updated result for CNTKPIT-T47 in cycle CNTKPIT-C1466
2026-05-22 22:23:01,668 - INFO - Updated result for CNTKPIT-T66 in cycle CNTKPIT-C1466
2026-05-22 22:23:01,949 - INFO - Fetched details for cycle CNTKPIT-C1465
2026-05-22 22:23:02,835 - INFO - Updated result for CNTKPIT-T47 in cycle CNTKPIT-C1465
2026-05-22 22:23:03,323 - INFO - Updated result for CNTKPIT-T66 in cycle CNTKPIT-C1465
2026-05-22 22:23:03,615 - INFO - Fetched details for cycle CNTKPIT-C1464
2026-05-22 22:23:04,269 - INFO - Updated result for CNTKPIT-T47 in cycle CNTKPIT-C1464
2026-05-22 22:23:04,802 - INFO - Updated result for CNTKPIT-T66 in cycle CNTKPIT-C1464
2026-05-22 22:23:05,082 - INFO - Fetched details for cycle CNTKPIT-C1463
2026-05-22 22:23:05,744 - INFO - Updated result for CNTKPIT-T47 in cycle CNTKPIT-C1463
2026-05-22 22:23:06,237 - INFO - Updated result for CNTKPIT-T66 in cycle CNTKPIT-C1463
2026-05-22 22:23:06,534 - INFO - Fetched details for cycle CNTKPIT-C1462
2026-05-22 22:23:07,189 - INFO - Updated result for CNTKPIT-T47 in cycle CNTKPIT-C1462
2026-05-22 22:23:07,676 - INFO - Updated result for CNTKPIT-T66 in cycle CNTKPIT-C1462
2026-05-22 22:23:07,957 - INFO - Fetched details for cycle CNTKPIT-C1461
2026-05-22 22:23:08,669 - INFO - Updated result for CNTKPIT-T47 in cycle CNTKPIT-C1461
2026-05-22 22:23:09,183 - INFO - Updated result for CNTKPIT-T66 in cycle CNTKPIT-C1461
2026-05-22 22:23:09,489 - INFO - Fetched details for cycle CNTKPIT-C1460
2026-05-22 22:23:10,174 - INFO - Updated result for CNTKPIT-T47 in cycle CNTKPIT-C1460
2026-05-22 22:23:10,668 - INFO - Updated result for CNTKPIT-T66 in cycle CNTKPIT-C1460
2026-05-22 22:23:10,987 - INFO - Fetched details for cycle CNTKPIT-C1459
2026-05-22 22:23:11,670 - INFO - Updated result for CNTKPIT-T47 in cycle CNTKPIT-C1459
2026-05-22 22:23:12,190 - INFO - Updated result for CNTKPIT-T66 in cycle CNTKPIT-C1459
2026-05-22 22:23:12,498 - INFO - Fetched details for cycle CNTKPIT-C1458
2026-05-22 22:23:13,180 - INFO - Updated result for CNTKPIT-T47 in cycle CNTKPIT-C1458
2026-05-22 22:23:13,663 - INFO - Updated result for CNTKPIT-T66 in cycle CNTKPIT-C1458
2026-05-22 22:23:13,948 - INFO - Fetched details for cycle CNTKPIT-C1457
2026-05-22 22:23:14,615 - INFO - Updated result for CNTKPIT-T47 in cycle CNTKPIT-C1457
2026-05-22 22:23:15,099 - INFO - Updated result for CNTKPIT-T66 in cycle CNTKPIT-C1457
2026-05-22 22:23:15,380 - INFO - Fetched details for cycle CNTKPIT-C1456
2026-05-22 22:23:16,034 - INFO - Updated result for CNTKPIT-T47 in cycle CNTKPIT-C1456
2026-05-22 22:23:16,555 - INFO - Updated result for CNTKPIT-T66 in cycle CNTKPIT-C1456
2026-05-22 22:23:16,849 - INFO - Fetched details for cycle CNTKPIT-C1455
2026-05-22 22:23:17,531 - INFO - Updated result for CNTKPIT-T47 in cycle CNTKPIT-C1455
2026-05-22 22:23:18,014 - INFO - Updated result for CNTKPIT-T66 in cycle CNTKPIT-C1455
2026-05-22 22:23:18,310 - INFO - Fetched details for cycle CNTKPIT-C1454
2026-05-22 22:23:19,017 - INFO - Updated result for CNTKPIT-T47 in cycle CNTKPIT-C1454
2026-05-22 22:23:19,584 - INFO - Updated result for CNTKPIT-T66 in cycle CNTKPIT-C1454
2026-05-22 22:23:19,868 - INFO - Fetched details for cycle CNTKPIT-C1453
2026-05-22 22:23:20,534 - INFO - Updated result for CNTKPIT-T47 in cycle CNTKPIT-C1453
2026-05-22 22:23:21,026 - INFO - Updated result for CNTKPIT-T66 in cycle CNTKPIT-C1453
2026-05-22 22:23:21,321 - INFO - Fetched details for cycle CNTKPIT-C1452
2026-05-22 22:23:22,041 - INFO - Updated result for CNTKPIT-T47 in cycle CNTKPIT-C1452
2026-05-22 22:23:22,569 - INFO - Updated result for CNTKPIT-T66 in cycle CNTKPIT-C1452
2026-05-22 22:23:22,848 - INFO - Fetched details for cycle CNTKPIT-C1451
2026-05-22 22:23:23,495 - INFO - Updated result for CNTKPIT-T47 in cycle CNTKPIT-C1451
2026-05-22 22:23:23,988 - INFO - Updated result for CNTKPIT-T66 in cycle CNTKPIT-C1451
2026-05-22 22:23:24,270 - INFO - Fetched details for cycle CNTKPIT-C1450
2026-05-22 22:23:24,983 - INFO - Updated result for CNTKPIT-T47 in cycle CNTKPIT-C1450
2026-05-22 22:23:25,502 - INFO - Updated result for CNTKPIT-T66 in cycle CNTKPIT-C1450
2026-05-22 22:23:25,791 - INFO - Fetched details for cycle CNTKPIT-C1449
2026-05-22 22:23:26,497 - INFO - Updated result for CNTKPIT-T47 in cycle CNTKPIT-C1449
2026-05-22 22:23:26,983 - INFO - Updated result for CNTKPIT-T66 in cycle CNTKPIT-C1449
2026-05-22 22:23:27,262 - INFO - Fetched details for cycle CNTKPIT-C1448
2026-05-22 22:23:27,967 - INFO - Updated result for CNTKPIT-T47 in cycle CNTKPIT-C1448
2026-05-22 22:23:28,505 - INFO - Updated result for CNTKPIT-T66 in cycle CNTKPIT-C1448
2026-05-22 22:23:28,785 - INFO - Fetched details for cycle CNTKPIT-C1447
2026-05-22 22:23:29,481 - INFO - Updated result for CNTKPIT-T47 in cycle CNTKPIT-C1447
2026-05-22 22:23:29,967 - INFO - Updated result for CNTKPIT-T66 in cycle CNTKPIT-C1447
2026-05-22 22:23:30,249 - INFO - Fetched details for cycle CNTKPIT-C1446
2026-05-22 22:23:30,967 - INFO - Updated result for CNTKPIT-T47 in cycle CNTKPIT-C1446
2026-05-22 22:23:31,498 - INFO - Updated result for CNTKPIT-T66 in cycle CNTKPIT-C1446
2026-05-22 22:23:31,779 - INFO - Fetched details for cycle CNTKPIT-C1445
2026-05-22 22:23:32,550 - INFO - Updated result for CNTKPIT-T47 in cycle CNTKPIT-C1445
2026-05-22 22:23:33,047 - INFO - Updated result for CNTKPIT-T66 in cycle CNTKPIT-C1445
2026-05-22 22:23:33,339 - INFO - Fetched details for cycle CNTKPIT-C1444
2026-05-22 22:23:34,002 - INFO - Updated result for CNTKPIT-T47 in cycle CNTKPIT-C1444
2026-05-22 22:23:34,522 - INFO - Updated result for CNTKPIT-T66 in cycle CNTKPIT-C1444
2026-05-22 22:23:34,818 - INFO - Fetched details for cycle CNTKPIT-C1443
2026-05-22 22:23:35,496 - INFO - Updated result for CNTKPIT-T47 in cycle CNTKPIT-C1443
2026-05-22 22:23:35,981 - INFO - Updated result for CNTKPIT-T66 in cycle CNTKPIT-C1443
2026-05-22 22:23:36,263 - INFO - Fetched details for cycle CNTKPIT-C1442
2026-05-22 22:23:36,968 - INFO - Updated result for CNTKPIT-T47 in cycle CNTKPIT-C1442
2026-05-22 22:23:37,500 - INFO - Updated result for CNTKPIT-T66 in cycle CNTKPIT-C1442
2026-05-22 22:23:37,780 - INFO - Fetched details for cycle CNTKPIT-C1441
2026-05-22 22:23:38,433 - INFO - Updated result for CNTKPIT-T47 in cycle CNTKPIT-C1441
2026-05-22 22:23:38,958 - INFO - Updated result for CNTKPIT-T66 in cycle CNTKPIT-C1441
2026-05-22 22:23:39,231 - INFO - Fetched details for cycle CNTKPIT-C1440
2026-05-22 22:23:39,895 - INFO - Updated result for CNTKPIT-T47 in cycle CNTKPIT-C1440
2026-05-22 22:23:40,417 - INFO - Updated result for CNTKPIT-T66 in cycle CNTKPIT-C1440
2026-05-22 22:23:40,732 - INFO - Fetched details for cycle CNTKPIT-C1439
2026-05-22 22:23:41,379 - INFO - Updated result for CNTKPIT-T47 in cycle CNTKPIT-C1439
2026-05-22 22:23:41,864 - INFO - Updated result for CNTKPIT-T66 in cycle CNTKPIT-C1439
2026-05-22 22:23:42,180 - INFO - Fetched details for cycle CNTKPIT-C1438
2026-05-22 22:23:42,834 - INFO - Updated result for CNTKPIT-T47 in cycle CNTKPIT-C1438
2026-05-22 22:23:43,327 - INFO - Updated result for CNTKPIT-T66 in cycle CNTKPIT-C1438
2026-05-22 22:23:43,613 - INFO - Fetched details for cycle CNTKPIT-C1437
2026-05-22 22:23:44,268 - INFO - Updated result for CNTKPIT-T47 in cycle CNTKPIT-C1437
2026-05-22 22:23:44,808 - INFO - Updated result for CNTKPIT-T66 in cycle CNTKPIT-C1437
2026-05-22 22:23:45,085 - INFO - Fetched details for cycle CNTKPIT-C1436
2026-05-22 22:23:45,730 - INFO - Updated result for CNTKPIT-T47 in cycle CNTKPIT-C1436
2026-05-22 22:23:46,229 - INFO - Updated result for CNTKPIT-T66 in cycle CNTKPIT-C1436
2026-05-22 22:23:46,509 - INFO - Fetched details for cycle CNTKPIT-C1435
2026-05-22 22:23:47,183 - INFO - Updated result for CNTKPIT-T47 in cycle CNTKPIT-C1435
2026-05-22 22:23:47,680 - INFO - Updated result for CNTKPIT-T66 in cycle CNTKPIT-C1435
2026-05-22 22:23:47,964 - INFO - Fetched details for cycle CNTKPIT-C1434
2026-05-22 22:23:48,673 - INFO - Updated result for CNTKPIT-T47 in cycle CNTKPIT-C1434
2026-05-22 22:23:49,184 - INFO - Updated result for CNTKPIT-T66 in cycle CNTKPIT-C1434
2026-05-22 22:23:49,488 - INFO - Fetched details for cycle CNTKPIT-C1433
2026-05-22 22:23:50,254 - INFO - Updated result for CNTKPIT-T47 in cycle CNTKPIT-C1433
2026-05-22 22:23:50,812 - INFO - Updated result for CNTKPIT-T66 in cycle CNTKPIT-C1433
2026-05-22 22:23:51,100 - INFO - Fetched details for cycle CNTKPIT-C1432
2026-05-22 22:23:51,783 - INFO - Updated result for CNTKPIT-T47 in cycle CNTKPIT-C1432
2026-05-22 22:23:52,306 - INFO - Updated result for CNTKPIT-T66 in cycle CNTKPIT-C1432
2026-05-22 22:23:52,586 - INFO - Fetched details for cycle CNTKPIT-C1431
2026-05-22 22:23:53,025 - INFO - Updated result for CNTKPIT-T47 in cycle CNTKPIT-C1431
2026-05-22 22:23:53,506 - INFO - Updated result for CNTKPIT-T66 in cycle CNTKPIT-C1431
2026-05-25 11:45:58,436 - INFO - Found 75 cycles matching AEA1415R1.260514.1
2026-05-25 11:46:25,498 - INFO - Fetched details for cycle CNTKPIT-C1505
2026-05-25 11:46:27,686 - INFO - Updated result for CNTKPIT-T73 in cycle CNTKPIT-C1505
2026-05-25 11:46:28,797 - INFO - Fetched details for cycle CNTKPIT-C1504
2026-05-25 11:46:30,951 - INFO - Updated result for CNTKPIT-T73 in cycle CNTKPIT-C1504
2026-05-25 11:46:32,057 - INFO - Fetched details for cycle CNTKPIT-C1503
2026-05-25 11:46:34,277 - INFO - Updated result for CNTKPIT-T73 in cycle CNTKPIT-C1503
2026-05-25 11:46:35,357 - INFO - Fetched details for cycle CNTKPIT-C1502
2026-05-25 11:46:37,518 - INFO - Updated result for CNTKPIT-T73 in cycle CNTKPIT-C1502
2026-05-25 11:46:38,589 - INFO - Fetched details for cycle CNTKPIT-C1501
2026-05-25 11:46:41,759 - INFO - Updated result for CNTKPIT-T73 in cycle CNTKPIT-C1501
2026-05-25 11:52:26,800 - INFO - Found 75 cycles matching AEA1415R1.260514.1
2026-05-25 11:52:36,255 - INFO - Fetched details for cycle CNTKPIT-C1505
2026-05-25 11:52:38,352 - INFO - Updated result for CNTKPIT-T73 in cycle CNTKPIT-C1505
2026-05-25 11:52:39,422 - INFO - Fetched details for cycle CNTKPIT-C1504
2026-05-25 11:52:41,544 - INFO - Updated result for CNTKPIT-T73 in cycle CNTKPIT-C1504
2026-05-25 11:52:42,593 - INFO - Fetched details for cycle CNTKPIT-C1503
2026-05-25 11:52:44,727 - INFO - Updated result for CNTKPIT-T73 in cycle CNTKPIT-C1503
2026-05-25 11:52:45,830 - INFO - Fetched details for cycle CNTKPIT-C1502
2026-05-25 11:52:47,948 - INFO - Updated result for CNTKPIT-T73 in cycle CNTKPIT-C1502
2026-05-25 11:52:49,016 - INFO - Fetched details for cycle CNTKPIT-C1501
2026-05-25 11:52:51,167 - INFO - Updated result for CNTKPIT-T73 in cycle CNTKPIT-C1501
2026-05-25 11:57:16,131 - INFO - Found 75 cycles matching AEA1415R1.260514.1
2026-05-25 11:57:25,897 - INFO - Found 75 cycles matching AEA1415R1.260514.1
2026-05-25 11:57:49,921 - INFO - Fetched details for cycle CNTKPIT-C1505
2026-05-25 11:57:52,049 - INFO - Updated result for CNTKPIT-T73 in cycle CNTKPIT-C1505
2026-05-25 11:57:54,121 - INFO - Fetched details for cycle CNTKPIT-C1504
2026-05-25 11:57:56,398 - INFO - Updated result for CNTKPIT-T73 in cycle CNTKPIT-C1504
2026-05-25 11:57:57,486 - INFO - Fetched details for cycle CNTKPIT-C1503
2026-05-25 11:57:59,838 - INFO - Updated result for CNTKPIT-T73 in cycle CNTKPIT-C1503
2026-05-25 11:58:00,943 - INFO - Fetched details for cycle CNTKPIT-C1502
2026-05-25 11:58:03,104 - INFO - Updated result for CNTKPIT-T73 in cycle CNTKPIT-C1502
2026-05-25 11:58:04,295 - INFO - Fetched details for cycle CNTKPIT-C1501
2026-05-25 11:58:06,558 - INFO - Updated result for CNTKPIT-T73 in cycle CNTKPIT-C1501
2026-05-25 11:58:07,648 - INFO - Fetched details for cycle CNTKPIT-C1500
2026-05-25 11:58:09,794 - INFO - Updated result for CNTKPIT-T73 in cycle CNTKPIT-C1500
2026-05-25 11:58:10,883 - INFO - Fetched details for cycle CNTKPIT-C1499
2026-05-25 11:58:13,116 - INFO - Updated result for CNTKPIT-T73 in cycle CNTKPIT-C1499
2026-05-25 11:58:14,162 - INFO - Fetched details for cycle CNTKPIT-C1498
2026-05-25 11:58:16,320 - INFO - Updated result for CNTKPIT-T73 in cycle CNTKPIT-C1498
2026-05-25 11:58:17,459 - INFO - Fetched details for cycle CNTKPIT-C1497
2026-05-25 11:58:19,573 - INFO - Updated result for CNTKPIT-T73 in cycle CNTKPIT-C1497
2026-05-25 11:58:20,683 - INFO - Fetched details for cycle CNTKPIT-C1496
2026-05-25 11:58:22,864 - INFO - Updated result for CNTKPIT-T73 in cycle CNTKPIT-C1496
2026-05-25 11:58:23,938 - INFO - Fetched details for cycle CNTKPIT-C1495
2026-05-25 11:58:26,128 - INFO - Updated result for CNTKPIT-T73 in cycle CNTKPIT-C1495
2026-05-25 11:58:27,191 - INFO - Fetched details for cycle CNTKPIT-C1494
2026-05-25 11:58:29,594 - INFO - Updated result for CNTKPIT-T73 in cycle CNTKPIT-C1494
2026-05-25 11:58:30,657 - INFO - Fetched details for cycle CNTKPIT-C1493
2026-05-25 11:58:32,742 - INFO - Updated result for CNTKPIT-T73 in cycle CNTKPIT-C1493
2026-05-25 11:58:33,801 - INFO - Fetched details for cycle CNTKPIT-C1492
2026-05-25 11:58:35,875 - INFO - Updated result for CNTKPIT-T73 in cycle CNTKPIT-C1492
2026-05-25 11:58:36,945 - INFO - Fetched details for cycle CNTKPIT-C1491
2026-05-25 11:58:39,043 - INFO - Updated result for CNTKPIT-T73 in cycle CNTKPIT-C1491
2026-05-25 11:58:40,178 - INFO - Fetched details for cycle CNTKPIT-C1490
2026-05-25 11:58:42,320 - INFO - Updated result for CNTKPIT-T73 in cycle CNTKPIT-C1490
2026-05-25 11:58:43,403 - INFO - Fetched details for cycle CNTKPIT-C1489
2026-05-25 11:58:45,521 - INFO - Updated result for CNTKPIT-T73 in cycle CNTKPIT-C1489
2026-05-25 11:58:46,567 - INFO - Fetched details for cycle CNTKPIT-C1488
2026-05-25 11:58:48,712 - INFO - Updated result for CNTKPIT-T73 in cycle CNTKPIT-C1488
2026-05-25 11:58:49,756 - INFO - Fetched details for cycle CNTKPIT-C1487
2026-05-25 11:58:51,844 - INFO - Updated result for CNTKPIT-T73 in cycle CNTKPIT-C1487
2026-05-25 11:58:52,901 - INFO - Fetched details for cycle CNTKPIT-C1486
2026-05-25 11:58:55,106 - INFO - Updated result for CNTKPIT-T73 in cycle CNTKPIT-C1486
2026-05-25 11:58:56,181 - INFO - Fetched details for cycle CNTKPIT-C1485
2026-05-25 11:58:58,313 - INFO - Updated result for CNTKPIT-T73 in cycle CNTKPIT-C1485
2026-05-25 11:58:59,414 - INFO - Fetched details for cycle CNTKPIT-C1484
2026-05-25 11:59:01,491 - INFO - Updated result for CNTKPIT-T73 in cycle CNTKPIT-C1484
2026-05-25 11:59:02,559 - INFO - Fetched details for cycle CNTKPIT-C1483
2026-05-25 11:59:04,739 - INFO - Updated result for CNTKPIT-T73 in cycle CNTKPIT-C1483
2026-05-25 11:59:05,784 - INFO - Fetched details for cycle CNTKPIT-C1482
2026-05-25 11:59:07,934 - INFO - Updated result for CNTKPIT-T73 in cycle CNTKPIT-C1482
2026-05-25 11:59:09,066 - INFO - Fetched details for cycle CNTKPIT-C1481
2026-05-25 11:59:11,223 - INFO - Updated result for CNTKPIT-T73 in cycle CNTKPIT-C1481
2026-05-25 11:59:12,300 - INFO - Fetched details for cycle CNTKPIT-C1480
2026-05-25 11:59:14,498 - INFO - Updated result for CNTKPIT-T73 in cycle CNTKPIT-C1480
2026-05-25 11:59:15,672 - INFO - Fetched details for cycle CNTKPIT-C1479
2026-05-25 11:59:17,767 - INFO - Updated result for CNTKPIT-T73 in cycle CNTKPIT-C1479
2026-05-25 11:59:18,826 - INFO - Fetched details for cycle CNTKPIT-C1478
2026-05-25 11:59:20,949 - INFO - Updated result for CNTKPIT-T73 in cycle CNTKPIT-C1478
2026-05-25 11:59:22,000 - INFO - Fetched details for cycle CNTKPIT-C1477
2026-05-25 11:59:24,134 - INFO - Updated result for CNTKPIT-T73 in cycle CNTKPIT-C1477
2026-05-25 11:59:25,221 - INFO - Fetched details for cycle CNTKPIT-C1476
2026-05-25 11:59:27,386 - INFO - Updated result for CNTKPIT-T73 in cycle CNTKPIT-C1476
2026-05-25 11:59:28,430 - INFO - Fetched details for cycle CNTKPIT-C1475
2026-05-25 11:59:30,510 - INFO - Updated result for CNTKPIT-T73 in cycle CNTKPIT-C1475
2026-05-25 11:59:31,585 - INFO - Fetched details for cycle CNTKPIT-C1474
2026-05-25 11:59:33,762 - INFO - Updated result for CNTKPIT-T73 in cycle CNTKPIT-C1474
2026-05-25 11:59:34,820 - INFO - Fetched details for cycle CNTKPIT-C1473
2026-05-25 11:59:36,929 - INFO - Updated result for CNTKPIT-T73 in cycle CNTKPIT-C1473
2026-05-25 11:59:37,979 - INFO - Fetched details for cycle CNTKPIT-C1472
2026-05-25 11:59:40,127 - INFO - Updated result for CNTKPIT-T73 in cycle CNTKPIT-C1472
2026-05-25 11:59:41,167 - INFO - Fetched details for cycle CNTKPIT-C1471
2026-05-25 11:59:43,310 - INFO - Updated result for CNTKPIT-T73 in cycle CNTKPIT-C1471
2026-05-25 11:59:44,439 - INFO - Fetched details for cycle CNTKPIT-C1470
2026-05-25 11:59:46,531 - INFO - Updated result for CNTKPIT-T73 in cycle CNTKPIT-C1470
2026-05-25 11:59:47,582 - INFO - Fetched details for cycle CNTKPIT-C1469
2026-05-25 11:59:49,779 - INFO - Updated result for CNTKPIT-T73 in cycle CNTKPIT-C1469
2026-05-25 11:59:50,862 - INFO - Fetched details for cycle CNTKPIT-C1468
2026-05-25 11:59:53,123 - INFO - Updated result for CNTKPIT-T73 in cycle CNTKPIT-C1468
2026-05-25 11:59:54,247 - INFO - Fetched details for cycle CNTKPIT-C1467
2026-05-25 11:59:56,521 - INFO - Updated result for CNTKPIT-T73 in cycle CNTKPIT-C1467
2026-05-25 11:59:57,592 - INFO - Fetched details for cycle CNTKPIT-C1466
2026-05-25 11:59:59,726 - INFO - Updated result for CNTKPIT-T73 in cycle CNTKPIT-C1466
2026-05-25 12:00:00,803 - INFO - Fetched details for cycle CNTKPIT-C1465
2026-05-25 12:00:02,955 - INFO - Updated result for CNTKPIT-T73 in cycle CNTKPIT-C1465
2026-05-25 12:00:04,094 - INFO - Fetched details for cycle CNTKPIT-C1464
2026-05-25 12:00:06,265 - INFO - Updated result for CNTKPIT-T73 in cycle CNTKPIT-C1464
2026-05-25 12:00:07,325 - INFO - Fetched details for cycle CNTKPIT-C1463
2026-05-25 12:00:09,529 - INFO - Updated result for CNTKPIT-T73 in cycle CNTKPIT-C1463
2026-05-25 12:00:10,591 - INFO - Fetched details for cycle CNTKPIT-C1462
2026-05-25 12:00:12,718 - INFO - Updated result for CNTKPIT-T73 in cycle CNTKPIT-C1462
2026-05-25 12:00:13,796 - INFO - Fetched details for cycle CNTKPIT-C1461
2026-05-25 12:00:15,956 - INFO - Updated result for CNTKPIT-T73 in cycle CNTKPIT-C1461
2026-05-25 12:00:17,020 - INFO - Fetched details for cycle CNTKPIT-C1460
2026-05-25 12:00:19,216 - INFO - Updated result for CNTKPIT-T73 in cycle CNTKPIT-C1460
2026-05-25 12:00:20,286 - INFO - Fetched details for cycle CNTKPIT-C1459
2026-05-25 12:00:22,507 - INFO - Updated result for CNTKPIT-T73 in cycle CNTKPIT-C1459
2026-05-25 12:00:23,584 - INFO - Fetched details for cycle CNTKPIT-C1458
2026-05-25 12:00:25,827 - INFO - Updated result for CNTKPIT-T73 in cycle CNTKPIT-C1458
2026-05-25 12:00:26,895 - INFO - Fetched details for cycle CNTKPIT-C1457
2026-05-25 12:00:29,083 - INFO - Updated result for CNTKPIT-T73 in cycle CNTKPIT-C1457
2026-05-25 12:00:30,180 - INFO - Fetched details for cycle CNTKPIT-C1456
2026-05-25 12:00:32,309 - INFO - Updated result for CNTKPIT-T73 in cycle CNTKPIT-C1456
2026-05-25 12:00:33,361 - INFO - Fetched details for cycle CNTKPIT-C1455
2026-05-25 12:00:35,529 - INFO - Updated result for CNTKPIT-T73 in cycle CNTKPIT-C1455
2026-05-25 12:00:36,670 - INFO - Fetched details for cycle CNTKPIT-C1454
2026-05-25 12:00:38,868 - INFO - Updated result for CNTKPIT-T73 in cycle CNTKPIT-C1454
2026-05-25 12:00:40,026 - INFO - Fetched details for cycle CNTKPIT-C1453
2026-05-25 12:00:42,159 - INFO - Updated result for CNTKPIT-T73 in cycle CNTKPIT-C1453
2026-05-25 12:00:43,282 - INFO - Fetched details for cycle CNTKPIT-C1452
2026-05-25 12:00:45,462 - INFO - Updated result for CNTKPIT-T73 in cycle CNTKPIT-C1452
2026-05-25 12:00:46,523 - INFO - Fetched details for cycle CNTKPIT-C1451
2026-05-25 12:00:48,734 - INFO - Updated result for CNTKPIT-T73 in cycle CNTKPIT-C1451
2026-05-25 12:00:49,795 - INFO - Fetched details for cycle CNTKPIT-C1450
2026-05-25 12:00:51,912 - INFO - Updated result for CNTKPIT-T73 in cycle CNTKPIT-C1450
2026-05-25 12:00:52,988 - INFO - Fetched details for cycle CNTKPIT-C1449
2026-05-25 12:00:55,125 - INFO - Updated result for CNTKPIT-T73 in cycle CNTKPIT-C1449
2026-05-25 12:00:56,172 - INFO - Fetched details for cycle CNTKPIT-C1448
2026-05-25 12:00:58,379 - INFO - Updated result for CNTKPIT-T73 in cycle CNTKPIT-C1448
2026-05-25 12:00:59,460 - INFO - Fetched details for cycle CNTKPIT-C1447
2026-05-25 12:01:01,606 - INFO - Updated result for CNTKPIT-T73 in cycle CNTKPIT-C1447
2026-05-25 12:01:02,701 - INFO - Fetched details for cycle CNTKPIT-C1446
2026-05-25 12:01:04,819 - INFO - Updated result for CNTKPIT-T73 in cycle CNTKPIT-C1446
2026-05-25 12:01:05,931 - INFO - Fetched details for cycle CNTKPIT-C1445
2026-05-25 12:01:08,026 - INFO - Updated result for CNTKPIT-T73 in cycle CNTKPIT-C1445
2026-05-25 12:01:09,083 - INFO - Fetched details for cycle CNTKPIT-C1444
2026-05-25 12:01:11,298 - INFO - Updated result for CNTKPIT-T73 in cycle CNTKPIT-C1444
2026-05-25 12:01:12,359 - INFO - Fetched details for cycle CNTKPIT-C1443
2026-05-25 12:01:14,483 - INFO - Updated result for CNTKPIT-T73 in cycle CNTKPIT-C1443
2026-05-25 12:01:15,634 - INFO - Fetched details for cycle CNTKPIT-C1442
2026-05-25 12:01:18,759 - INFO - Updated result for CNTKPIT-T73 in cycle CNTKPIT-C1442
2026-05-25 12:01:19,846 - INFO - Fetched details for cycle CNTKPIT-C1441
2026-05-25 12:01:21,933 - INFO - Updated result for CNTKPIT-T73 in cycle CNTKPIT-C1441
2026-05-25 12:01:23,057 - INFO - Fetched details for cycle CNTKPIT-C1440
2026-05-25 12:01:25,285 - INFO - Updated result for CNTKPIT-T73 in cycle CNTKPIT-C1440
2026-05-25 12:01:26,381 - INFO - Fetched details for cycle CNTKPIT-C1439
2026-05-25 12:01:28,547 - INFO - Updated result for CNTKPIT-T73 in cycle CNTKPIT-C1439
2026-05-25 12:01:29,714 - INFO - Fetched details for cycle CNTKPIT-C1438
2026-05-25 12:01:31,938 - INFO - Updated result for CNTKPIT-T73 in cycle CNTKPIT-C1438
2026-05-25 12:01:32,986 - INFO - Fetched details for cycle CNTKPIT-C1437
2026-05-25 12:01:34,171 - INFO - Updated result for CNTKPIT-T73 in cycle CNTKPIT-C1437
2026-05-25 12:01:35,248 - INFO - Fetched details for cycle CNTKPIT-C1436
2026-05-25 12:01:37,409 - INFO - Updated result for CNTKPIT-T73 in cycle CNTKPIT-C1436
2026-05-25 12:01:38,470 - INFO - Fetched details for cycle CNTKPIT-C1435
2026-05-25 12:01:40,628 - INFO - Updated result for CNTKPIT-T73 in cycle CNTKPIT-C1435
2026-05-25 12:01:41,692 - INFO - Fetched details for cycle CNTKPIT-C1434
2026-05-25 12:01:43,880 - INFO - Updated result for CNTKPIT-T73 in cycle CNTKPIT-C1434
2026-05-25 12:01:45,025 - INFO - Fetched details for cycle CNTKPIT-C1433
2026-05-25 12:01:47,196 - INFO - Updated result for CNTKPIT-T73 in cycle CNTKPIT-C1433
2026-05-25 12:01:48,286 - INFO - Fetched details for cycle CNTKPIT-C1432
2026-05-25 12:01:50,501 - INFO - Updated result for CNTKPIT-T73 in cycle CNTKPIT-C1432
2026-05-25 12:01:51,654 - INFO - Fetched details for cycle CNTKPIT-C1431
2026-05-25 12:01:53,795 - INFO - Updated result for CNTKPIT-T73 in cycle CNTKPIT-C1431
2026-05-26 16:57:58,590 - INFO - Found 75 cycles matching AEA1415R1.260514.1
2026-05-26 16:58:27,404 - INFO - Fetched details for cycle CNTKPIT-C1430
2026-05-26 16:58:27,946 - INFO - Updated result for CNTKPIT-T71 in cycle CNTKPIT-C1430
2026-05-26 16:58:28,210 - INFO - Fetched details for cycle CNTKPIT-C1429
2026-05-26 16:58:28,735 - INFO - Updated result for CNTKPIT-T71 in cycle CNTKPIT-C1429
2026-05-26 16:58:28,996 - INFO - Fetched details for cycle CNTKPIT-C1428
2026-05-26 16:58:29,533 - INFO - Updated result for CNTKPIT-T71 in cycle CNTKPIT-C1428
2026-05-26 16:58:29,809 - INFO - Fetched details for cycle CNTKPIT-C1427
2026-05-26 16:58:30,329 - INFO - Updated result for CNTKPIT-T71 in cycle CNTKPIT-C1427
2026-05-26 16:58:30,599 - INFO - Fetched details for cycle CNTKPIT-C1426
2026-05-26 16:58:31,148 - INFO - Updated result for CNTKPIT-T71 in cycle CNTKPIT-C1426
2026-05-26 16:58:31,439 - INFO - Fetched details for cycle CNTKPIT-C1425
2026-05-26 16:58:31,969 - INFO - Updated result for CNTKPIT-T71 in cycle CNTKPIT-C1425
2026-05-26 16:58:32,235 - INFO - Fetched details for cycle CNTKPIT-C1424
2026-05-26 16:58:32,765 - INFO - Updated result for CNTKPIT-T71 in cycle CNTKPIT-C1424
2026-05-26 16:58:33,029 - INFO - Fetched details for cycle CNTKPIT-C1423
2026-05-26 16:58:33,570 - INFO - Updated result for CNTKPIT-T71 in cycle CNTKPIT-C1423
2026-05-26 16:58:33,838 - INFO - Fetched details for cycle CNTKPIT-C1422
2026-05-26 16:58:34,377 - INFO - Updated result for CNTKPIT-T71 in cycle CNTKPIT-C1422
2026-05-26 16:58:34,644 - INFO - Fetched details for cycle CNTKPIT-C1421
2026-05-26 16:58:35,226 - INFO - Updated result for CNTKPIT-T71 in cycle CNTKPIT-C1421
2026-05-26 16:58:35,493 - INFO - Fetched details for cycle CNTKPIT-C1420
2026-05-26 16:58:36,032 - INFO - Updated result for CNTKPIT-T71 in cycle CNTKPIT-C1420
2026-05-26 16:58:36,293 - INFO - Fetched details for cycle CNTKPIT-C1419
2026-05-26 16:58:36,828 - INFO - Updated result for CNTKPIT-T71 in cycle CNTKPIT-C1419
2026-05-26 16:58:37,098 - INFO - Fetched details for cycle CNTKPIT-C1418
2026-05-26 16:58:37,670 - INFO - Updated result for CNTKPIT-T71 in cycle CNTKPIT-C1418
2026-05-26 16:58:37,933 - INFO - Fetched details for cycle CNTKPIT-C1417
2026-05-26 16:58:38,506 - INFO - Updated result for CNTKPIT-T71 in cycle CNTKPIT-C1417
2026-05-26 16:58:38,778 - INFO - Fetched details for cycle CNTKPIT-C1416
2026-05-26 16:58:39,312 - INFO - Updated result for CNTKPIT-T71 in cycle CNTKPIT-C1416
2026-05-26 16:58:39,575 - INFO - Fetched details for cycle CNTKPIT-C1415
2026-05-26 16:58:40,111 - INFO - Updated result for CNTKPIT-T71 in cycle CNTKPIT-C1415
2026-05-26 16:58:40,370 - INFO - Fetched details for cycle CNTKPIT-C1414
2026-05-26 16:58:40,916 - INFO - Updated result for CNTKPIT-T71 in cycle CNTKPIT-C1414
2026-05-26 16:58:41,177 - INFO - Fetched details for cycle CNTKPIT-C1413
2026-05-26 16:58:41,704 - INFO - Updated result for CNTKPIT-T71 in cycle CNTKPIT-C1413
2026-05-26 16:58:41,967 - INFO - Fetched details for cycle CNTKPIT-C1412
2026-05-26 16:58:42,499 - INFO - Updated result for CNTKPIT-T71 in cycle CNTKPIT-C1412
2026-05-26 16:58:42,774 - INFO - Fetched details for cycle CNTKPIT-C1411
2026-05-26 16:58:43,302 - INFO - Updated result for CNTKPIT-T71 in cycle CNTKPIT-C1411
2026-05-26 16:58:43,582 - INFO - Fetched details for cycle CNTKPIT-C1410
2026-05-26 16:58:44,111 - INFO - Updated result for CNTKPIT-T71 in cycle CNTKPIT-C1410
2026-05-26 16:58:44,384 - INFO - Fetched details for cycle CNTKPIT-C1409
2026-05-26 16:58:44,912 - INFO - Updated result for CNTKPIT-T71 in cycle CNTKPIT-C1409
2026-05-26 16:58:45,184 - INFO - Fetched details for cycle CNTKPIT-C1408
2026-05-26 16:58:45,729 - INFO - Updated result for CNTKPIT-T71 in cycle CNTKPIT-C1408
2026-05-26 16:58:45,995 - INFO - Fetched details for cycle CNTKPIT-C1407
2026-05-26 16:58:46,530 - INFO - Updated result for CNTKPIT-T71 in cycle CNTKPIT-C1407
2026-05-26 16:58:46,800 - INFO - Fetched details for cycle CNTKPIT-C1406
2026-05-26 16:58:47,331 - INFO - Updated result for CNTKPIT-T71 in cycle CNTKPIT-C1406
2026-05-26 16:58:47,596 - INFO - Fetched details for cycle CNTKPIT-C1405
2026-05-26 16:58:48,126 - INFO - Updated result for CNTKPIT-T71 in cycle CNTKPIT-C1405
2026-05-26 16:58:48,397 - INFO - Fetched details for cycle CNTKPIT-C1404
2026-05-26 16:58:48,944 - INFO - Updated result for CNTKPIT-T71 in cycle CNTKPIT-C1404
2026-05-26 16:58:49,259 - INFO - Fetched details for cycle CNTKPIT-C1403
2026-05-26 16:58:49,822 - INFO - Updated result for CNTKPIT-T71 in cycle CNTKPIT-C1403
2026-05-26 16:58:50,101 - INFO - Fetched details for cycle CNTKPIT-C1402
2026-05-26 16:58:50,636 - INFO - Updated result for CNTKPIT-T71 in cycle CNTKPIT-C1402
2026-05-26 16:58:50,938 - INFO - Fetched details for cycle CNTKPIT-C1401
2026-05-26 16:58:51,489 - INFO - Updated result for CNTKPIT-T71 in cycle CNTKPIT-C1401
2026-05-26 16:58:51,814 - INFO - Fetched details for cycle CNTKPIT-C1400
2026-05-26 16:58:52,459 - INFO - Updated result for CNTKPIT-T71 in cycle CNTKPIT-C1400
2026-05-26 16:58:52,749 - INFO - Fetched details for cycle CNTKPIT-C1399
2026-05-26 16:58:53,301 - INFO - Updated result for CNTKPIT-T71 in cycle CNTKPIT-C1399
2026-05-26 16:58:53,568 - INFO - Fetched details for cycle CNTKPIT-C1398
2026-05-26 16:58:54,105 - INFO - Updated result for CNTKPIT-T71 in cycle CNTKPIT-C1398
2026-05-26 16:58:54,380 - INFO - Fetched details for cycle CNTKPIT-C1397
2026-05-26 16:58:54,936 - INFO - Updated result for CNTKPIT-T71 in cycle CNTKPIT-C1397
2026-05-26 16:58:55,202 - INFO - Fetched details for cycle CNTKPIT-C1396
2026-05-26 16:58:55,735 - INFO - Updated result for CNTKPIT-T71 in cycle CNTKPIT-C1396
2026-05-26 16:58:55,993 - INFO - Fetched details for cycle CNTKPIT-C1395
2026-05-26 16:58:56,533 - INFO - Updated result for CNTKPIT-T71 in cycle CNTKPIT-C1395
2026-05-26 16:58:56,798 - INFO - Fetched details for cycle CNTKPIT-C1394
2026-05-26 16:58:57,333 - INFO - Updated result for CNTKPIT-T71 in cycle CNTKPIT-C1394
2026-05-26 16:58:57,615 - INFO - Fetched details for cycle CNTKPIT-C1393
2026-05-26 16:58:58,185 - INFO - Updated result for CNTKPIT-T71 in cycle CNTKPIT-C1393
2026-05-26 16:58:58,460 - INFO - Fetched details for cycle CNTKPIT-C1392
2026-05-26 16:58:58,991 - INFO - Updated result for CNTKPIT-T71 in cycle CNTKPIT-C1392
2026-05-26 16:58:59,255 - INFO - Fetched details for cycle CNTKPIT-C1391
2026-05-26 16:58:59,783 - INFO - Updated result for CNTKPIT-T71 in cycle CNTKPIT-C1391
2026-05-26 16:59:00,045 - INFO - Fetched details for cycle CNTKPIT-C1390
2026-05-26 16:59:00,591 - INFO - Updated result for CNTKPIT-T71 in cycle CNTKPIT-C1390
2026-05-26 16:59:00,856 - INFO - Fetched details for cycle CNTKPIT-C1389
2026-05-26 16:59:01,392 - INFO - Updated result for CNTKPIT-T71 in cycle CNTKPIT-C1389
2026-05-26 16:59:01,655 - INFO - Fetched details for cycle CNTKPIT-C1388
2026-05-26 16:59:02,197 - INFO - Updated result for CNTKPIT-T71 in cycle CNTKPIT-C1388
2026-05-26 16:59:02,472 - INFO - Fetched details for cycle CNTKPIT-C1387
2026-05-26 16:59:03,006 - INFO - Updated result for CNTKPIT-T71 in cycle CNTKPIT-C1387
2026-05-26 16:59:03,271 - INFO - Fetched details for cycle CNTKPIT-C1386
2026-05-26 16:59:03,811 - INFO - Updated result for CNTKPIT-T71 in cycle CNTKPIT-C1386
2026-05-26 16:59:04,083 - INFO - Fetched details for cycle CNTKPIT-C1385
2026-05-26 16:59:04,669 - INFO - Updated result for CNTKPIT-T71 in cycle CNTKPIT-C1385
2026-05-26 16:59:04,943 - INFO - Fetched details for cycle CNTKPIT-C1384
2026-05-26 16:59:05,526 - INFO - Updated result for CNTKPIT-T71 in cycle CNTKPIT-C1384
2026-05-26 16:59:05,800 - INFO - Fetched details for cycle CNTKPIT-C1383
2026-05-26 16:59:06,332 - INFO - Updated result for CNTKPIT-T71 in cycle CNTKPIT-C1383
2026-05-26 16:59:06,607 - INFO - Fetched details for cycle CNTKPIT-C1382
2026-05-26 16:59:07,152 - INFO - Updated result for CNTKPIT-T71 in cycle CNTKPIT-C1382
2026-05-26 16:59:07,411 - INFO - Fetched details for cycle CNTKPIT-C1381
2026-05-26 16:59:07,964 - INFO - Updated result for CNTKPIT-T71 in cycle CNTKPIT-C1381
2026-05-26 16:59:08,254 - INFO - Fetched details for cycle CNTKPIT-C1380
2026-05-26 16:59:08,805 - INFO - Updated result for CNTKPIT-T71 in cycle CNTKPIT-C1380
2026-05-26 16:59:09,082 - INFO - Fetched details for cycle CNTKPIT-C1379
2026-05-26 16:59:09,623 - INFO - Updated result for CNTKPIT-T71 in cycle CNTKPIT-C1379
2026-05-26 16:59:09,897 - INFO - Fetched details for cycle CNTKPIT-C1378
2026-05-26 16:59:10,426 - INFO - Updated result for CNTKPIT-T71 in cycle CNTKPIT-C1378
2026-05-26 16:59:10,691 - INFO - Fetched details for cycle CNTKPIT-C1377
2026-05-26 16:59:11,217 - INFO - Updated result for CNTKPIT-T71 in cycle CNTKPIT-C1377
2026-05-26 16:59:11,482 - INFO - Fetched details for cycle CNTKPIT-C1376
2026-05-26 16:59:12,022 - INFO - Updated result for CNTKPIT-T71 in cycle CNTKPIT-C1376
2026-05-26 16:59:12,295 - INFO - Fetched details for cycle CNTKPIT-C1375
2026-05-26 16:59:12,828 - INFO - Updated result for CNTKPIT-T71 in cycle CNTKPIT-C1375
2026-05-26 16:59:13,087 - INFO - Fetched details for cycle CNTKPIT-C1374
2026-05-26 16:59:13,609 - INFO - Updated result for CNTKPIT-T71 in cycle CNTKPIT-C1374
2026-05-26 16:59:13,882 - INFO - Fetched details for cycle CNTKPIT-C1373
2026-05-26 16:59:14,439 - INFO - Updated result for CNTKPIT-T71 in cycle CNTKPIT-C1373
2026-05-26 16:59:14,701 - INFO - Fetched details for cycle CNTKPIT-C1372
2026-05-26 16:59:15,234 - INFO - Updated result for CNTKPIT-T71 in cycle CNTKPIT-C1372
2026-05-26 16:59:15,510 - INFO - Fetched details for cycle CNTKPIT-C1371
2026-05-26 16:59:16,047 - INFO - Updated result for CNTKPIT-T71 in cycle CNTKPIT-C1371
2026-05-26 16:59:16,331 - INFO - Fetched details for cycle CNTKPIT-C1370
2026-05-26 16:59:16,861 - INFO - Updated result for CNTKPIT-T71 in cycle CNTKPIT-C1370
2026-05-26 16:59:17,134 - INFO - Fetched details for cycle CNTKPIT-C1369
2026-05-26 16:59:17,718 - INFO - Updated result for CNTKPIT-T71 in cycle CNTKPIT-C1369
2026-05-26 16:59:17,992 - INFO - Fetched details for cycle CNTKPIT-C1368
2026-05-26 16:59:18,514 - INFO - Updated result for CNTKPIT-T71 in cycle CNTKPIT-C1368
2026-05-26 16:59:18,771 - INFO - Fetched details for cycle CNTKPIT-C1367
2026-05-26 16:59:19,354 - INFO - Updated result for CNTKPIT-T71 in cycle CNTKPIT-C1367
2026-05-26 16:59:19,674 - INFO - Fetched details for cycle CNTKPIT-C1366
2026-05-26 16:59:20,237 - INFO - Updated result for CNTKPIT-T71 in cycle CNTKPIT-C1366
2026-05-26 16:59:20,521 - INFO - Fetched details for cycle CNTKPIT-C1365
2026-05-26 16:59:21,058 - INFO - Updated result for CNTKPIT-T71 in cycle CNTKPIT-C1365
2026-05-26 16:59:21,319 - INFO - Fetched details for cycle CNTKPIT-C1364
2026-05-26 16:59:21,852 - INFO - Updated result for CNTKPIT-T71 in cycle CNTKPIT-C1364
2026-05-26 16:59:22,134 - INFO - Fetched details for cycle CNTKPIT-C1363
2026-05-26 16:59:22,678 - INFO - Updated result for CNTKPIT-T71 in cycle CNTKPIT-C1363
2026-05-26 16:59:22,966 - INFO - Fetched details for cycle CNTKPIT-C1362
2026-05-26 16:59:23,517 - INFO - Updated result for CNTKPIT-T71 in cycle CNTKPIT-C1362
2026-05-26 16:59:23,777 - INFO - Fetched details for cycle CNTKPIT-C1361
2026-05-26 16:59:24,322 - INFO - Updated result for CNTKPIT-T71 in cycle CNTKPIT-C1361
2026-05-26 16:59:24,630 - INFO - Fetched details for cycle CNTKPIT-C1360
2026-05-26 16:59:25,247 - INFO - Updated result for CNTKPIT-T71 in cycle CNTKPIT-C1360
2026-05-26 16:59:25,588 - INFO - Fetched details for cycle CNTKPIT-C1359
2026-05-26 16:59:26,112 - INFO - Updated result for CNTKPIT-T71 in cycle CNTKPIT-C1359
2026-05-26 16:59:26,386 - INFO - Fetched details for cycle CNTKPIT-C1358
2026-05-26 16:59:26,924 - INFO - Updated result for CNTKPIT-T71 in cycle CNTKPIT-C1358
2026-05-26 16:59:27,187 - INFO - Fetched details for cycle CNTKPIT-C1357
2026-05-26 16:59:27,722 - INFO - Updated result for CNTKPIT-T71 in cycle CNTKPIT-C1357
2026-05-26 16:59:27,984 - INFO - Fetched details for cycle CNTKPIT-C1356
2026-05-26 16:59:28,523 - INFO - Updated result for CNTKPIT-T71 in cycle CNTKPIT-C1356
2026-05-26 17:01:23,268 - INFO - Found 75 cycles matching AEA1415R1.260514.1
2026-05-26 17:01:32,085 - INFO - Fetched details for cycle CNTKPIT-C1430
2026-05-26 17:01:32,471 - INFO - Updated result for CNTKPIT-T71 in cycle CNTKPIT-C1430
2026-05-26 17:01:32,756 - INFO - Fetched details for cycle CNTKPIT-C1429
2026-05-26 17:01:33,145 - INFO - Updated result for CNTKPIT-T71 in cycle CNTKPIT-C1429
2026-05-26 17:01:33,395 - INFO - Fetched details for cycle CNTKPIT-C1428
2026-05-26 17:01:33,786 - INFO - Updated result for CNTKPIT-T71 in cycle CNTKPIT-C1428
2026-05-26 17:01:34,042 - INFO - Fetched details for cycle CNTKPIT-C1427
2026-05-26 17:01:34,423 - INFO - Updated result for CNTKPIT-T71 in cycle CNTKPIT-C1427
2026-05-26 17:01:34,675 - INFO - Fetched details for cycle CNTKPIT-C1426
2026-05-26 17:01:35,074 - INFO - Updated result for CNTKPIT-T71 in cycle CNTKPIT-C1426
2026-05-26 17:01:35,326 - INFO - Fetched details for cycle CNTKPIT-C1425
2026-05-26 17:01:35,716 - INFO - Updated result for CNTKPIT-T71 in cycle CNTKPIT-C1425
2026-05-26 17:01:35,972 - INFO - Fetched details for cycle CNTKPIT-C1424
2026-05-26 17:01:36,369 - INFO - Updated result for CNTKPIT-T71 in cycle CNTKPIT-C1424
2026-05-26 17:01:36,626 - INFO - Fetched details for cycle CNTKPIT-C1423
2026-05-26 17:01:37,024 - INFO - Updated result for CNTKPIT-T71 in cycle CNTKPIT-C1423
2026-05-26 17:01:37,284 - INFO - Fetched details for cycle CNTKPIT-C1422
2026-05-26 17:01:37,687 - INFO - Updated result for CNTKPIT-T71 in cycle CNTKPIT-C1422
2026-05-26 17:01:37,945 - INFO - Fetched details for cycle CNTKPIT-C1421
2026-05-26 17:01:38,336 - INFO - Updated result for CNTKPIT-T71 in cycle CNTKPIT-C1421
2026-05-26 17:01:38,591 - INFO - Fetched details for cycle CNTKPIT-C1420
2026-05-26 17:01:38,991 - INFO - Updated result for CNTKPIT-T71 in cycle CNTKPIT-C1420
2026-05-26 17:01:39,270 - INFO - Fetched details for cycle CNTKPIT-C1419
2026-05-26 17:01:39,662 - INFO - Updated result for CNTKPIT-T71 in cycle CNTKPIT-C1419
2026-05-26 17:01:39,931 - INFO - Fetched details for cycle CNTKPIT-C1418
2026-05-26 17:01:40,342 - INFO - Updated result for CNTKPIT-T71 in cycle CNTKPIT-C1418
2026-05-26 17:01:40,625 - INFO - Fetched details for cycle CNTKPIT-C1417
2026-05-26 17:01:41,027 - INFO - Updated result for CNTKPIT-T71 in cycle CNTKPIT-C1417
2026-05-26 17:01:41,275 - INFO - Fetched details for cycle CNTKPIT-C1416
2026-05-26 17:01:41,705 - INFO - Updated result for CNTKPIT-T71 in cycle CNTKPIT-C1416
2026-05-26 17:01:41,949 - INFO - Fetched details for cycle CNTKPIT-C1415
2026-05-26 17:01:42,343 - INFO - Updated result for CNTKPIT-T71 in cycle CNTKPIT-C1415
2026-05-26 17:01:42,600 - INFO - Fetched details for cycle CNTKPIT-C1414
2026-05-26 17:01:42,988 - INFO - Updated result for CNTKPIT-T71 in cycle CNTKPIT-C1414
2026-05-26 17:01:43,235 - INFO - Fetched details for cycle CNTKPIT-C1413
2026-05-26 17:01:43,626 - INFO - Updated result for CNTKPIT-T71 in cycle CNTKPIT-C1413
2026-05-26 17:01:43,887 - INFO - Fetched details for cycle CNTKPIT-C1412
2026-05-26 17:01:44,273 - INFO - Updated result for CNTKPIT-T71 in cycle CNTKPIT-C1412
2026-05-26 17:01:44,533 - INFO - Fetched details for cycle CNTKPIT-C1411
2026-05-26 17:01:44,928 - INFO - Updated result for CNTKPIT-T71 in cycle CNTKPIT-C1411
2026-05-26 17:01:45,176 - INFO - Fetched details for cycle CNTKPIT-C1410
2026-05-26 17:01:45,573 - INFO - Updated result for CNTKPIT-T71 in cycle CNTKPIT-C1410
2026-05-26 17:01:45,827 - INFO - Fetched details for cycle CNTKPIT-C1409
2026-05-26 17:01:46,234 - INFO - Updated result for CNTKPIT-T71 in cycle CNTKPIT-C1409
2026-05-26 17:01:46,478 - INFO - Fetched details for cycle CNTKPIT-C1408
2026-05-26 17:01:46,878 - INFO - Updated result for CNTKPIT-T71 in cycle CNTKPIT-C1408
2026-05-26 17:01:47,138 - INFO - Fetched details for cycle CNTKPIT-C1407
2026-05-26 17:01:47,534 - INFO - Updated result for CNTKPIT-T71 in cycle CNTKPIT-C1407
2026-05-26 17:01:47,796 - INFO - Fetched details for cycle CNTKPIT-C1406
2026-05-26 17:01:48,185 - INFO - Updated result for CNTKPIT-T71 in cycle CNTKPIT-C1406
2026-05-26 17:01:48,482 - INFO - Fetched details for cycle CNTKPIT-C1405
2026-05-26 17:01:48,870 - INFO - Updated result for CNTKPIT-T71 in cycle CNTKPIT-C1405
2026-05-26 17:01:49,143 - INFO - Fetched details for cycle CNTKPIT-C1404
2026-05-26 17:01:49,547 - INFO - Updated result for CNTKPIT-T71 in cycle CNTKPIT-C1404
2026-05-26 17:01:49,799 - INFO - Fetched details for cycle CNTKPIT-C1403
2026-05-26 17:01:50,199 - INFO - Updated result for CNTKPIT-T71 in cycle CNTKPIT-C1403
2026-05-26 17:01:50,461 - INFO - Fetched details for cycle CNTKPIT-C1402
2026-05-26 17:01:50,928 - INFO - Updated result for CNTKPIT-T71 in cycle CNTKPIT-C1402
2026-05-26 17:01:51,190 - INFO - Fetched details for cycle CNTKPIT-C1401
2026-05-26 17:01:51,591 - INFO - Updated result for CNTKPIT-T71 in cycle CNTKPIT-C1401
2026-05-26 17:01:51,888 - INFO - Fetched details for cycle CNTKPIT-C1400
2026-05-26 17:01:52,331 - INFO - Updated result for CNTKPIT-T71 in cycle CNTKPIT-C1400
2026-05-26 17:01:52,600 - INFO - Fetched details for cycle CNTKPIT-C1399
2026-05-26 17:01:53,006 - INFO - Updated result for CNTKPIT-T71 in cycle CNTKPIT-C1399
2026-05-26 17:01:53,286 - INFO - Fetched details for cycle CNTKPIT-C1398
2026-05-26 17:01:53,674 - INFO - Updated result for CNTKPIT-T71 in cycle CNTKPIT-C1398
2026-05-26 17:01:53,925 - INFO - Fetched details for cycle CNTKPIT-C1397
2026-05-26 17:01:54,308 - INFO - Updated result for CNTKPIT-T71 in cycle CNTKPIT-C1397
2026-05-26 17:01:54,559 - INFO - Fetched details for cycle CNTKPIT-C1396
2026-05-26 17:01:54,943 - INFO - Updated result for CNTKPIT-T71 in cycle CNTKPIT-C1396
2026-05-26 17:01:55,203 - INFO - Fetched details for cycle CNTKPIT-C1395
2026-05-26 17:01:55,606 - INFO - Updated result for CNTKPIT-T71 in cycle CNTKPIT-C1395
2026-05-26 17:01:55,853 - INFO - Fetched details for cycle CNTKPIT-C1394
2026-05-26 17:01:56,239 - INFO - Updated result for CNTKPIT-T71 in cycle CNTKPIT-C1394
2026-05-26 17:01:56,517 - INFO - Fetched details for cycle CNTKPIT-C1393
2026-05-26 17:01:56,935 - INFO - Updated result for CNTKPIT-T71 in cycle CNTKPIT-C1393
2026-05-26 17:01:57,186 - INFO - Fetched details for cycle CNTKPIT-C1392
2026-05-26 17:01:57,601 - INFO - Updated result for CNTKPIT-T71 in cycle CNTKPIT-C1392
2026-05-26 17:01:57,875 - INFO - Fetched details for cycle CNTKPIT-C1391
2026-05-26 17:01:58,295 - INFO - Updated result for CNTKPIT-T71 in cycle CNTKPIT-C1391
2026-05-26 17:01:58,570 - INFO - Fetched details for cycle CNTKPIT-C1390
2026-05-26 17:01:58,963 - INFO - Updated result for CNTKPIT-T71 in cycle CNTKPIT-C1390
2026-05-26 17:01:59,214 - INFO - Fetched details for cycle CNTKPIT-C1389
2026-05-26 17:01:59,606 - INFO - Updated result for CNTKPIT-T71 in cycle CNTKPIT-C1389
2026-05-26 17:01:59,861 - INFO - Fetched details for cycle CNTKPIT-C1388
2026-05-26 17:02:00,287 - INFO - Updated result for CNTKPIT-T71 in cycle CNTKPIT-C1388
2026-05-26 17:02:00,543 - INFO - Fetched details for cycle CNTKPIT-C1387
2026-05-26 17:02:01,043 - INFO - Updated result for CNTKPIT-T71 in cycle CNTKPIT-C1387
2026-05-26 17:02:01,357 - INFO - Fetched details for cycle CNTKPIT-C1386
2026-05-26 17:02:01,776 - INFO - Updated result for CNTKPIT-T71 in cycle CNTKPIT-C1386
2026-05-26 17:02:02,055 - INFO - Fetched details for cycle CNTKPIT-C1385
2026-05-26 17:02:02,444 - INFO - Updated result for CNTKPIT-T71 in cycle CNTKPIT-C1385
2026-05-26 17:02:02,727 - INFO - Fetched details for cycle CNTKPIT-C1384
2026-05-26 17:02:03,121 - INFO - Updated result for CNTKPIT-T71 in cycle CNTKPIT-C1384
2026-05-26 17:02:03,367 - INFO - Fetched details for cycle CNTKPIT-C1383
2026-05-26 17:02:03,757 - INFO - Updated result for CNTKPIT-T71 in cycle CNTKPIT-C1383
2026-05-26 17:02:04,012 - INFO - Fetched details for cycle CNTKPIT-C1382
2026-05-26 17:02:04,409 - INFO - Updated result for CNTKPIT-T71 in cycle CNTKPIT-C1382
2026-05-26 17:02:04,669 - INFO - Fetched details for cycle CNTKPIT-C1381
2026-05-26 17:02:05,066 - INFO - Updated result for CNTKPIT-T71 in cycle CNTKPIT-C1381
2026-05-26 17:02:05,325 - INFO - Fetched details for cycle CNTKPIT-C1380
2026-05-26 17:02:05,756 - INFO - Updated result for CNTKPIT-T71 in cycle CNTKPIT-C1380
2026-05-26 17:02:06,019 - INFO - Fetched details for cycle CNTKPIT-C1379
2026-05-26 17:02:06,416 - INFO - Updated result for CNTKPIT-T71 in cycle CNTKPIT-C1379
2026-05-26 17:02:06,713 - INFO - Fetched details for cycle CNTKPIT-C1378
2026-05-26 17:02:07,111 - INFO - Updated result for CNTKPIT-T71 in cycle CNTKPIT-C1378
2026-05-26 17:02:07,366 - INFO - Fetched details for cycle CNTKPIT-C1377
2026-05-26 17:02:07,808 - INFO - Updated result for CNTKPIT-T71 in cycle CNTKPIT-C1377
2026-05-26 17:02:08,060 - INFO - Fetched details for cycle CNTKPIT-C1376
2026-05-26 17:02:08,458 - INFO - Updated result for CNTKPIT-T71 in cycle CNTKPIT-C1376
2026-05-26 17:02:08,714 - INFO - Fetched details for cycle CNTKPIT-C1375
2026-05-26 17:02:09,108 - INFO - Updated result for CNTKPIT-T71 in cycle CNTKPIT-C1375
2026-05-26 17:02:09,361 - INFO - Fetched details for cycle CNTKPIT-C1374
2026-05-26 17:02:09,753 - INFO - Updated result for CNTKPIT-T71 in cycle CNTKPIT-C1374
2026-05-26 17:02:10,008 - INFO - Fetched details for cycle CNTKPIT-C1373
2026-05-26 17:02:10,404 - INFO - Updated result for CNTKPIT-T71 in cycle CNTKPIT-C1373
2026-05-26 17:02:10,667 - INFO - Fetched details for cycle CNTKPIT-C1372
2026-05-26 17:02:11,066 - INFO - Updated result for CNTKPIT-T71 in cycle CNTKPIT-C1372
2026-05-26 17:02:11,345 - INFO - Fetched details for cycle CNTKPIT-C1371
2026-05-26 17:02:11,752 - INFO - Updated result for CNTKPIT-T71 in cycle CNTKPIT-C1371
2026-05-26 17:02:11,996 - INFO - Fetched details for cycle CNTKPIT-C1370
2026-05-26 17:02:12,386 - INFO - Updated result for CNTKPIT-T71 in cycle CNTKPIT-C1370
2026-05-26 17:02:12,635 - INFO - Fetched details for cycle CNTKPIT-C1369
2026-05-26 17:02:13,046 - INFO - Updated result for CNTKPIT-T71 in cycle CNTKPIT-C1369
2026-05-26 17:02:13,298 - INFO - Fetched details for cycle CNTKPIT-C1368
2026-05-26 17:02:13,693 - INFO - Updated result for CNTKPIT-T71 in cycle CNTKPIT-C1368
2026-05-26 17:02:13,979 - INFO - Fetched details for cycle CNTKPIT-C1367
2026-05-26 17:02:14,375 - INFO - Updated result for CNTKPIT-T71 in cycle CNTKPIT-C1367
2026-05-26 17:02:14,636 - INFO - Fetched details for cycle CNTKPIT-C1366
2026-05-26 17:02:15,026 - INFO - Updated result for CNTKPIT-T71 in cycle CNTKPIT-C1366
2026-05-26 17:02:15,296 - INFO - Fetched details for cycle CNTKPIT-C1365
2026-05-26 17:02:15,706 - INFO - Updated result for CNTKPIT-T71 in cycle CNTKPIT-C1365
2026-05-26 17:02:15,976 - INFO - Fetched details for cycle CNTKPIT-C1364
2026-05-26 17:02:16,387 - INFO - Updated result for CNTKPIT-T71 in cycle CNTKPIT-C1364
2026-05-26 17:02:16,656 - INFO - Fetched details for cycle CNTKPIT-C1363
2026-05-26 17:02:17,059 - INFO - Updated result for CNTKPIT-T71 in cycle CNTKPIT-C1363
2026-05-26 17:02:17,319 - INFO - Fetched details for cycle CNTKPIT-C1362
2026-05-26 17:02:17,709 - INFO - Updated result for CNTKPIT-T71 in cycle CNTKPIT-C1362
2026-05-26 17:02:17,964 - INFO - Fetched details for cycle CNTKPIT-C1361
2026-05-26 17:02:18,349 - INFO - Updated result for CNTKPIT-T71 in cycle CNTKPIT-C1361
2026-05-26 17:02:18,613 - INFO - Fetched details for cycle CNTKPIT-C1360
2026-05-26 17:02:19,025 - INFO - Updated result for CNTKPIT-T71 in cycle CNTKPIT-C1360
2026-05-26 17:02:19,311 - INFO - Fetched details for cycle CNTKPIT-C1359
2026-05-26 17:02:19,708 - INFO - Updated result for CNTKPIT-T71 in cycle CNTKPIT-C1359
2026-05-26 17:02:19,961 - INFO - Fetched details for cycle CNTKPIT-C1358
2026-05-26 17:02:20,367 - INFO - Updated result for CNTKPIT-T71 in cycle CNTKPIT-C1358
2026-05-26 17:02:20,638 - INFO - Fetched details for cycle CNTKPIT-C1357
2026-05-26 17:02:21,058 - INFO - Updated result for CNTKPIT-T71 in cycle CNTKPIT-C1357
2026-05-26 17:02:21,332 - INFO - Fetched details for cycle CNTKPIT-C1356
2026-05-26 17:02:21,719 - INFO - Updated result for CNTKPIT-T71 in cycle CNTKPIT-C1356
2026-05-26 17:12:23,623 - INFO - Found 75 cycles matching AEA1415R1.260514.1
2026-05-26 17:12:37,385 - INFO - Fetched details for cycle CNTKPIT-C1430
2026-05-26 17:12:38,044 - INFO - Updated result for CNTKPIT-T78 in cycle CNTKPIT-C1430
2026-05-26 17:12:38,288 - INFO - Fetched details for cycle CNTKPIT-C1429
2026-05-26 17:12:38,930 - INFO - Updated result for CNTKPIT-T78 in cycle CNTKPIT-C1429
2026-05-26 17:12:39,171 - INFO - Fetched details for cycle CNTKPIT-C1428
2026-05-26 17:12:39,824 - INFO - Updated result for CNTKPIT-T78 in cycle CNTKPIT-C1428
2026-05-26 17:12:40,082 - INFO - Fetched details for cycle CNTKPIT-C1427
2026-05-26 17:12:40,739 - INFO - Updated result for CNTKPIT-T78 in cycle CNTKPIT-C1427
2026-05-26 17:12:40,992 - INFO - Fetched details for cycle CNTKPIT-C1426
2026-05-26 17:12:41,655 - INFO - Updated result for CNTKPIT-T78 in cycle CNTKPIT-C1426
2026-05-26 17:12:41,921 - INFO - Fetched details for cycle CNTKPIT-C1425
2026-05-26 17:12:42,577 - INFO - Updated result for CNTKPIT-T78 in cycle CNTKPIT-C1425
2026-05-26 17:12:42,824 - INFO - Fetched details for cycle CNTKPIT-C1424
2026-05-26 17:12:43,482 - INFO - Updated result for CNTKPIT-T78 in cycle CNTKPIT-C1424
2026-05-26 17:12:43,747 - INFO - Fetched details for cycle CNTKPIT-C1423
2026-05-26 17:12:44,439 - INFO - Updated result for CNTKPIT-T78 in cycle CNTKPIT-C1423
2026-05-26 17:12:44,700 - INFO - Fetched details for cycle CNTKPIT-C1422
2026-05-26 17:12:45,354 - INFO - Updated result for CNTKPIT-T78 in cycle CNTKPIT-C1422
2026-05-26 17:12:45,617 - INFO - Fetched details for cycle CNTKPIT-C1421
2026-05-26 17:12:46,300 - INFO - Updated result for CNTKPIT-T78 in cycle CNTKPIT-C1421
2026-05-26 17:12:46,562 - INFO - Fetched details for cycle CNTKPIT-C1420
2026-05-26 17:12:47,213 - INFO - Updated result for CNTKPIT-T78 in cycle CNTKPIT-C1420
2026-05-26 17:12:47,469 - INFO - Fetched details for cycle CNTKPIT-C1419
2026-05-26 17:12:48,127 - INFO - Updated result for CNTKPIT-T78 in cycle CNTKPIT-C1419
2026-05-26 17:12:48,371 - INFO - Fetched details for cycle CNTKPIT-C1418
2026-05-26 17:12:49,030 - INFO - Updated result for CNTKPIT-T78 in cycle CNTKPIT-C1418
2026-05-26 17:12:49,324 - INFO - Fetched details for cycle CNTKPIT-C1417
2026-05-26 17:12:50,014 - INFO - Updated result for CNTKPIT-T78 in cycle CNTKPIT-C1417
2026-05-26 17:12:50,274 - INFO - Fetched details for cycle CNTKPIT-C1416
2026-05-26 17:12:50,943 - INFO - Updated result for CNTKPIT-T78 in cycle CNTKPIT-C1416
2026-05-26 17:12:51,209 - INFO - Fetched details for cycle CNTKPIT-C1415
2026-05-26 17:12:51,918 - INFO - Updated result for CNTKPIT-T78 in cycle CNTKPIT-C1415
2026-05-26 17:12:52,203 - INFO - Fetched details for cycle CNTKPIT-C1414
2026-05-26 17:12:52,870 - INFO - Updated result for CNTKPIT-T78 in cycle CNTKPIT-C1414
2026-05-26 17:12:53,129 - INFO - Fetched details for cycle CNTKPIT-C1413
2026-05-26 17:12:53,840 - INFO - Updated result for CNTKPIT-T78 in cycle CNTKPIT-C1413
2026-05-26 17:12:54,101 - INFO - Fetched details for cycle CNTKPIT-C1412
2026-05-26 17:12:54,760 - INFO - Updated result for CNTKPIT-T78 in cycle CNTKPIT-C1412
2026-05-26 17:12:55,016 - INFO - Fetched details for cycle CNTKPIT-C1411
2026-05-26 17:12:55,714 - INFO - Updated result for CNTKPIT-T78 in cycle CNTKPIT-C1411
2026-05-26 17:12:55,982 - INFO - Fetched details for cycle CNTKPIT-C1410
2026-05-26 17:12:56,670 - INFO - Updated result for CNTKPIT-T78 in cycle CNTKPIT-C1410
2026-05-26 17:12:56,954 - INFO - Fetched details for cycle CNTKPIT-C1409
2026-05-26 17:12:57,628 - INFO - Updated result for CNTKPIT-T78 in cycle CNTKPIT-C1409
2026-05-26 17:12:57,876 - INFO - Fetched details for cycle CNTKPIT-C1408
2026-05-26 17:12:58,535 - INFO - Updated result for CNTKPIT-T78 in cycle CNTKPIT-C1408
2026-05-26 17:12:58,779 - INFO - Fetched details for cycle CNTKPIT-C1407
2026-05-26 17:12:59,424 - INFO - Updated result for CNTKPIT-T78 in cycle CNTKPIT-C1407
2026-05-26 17:12:59,678 - INFO - Fetched details for cycle CNTKPIT-C1406
2026-05-26 17:13:00,360 - INFO - Updated result for CNTKPIT-T78 in cycle CNTKPIT-C1406
2026-05-26 17:13:00,619 - INFO - Fetched details for cycle CNTKPIT-C1405
2026-05-26 17:13:01,265 - INFO - Updated result for CNTKPIT-T78 in cycle CNTKPIT-C1405
2026-05-26 17:13:01,528 - INFO - Fetched details for cycle CNTKPIT-C1404
2026-05-26 17:13:02,186 - INFO - Updated result for CNTKPIT-T78 in cycle CNTKPIT-C1404
2026-05-26 17:13:02,437 - INFO - Fetched details for cycle CNTKPIT-C1403
2026-05-26 17:13:03,096 - INFO - Updated result for CNTKPIT-T78 in cycle CNTKPIT-C1403
2026-05-26 17:13:03,351 - INFO - Fetched details for cycle CNTKPIT-C1402
2026-05-26 17:13:04,017 - INFO - Updated result for CNTKPIT-T78 in cycle CNTKPIT-C1402
2026-05-26 17:13:04,276 - INFO - Fetched details for cycle CNTKPIT-C1401
2026-05-26 17:13:04,937 - INFO - Updated result for CNTKPIT-T78 in cycle CNTKPIT-C1401
2026-05-26 17:13:05,192 - INFO - Fetched details for cycle CNTKPIT-C1400
2026-05-26 17:13:05,855 - INFO - Updated result for CNTKPIT-T78 in cycle CNTKPIT-C1400
2026-05-26 17:13:06,116 - INFO - Fetched details for cycle CNTKPIT-C1399
2026-05-26 17:13:06,824 - INFO - Updated result for CNTKPIT-T78 in cycle CNTKPIT-C1399
2026-05-26 17:13:07,095 - INFO - Fetched details for cycle CNTKPIT-C1398
2026-05-26 17:13:07,755 - INFO - Updated result for CNTKPIT-T78 in cycle CNTKPIT-C1398
2026-05-26 17:13:08,011 - INFO - Fetched details for cycle CNTKPIT-C1397
2026-05-26 17:13:08,659 - INFO - Updated result for CNTKPIT-T78 in cycle CNTKPIT-C1397
2026-05-26 17:13:08,907 - INFO - Fetched details for cycle CNTKPIT-C1396
2026-05-26 17:13:09,567 - INFO - Updated result for CNTKPIT-T78 in cycle CNTKPIT-C1396
2026-05-26 17:13:09,843 - INFO - Fetched details for cycle CNTKPIT-C1395
2026-05-26 17:13:10,487 - INFO - Updated result for CNTKPIT-T78 in cycle CNTKPIT-C1395
2026-05-26 17:13:10,746 - INFO - Fetched details for cycle CNTKPIT-C1394
2026-05-26 17:13:11,401 - INFO - Updated result for CNTKPIT-T78 in cycle CNTKPIT-C1394
2026-05-26 17:13:11,664 - INFO - Fetched details for cycle CNTKPIT-C1393
2026-05-26 17:13:12,312 - INFO - Updated result for CNTKPIT-T78 in cycle CNTKPIT-C1393
2026-05-26 17:13:12,557 - INFO - Fetched details for cycle CNTKPIT-C1392
2026-05-26 17:13:13,208 - INFO - Updated result for CNTKPIT-T78 in cycle CNTKPIT-C1392
2026-05-26 17:13:13,451 - INFO - Fetched details for cycle CNTKPIT-C1391
2026-05-26 17:13:14,087 - INFO - Updated result for CNTKPIT-T78 in cycle CNTKPIT-C1391
2026-05-26 17:13:14,333 - INFO - Fetched details for cycle CNTKPIT-C1390
2026-05-26 17:13:15,003 - INFO - Updated result for CNTKPIT-T78 in cycle CNTKPIT-C1390
2026-05-26 17:13:15,249 - INFO - Fetched details for cycle CNTKPIT-C1389
2026-05-26 17:13:15,941 - INFO - Updated result for CNTKPIT-T78 in cycle CNTKPIT-C1389
2026-05-26 17:13:16,187 - INFO - Fetched details for cycle CNTKPIT-C1388
2026-05-26 17:13:16,887 - INFO - Updated result for CNTKPIT-T78 in cycle CNTKPIT-C1388
2026-05-26 17:13:17,183 - INFO - Fetched details for cycle CNTKPIT-C1387
2026-05-26 17:13:17,863 - INFO - Updated result for CNTKPIT-T78 in cycle CNTKPIT-C1387
2026-05-26 17:13:18,116 - INFO - Fetched details for cycle CNTKPIT-C1386
2026-05-26 17:13:18,761 - INFO - Updated result for CNTKPIT-T78 in cycle CNTKPIT-C1386
2026-05-26 17:13:19,028 - INFO - Fetched details for cycle CNTKPIT-C1385
2026-05-26 17:13:19,753 - INFO - Updated result for CNTKPIT-T78 in cycle CNTKPIT-C1385
2026-05-26 17:13:19,996 - INFO - Fetched details for cycle CNTKPIT-C1384
2026-05-26 17:13:20,768 - INFO - Updated result for CNTKPIT-T78 in cycle CNTKPIT-C1384
2026-05-26 17:13:21,047 - INFO - Fetched details for cycle CNTKPIT-C1383
2026-05-26 17:13:21,727 - INFO - Updated result for CNTKPIT-T78 in cycle CNTKPIT-C1383
2026-05-26 17:13:22,001 - INFO - Fetched details for cycle CNTKPIT-C1382
2026-05-26 17:13:22,671 - INFO - Updated result for CNTKPIT-T78 in cycle CNTKPIT-C1382
2026-05-26 17:13:22,913 - INFO - Fetched details for cycle CNTKPIT-C1381
2026-05-26 17:13:23,554 - INFO - Updated result for CNTKPIT-T78 in cycle CNTKPIT-C1381
2026-05-26 17:13:23,815 - INFO - Fetched details for cycle CNTKPIT-C1380
2026-05-26 17:13:24,463 - INFO - Updated result for CNTKPIT-T78 in cycle CNTKPIT-C1380
2026-05-26 17:13:24,705 - INFO - Fetched details for cycle CNTKPIT-C1379
2026-05-26 17:13:25,336 - INFO - Updated result for CNTKPIT-T78 in cycle CNTKPIT-C1379
2026-05-26 17:13:25,582 - INFO - Fetched details for cycle CNTKPIT-C1378
2026-05-26 17:13:26,232 - INFO - Updated result for CNTKPIT-T78 in cycle CNTKPIT-C1378
2026-05-26 17:13:26,483 - INFO - Fetched details for cycle CNTKPIT-C1377
2026-05-26 17:13:27,125 - INFO - Updated result for CNTKPIT-T78 in cycle CNTKPIT-C1377
2026-05-26 17:13:27,369 - INFO - Fetched details for cycle CNTKPIT-C1376
2026-05-26 17:13:28,064 - INFO - Updated result for CNTKPIT-T78 in cycle CNTKPIT-C1376
2026-05-26 17:13:28,320 - INFO - Fetched details for cycle CNTKPIT-C1375
2026-05-26 17:13:28,996 - INFO - Updated result for CNTKPIT-T78 in cycle CNTKPIT-C1375
2026-05-26 17:13:29,249 - INFO - Fetched details for cycle CNTKPIT-C1374
2026-05-26 17:13:29,904 - INFO - Updated result for CNTKPIT-T78 in cycle CNTKPIT-C1374
2026-05-26 17:13:30,182 - INFO - Fetched details for cycle CNTKPIT-C1373
2026-05-26 17:13:30,890 - INFO - Updated result for CNTKPIT-T78 in cycle CNTKPIT-C1373
2026-05-26 17:13:31,148 - INFO - Fetched details for cycle CNTKPIT-C1372
2026-05-26 17:13:31,810 - INFO - Updated result for CNTKPIT-T78 in cycle CNTKPIT-C1372
2026-05-26 17:13:32,065 - INFO - Fetched details for cycle CNTKPIT-C1371
2026-05-26 17:13:32,737 - INFO - Updated result for CNTKPIT-T78 in cycle CNTKPIT-C1371
2026-05-26 17:13:32,997 - INFO - Fetched details for cycle CNTKPIT-C1370
2026-05-26 17:13:33,660 - INFO - Updated result for CNTKPIT-T78 in cycle CNTKPIT-C1370
2026-05-26 17:13:33,942 - INFO - Fetched details for cycle CNTKPIT-C1369
2026-05-26 17:13:34,585 - INFO - Updated result for CNTKPIT-T78 in cycle CNTKPIT-C1369
2026-05-26 17:13:34,855 - INFO - Fetched details for cycle CNTKPIT-C1368
2026-05-26 17:13:35,511 - INFO - Updated result for CNTKPIT-T78 in cycle CNTKPIT-C1368
2026-05-26 17:13:35,766 - INFO - Fetched details for cycle CNTKPIT-C1367
2026-05-26 17:13:36,487 - INFO - Updated result for CNTKPIT-T78 in cycle CNTKPIT-C1367
2026-05-26 17:13:36,745 - INFO - Fetched details for cycle CNTKPIT-C1366
2026-05-26 17:13:37,399 - INFO - Updated result for CNTKPIT-T78 in cycle CNTKPIT-C1366
2026-05-26 17:13:37,649 - INFO - Fetched details for cycle CNTKPIT-C1365
2026-05-26 17:13:38,315 - INFO - Updated result for CNTKPIT-T78 in cycle CNTKPIT-C1365
2026-05-26 17:13:38,577 - INFO - Fetched details for cycle CNTKPIT-C1364
2026-05-26 17:13:39,237 - INFO - Updated result for CNTKPIT-T78 in cycle CNTKPIT-C1364
2026-05-26 17:13:39,503 - INFO - Fetched details for cycle CNTKPIT-C1363
2026-05-26 17:13:40,167 - INFO - Updated result for CNTKPIT-T78 in cycle CNTKPIT-C1363
2026-05-26 17:13:40,429 - INFO - Fetched details for cycle CNTKPIT-C1362
2026-05-26 17:13:41,076 - INFO - Updated result for CNTKPIT-T78 in cycle CNTKPIT-C1362
2026-05-26 17:13:41,338 - INFO - Fetched details for cycle CNTKPIT-C1361
2026-05-26 17:13:41,980 - INFO - Updated result for CNTKPIT-T78 in cycle CNTKPIT-C1361
2026-05-26 17:13:42,276 - INFO - Fetched details for cycle CNTKPIT-C1360
2026-05-26 17:13:42,918 - INFO - Updated result for CNTKPIT-T78 in cycle CNTKPIT-C1360
2026-05-26 17:13:43,174 - INFO - Fetched details for cycle CNTKPIT-C1359
2026-05-26 17:13:43,810 - INFO - Updated result for CNTKPIT-T78 in cycle CNTKPIT-C1359
2026-05-26 17:13:44,055 - INFO - Fetched details for cycle CNTKPIT-C1358
2026-05-26 17:13:44,722 - INFO - Updated result for CNTKPIT-T78 in cycle CNTKPIT-C1358
2026-05-26 17:13:44,973 - INFO - Fetched details for cycle CNTKPIT-C1357
2026-05-26 17:13:45,670 - INFO - Updated result for CNTKPIT-T78 in cycle CNTKPIT-C1357
2026-05-26 17:13:45,970 - INFO - Fetched details for cycle CNTKPIT-C1356
2026-05-26 17:13:46,661 - INFO - Updated result for CNTKPIT-T78 in cycle CNTKPIT-C1356
2026-05-26 17:26:42,527 - INFO - Found 1 cycles matching AEA1415R1.260514.1_T90A3_75_ITR_Cycle_Pixel_ITR_01
2026-05-26 17:27:08,069 - INFO - Fetched details for cycle CNTKPIT-C1431
2026-05-26 17:27:08,644 - INFO - Updated result for CNTKPIT-T44 in cycle CNTKPIT-C1431
2026-05-26 17:29:38,168 - INFO - Found 1 cycles matching AEA1415R1.260514.1_T90A3_75_ITR_Cycle_Pixel_ITR_01
2026-05-26 17:29:40,912 - INFO - Fetched details for cycle CNTKPIT-C1431
2026-05-26 17:29:41,340 - INFO - Updated result for CNTKPIT-T44 in cycle CNTKPIT-C1431
2026-05-26 17:31:24,434 - INFO - Found 75 cycles matching AEA1415R1.260514.1
2026-05-26 17:31:34,716 - INFO - Fetched details for cycle CNTKPIT-C1505
2026-05-26 17:31:35,283 - INFO - Updated result for CNTKPIT-T44 in cycle CNTKPIT-C1505
2026-05-26 17:31:35,542 - INFO - Fetched details for cycle CNTKPIT-C1504
2026-05-26 17:31:36,105 - INFO - Updated result for CNTKPIT-T44 in cycle CNTKPIT-C1504
2026-05-26 17:31:36,350 - INFO - Fetched details for cycle CNTKPIT-C1503
2026-05-26 17:31:36,919 - INFO - Updated result for CNTKPIT-T44 in cycle CNTKPIT-C1503
2026-05-26 17:31:37,183 - INFO - Fetched details for cycle CNTKPIT-C1502
2026-05-26 17:31:37,739 - INFO - Updated result for CNTKPIT-T44 in cycle CNTKPIT-C1502
2026-05-26 17:31:37,988 - INFO - Fetched details for cycle CNTKPIT-C1501
2026-05-26 17:31:38,584 - INFO - Updated result for CNTKPIT-T44 in cycle CNTKPIT-C1501
2026-05-26 17:31:38,836 - INFO - Fetched details for cycle CNTKPIT-C1500
2026-05-26 17:31:39,417 - INFO - Updated result for CNTKPIT-T44 in cycle CNTKPIT-C1500
2026-05-26 17:31:39,686 - INFO - Fetched details for cycle CNTKPIT-C1499
2026-05-26 17:31:40,240 - INFO - Updated result for CNTKPIT-T44 in cycle CNTKPIT-C1499
2026-05-26 17:31:40,501 - INFO - Fetched details for cycle CNTKPIT-C1498
2026-05-26 17:31:41,203 - INFO - Updated result for CNTKPIT-T44 in cycle CNTKPIT-C1498
2026-05-26 17:31:41,489 - INFO - Fetched details for cycle CNTKPIT-C1497
2026-05-26 17:31:42,084 - INFO - Updated result for CNTKPIT-T44 in cycle CNTKPIT-C1497
2026-05-26 17:31:42,347 - INFO - Fetched details for cycle CNTKPIT-C1496
2026-05-26 17:31:42,937 - INFO - Updated result for CNTKPIT-T44 in cycle CNTKPIT-C1496
2026-05-26 17:31:43,179 - INFO - Fetched details for cycle CNTKPIT-C1495
2026-05-26 17:31:43,733 - INFO - Updated result for CNTKPIT-T44 in cycle CNTKPIT-C1495
2026-05-26 17:31:43,995 - INFO - Fetched details for cycle CNTKPIT-C1494
2026-05-26 17:31:44,570 - INFO - Updated result for CNTKPIT-T44 in cycle CNTKPIT-C1494
2026-05-26 17:31:44,816 - INFO - Fetched details for cycle CNTKPIT-C1493
2026-05-26 17:31:45,369 - INFO - Updated result for CNTKPIT-T44 in cycle CNTKPIT-C1493
2026-05-26 17:31:45,620 - INFO - Fetched details for cycle CNTKPIT-C1492
2026-05-26 17:31:46,196 - INFO - Updated result for CNTKPIT-T44 in cycle CNTKPIT-C1492
2026-05-26 17:31:46,447 - INFO - Fetched details for cycle CNTKPIT-C1491
2026-05-26 17:31:47,008 - INFO - Updated result for CNTKPIT-T44 in cycle CNTKPIT-C1491
2026-05-26 17:31:47,259 - INFO - Fetched details for cycle CNTKPIT-C1490
2026-05-26 17:31:47,826 - INFO - Updated result for CNTKPIT-T44 in cycle CNTKPIT-C1490
2026-05-26 17:31:48,079 - INFO - Fetched details for cycle CNTKPIT-C1489
2026-05-26 17:31:48,698 - INFO - Updated result for CNTKPIT-T44 in cycle CNTKPIT-C1489
2026-05-26 17:31:48,998 - INFO - Fetched details for cycle CNTKPIT-C1488
2026-05-26 17:31:49,638 - INFO - Updated result for CNTKPIT-T44 in cycle CNTKPIT-C1488
2026-05-26 17:31:49,933 - INFO - Fetched details for cycle CNTKPIT-C1487
2026-05-26 17:31:50,586 - INFO - Updated result for CNTKPIT-T44 in cycle CNTKPIT-C1487
2026-05-26 17:31:50,883 - INFO - Fetched details for cycle CNTKPIT-C1486
2026-05-26 17:31:51,509 - INFO - Updated result for CNTKPIT-T44 in cycle CNTKPIT-C1486
2026-05-26 17:31:51,806 - INFO - Fetched details for cycle CNTKPIT-C1485
2026-05-26 17:31:52,505 - INFO - Updated result for CNTKPIT-T44 in cycle CNTKPIT-C1485
2026-05-26 17:31:52,796 - INFO - Fetched details for cycle CNTKPIT-C1484
2026-05-26 17:31:53,445 - INFO - Updated result for CNTKPIT-T44 in cycle CNTKPIT-C1484
2026-05-26 17:31:53,724 - INFO - Fetched details for cycle CNTKPIT-C1483
2026-05-26 17:31:54,359 - INFO - Updated result for CNTKPIT-T44 in cycle CNTKPIT-C1483
2026-05-26 17:31:54,662 - INFO - Fetched details for cycle CNTKPIT-C1482
2026-05-26 17:31:55,281 - INFO - Updated result for CNTKPIT-T44 in cycle CNTKPIT-C1482
2026-05-26 17:31:55,578 - INFO - Fetched details for cycle CNTKPIT-C1481
2026-05-26 17:31:56,223 - INFO - Updated result for CNTKPIT-T44 in cycle CNTKPIT-C1481
2026-05-26 17:31:56,525 - INFO - Fetched details for cycle CNTKPIT-C1480
2026-05-26 17:31:57,185 - INFO - Updated result for CNTKPIT-T44 in cycle CNTKPIT-C1480
2026-05-26 17:31:57,486 - INFO - Fetched details for cycle CNTKPIT-C1479
2026-05-26 17:31:58,122 - INFO - Updated result for CNTKPIT-T44 in cycle CNTKPIT-C1479
2026-05-26 17:31:58,420 - INFO - Fetched details for cycle CNTKPIT-C1478
2026-05-26 17:31:59,102 - INFO - Updated result for CNTKPIT-T44 in cycle CNTKPIT-C1478
2026-05-26 17:31:59,400 - INFO - Fetched details for cycle CNTKPIT-C1477
2026-05-26 17:32:00,065 - INFO - Updated result for CNTKPIT-T44 in cycle CNTKPIT-C1477
2026-05-26 17:32:00,384 - INFO - Fetched details for cycle CNTKPIT-C1476
2026-05-26 17:32:01,058 - INFO - Updated result for CNTKPIT-T44 in cycle CNTKPIT-C1476
2026-05-26 17:32:01,350 - INFO - Fetched details for cycle CNTKPIT-C1475
2026-05-26 17:32:02,055 - INFO - Updated result for CNTKPIT-T44 in cycle CNTKPIT-C1475
2026-05-26 17:32:02,382 - INFO - Fetched details for cycle CNTKPIT-C1474
2026-05-26 17:32:03,020 - INFO - Updated result for CNTKPIT-T44 in cycle CNTKPIT-C1474
2026-05-26 17:32:03,327 - INFO - Fetched details for cycle CNTKPIT-C1473
2026-05-26 17:32:03,968 - INFO - Updated result for CNTKPIT-T44 in cycle CNTKPIT-C1473
2026-05-26 17:32:04,267 - INFO - Fetched details for cycle CNTKPIT-C1472
2026-05-26 17:32:04,927 - INFO - Updated result for CNTKPIT-T44 in cycle CNTKPIT-C1472
2026-05-26 17:32:05,206 - INFO - Fetched details for cycle CNTKPIT-C1471
2026-05-26 17:32:05,845 - INFO - Updated result for CNTKPIT-T44 in cycle CNTKPIT-C1471
2026-05-26 17:32:06,144 - INFO - Fetched details for cycle CNTKPIT-C1470
2026-05-26 17:32:06,791 - INFO - Updated result for CNTKPIT-T44 in cycle CNTKPIT-C1470
2026-05-26 17:32:07,088 - INFO - Fetched details for cycle CNTKPIT-C1469
2026-05-26 17:32:07,714 - INFO - Updated result for CNTKPIT-T44 in cycle CNTKPIT-C1469
2026-05-26 17:32:08,001 - INFO - Fetched details for cycle CNTKPIT-C1468
2026-05-26 17:32:08,636 - INFO - Updated result for CNTKPIT-T44 in cycle CNTKPIT-C1468
2026-05-26 17:32:08,920 - INFO - Fetched details for cycle CNTKPIT-C1467
2026-05-26 17:32:09,568 - INFO - Updated result for CNTKPIT-T44 in cycle CNTKPIT-C1467
2026-05-26 17:32:09,877 - INFO - Fetched details for cycle CNTKPIT-C1466
2026-05-26 17:32:10,508 - INFO - Updated result for CNTKPIT-T44 in cycle CNTKPIT-C1466
2026-05-26 17:32:10,814 - INFO - Fetched details for cycle CNTKPIT-C1465
2026-05-26 17:32:11,454 - INFO - Updated result for CNTKPIT-T44 in cycle CNTKPIT-C1465
2026-05-26 17:32:11,793 - INFO - Fetched details for cycle CNTKPIT-C1464
2026-05-26 17:32:12,426 - INFO - Updated result for CNTKPIT-T44 in cycle CNTKPIT-C1464
2026-05-26 17:32:12,728 - INFO - Fetched details for cycle CNTKPIT-C1463
2026-05-26 17:32:13,371 - INFO - Updated result for CNTKPIT-T44 in cycle CNTKPIT-C1463
2026-05-26 17:32:13,669 - INFO - Fetched details for cycle CNTKPIT-C1462
2026-05-26 17:32:14,317 - INFO - Updated result for CNTKPIT-T44 in cycle CNTKPIT-C1462
2026-05-26 17:32:14,600 - INFO - Fetched details for cycle CNTKPIT-C1461
2026-05-26 17:32:15,231 - INFO - Updated result for CNTKPIT-T44 in cycle CNTKPIT-C1461
2026-05-26 17:32:15,548 - INFO - Fetched details for cycle CNTKPIT-C1460
2026-05-26 17:32:16,195 - INFO - Updated result for CNTKPIT-T44 in cycle CNTKPIT-C1460
2026-05-26 17:32:16,500 - INFO - Fetched details for cycle CNTKPIT-C1459
2026-05-26 17:32:17,141 - INFO - Updated result for CNTKPIT-T44 in cycle CNTKPIT-C1459
2026-05-26 17:32:17,431 - INFO - Fetched details for cycle CNTKPIT-C1458
2026-05-26 17:32:18,088 - INFO - Updated result for CNTKPIT-T44 in cycle CNTKPIT-C1458
2026-05-26 17:32:18,398 - INFO - Fetched details for cycle CNTKPIT-C1457
2026-05-26 17:32:19,041 - INFO - Updated result for CNTKPIT-T44 in cycle CNTKPIT-C1457
2026-05-26 17:32:19,356 - INFO - Fetched details for cycle CNTKPIT-C1456
2026-05-26 17:32:20,015 - INFO - Updated result for CNTKPIT-T44 in cycle CNTKPIT-C1456
2026-05-26 17:32:20,301 - INFO - Fetched details for cycle CNTKPIT-C1455
2026-05-26 17:32:20,936 - INFO - Updated result for CNTKPIT-T44 in cycle CNTKPIT-C1455
2026-05-26 17:32:21,237 - INFO - Fetched details for cycle CNTKPIT-C1454
2026-05-26 17:32:21,883 - INFO - Updated result for CNTKPIT-T44 in cycle CNTKPIT-C1454
2026-05-26 17:32:22,230 - INFO - Fetched details for cycle CNTKPIT-C1453
2026-05-26 17:32:22,902 - INFO - Updated result for CNTKPIT-T44 in cycle CNTKPIT-C1453
2026-05-26 17:32:23,191 - INFO - Fetched details for cycle CNTKPIT-C1452
2026-05-26 17:32:23,901 - INFO - Updated result for CNTKPIT-T44 in cycle CNTKPIT-C1452
2026-05-26 17:32:24,200 - INFO - Fetched details for cycle CNTKPIT-C1451
2026-05-26 17:32:24,844 - INFO - Updated result for CNTKPIT-T44 in cycle CNTKPIT-C1451
2026-05-26 17:32:25,131 - INFO - Fetched details for cycle CNTKPIT-C1450
2026-05-26 17:32:25,765 - INFO - Updated result for CNTKPIT-T44 in cycle CNTKPIT-C1450
2026-05-26 17:32:26,060 - INFO - Fetched details for cycle CNTKPIT-C1449
2026-05-26 17:32:26,735 - INFO - Updated result for CNTKPIT-T44 in cycle CNTKPIT-C1449
2026-05-26 17:32:27,041 - INFO - Fetched details for cycle CNTKPIT-C1448
2026-05-26 17:32:27,670 - INFO - Updated result for CNTKPIT-T44 in cycle CNTKPIT-C1448
2026-05-26 17:32:27,954 - INFO - Fetched details for cycle CNTKPIT-C1447
2026-05-26 17:32:28,580 - INFO - Updated result for CNTKPIT-T44 in cycle CNTKPIT-C1447
2026-05-26 17:32:28,859 - INFO - Fetched details for cycle CNTKPIT-C1446
2026-05-26 17:32:29,498 - INFO - Updated result for CNTKPIT-T44 in cycle CNTKPIT-C1446
2026-05-26 17:32:29,778 - INFO - Fetched details for cycle CNTKPIT-C1445
2026-05-26 17:32:30,404 - INFO - Updated result for CNTKPIT-T44 in cycle CNTKPIT-C1445
2026-05-26 17:32:30,698 - INFO - Fetched details for cycle CNTKPIT-C1444
2026-05-26 17:32:31,333 - INFO - Updated result for CNTKPIT-T44 in cycle CNTKPIT-C1444
2026-05-26 17:32:31,624 - INFO - Fetched details for cycle CNTKPIT-C1443
2026-05-26 17:32:32,263 - INFO - Updated result for CNTKPIT-T44 in cycle CNTKPIT-C1443
2026-05-26 17:32:32,541 - INFO - Fetched details for cycle CNTKPIT-C1442
2026-05-26 17:32:33,169 - INFO - Updated result for CNTKPIT-T44 in cycle CNTKPIT-C1442
2026-05-26 17:32:33,480 - INFO - Fetched details for cycle CNTKPIT-C1441
2026-05-26 17:32:34,120 - INFO - Updated result for CNTKPIT-T44 in cycle CNTKPIT-C1441
2026-05-26 17:32:34,393 - INFO - Fetched details for cycle CNTKPIT-C1440
2026-05-26 17:32:34,986 - INFO - Updated result for CNTKPIT-T44 in cycle CNTKPIT-C1440
2026-05-26 17:32:35,264 - INFO - Fetched details for cycle CNTKPIT-C1439
2026-05-26 17:32:35,855 - INFO - Updated result for CNTKPIT-T44 in cycle CNTKPIT-C1439
2026-05-26 17:32:36,106 - INFO - Fetched details for cycle CNTKPIT-C1438
2026-05-26 17:32:36,674 - INFO - Updated result for CNTKPIT-T44 in cycle CNTKPIT-C1438
2026-05-26 17:32:36,937 - INFO - Fetched details for cycle CNTKPIT-C1437
2026-05-26 17:32:37,498 - INFO - Updated result for CNTKPIT-T44 in cycle CNTKPIT-C1437
2026-05-26 17:32:37,742 - INFO - Fetched details for cycle CNTKPIT-C1436
2026-05-26 17:32:38,296 - INFO - Updated result for CNTKPIT-T44 in cycle CNTKPIT-C1436
2026-05-26 17:32:38,542 - INFO - Fetched details for cycle CNTKPIT-C1435
2026-05-26 17:32:39,102 - INFO - Updated result for CNTKPIT-T44 in cycle CNTKPIT-C1435
2026-05-26 17:32:39,347 - INFO - Fetched details for cycle CNTKPIT-C1434
2026-05-26 17:32:39,903 - INFO - Updated result for CNTKPIT-T44 in cycle CNTKPIT-C1434
2026-05-26 17:32:40,158 - INFO - Fetched details for cycle CNTKPIT-C1433
2026-05-26 17:32:40,713 - INFO - Updated result for CNTKPIT-T44 in cycle CNTKPIT-C1433
2026-05-26 17:32:41,000 - INFO - Fetched details for cycle CNTKPIT-C1432
2026-05-26 17:32:41,557 - INFO - Updated result for CNTKPIT-T44 in cycle CNTKPIT-C1432
2026-05-26 17:32:41,834 - INFO - Fetched details for cycle CNTKPIT-C1431
2026-05-26 17:32:42,246 - INFO - Updated result for CNTKPIT-T44 in cycle CNTKPIT-C1431
2026-05-26 18:10:34,135 - INFO - Found 75 cycles matching AEA1415R1.260514.1
2026-05-26 18:10:45,272 - INFO - Fetched details for cycle CNTKPIT-C1505
2026-05-26 18:10:45,710 - INFO - Updated result for CNTKPIT-T64 in cycle CNTKPIT-C1505
2026-05-26 18:10:45,972 - INFO - Fetched details for cycle CNTKPIT-C1504
2026-05-26 18:10:46,401 - INFO - Updated result for CNTKPIT-T64 in cycle CNTKPIT-C1504
2026-05-26 18:10:46,658 - INFO - Fetched details for cycle CNTKPIT-C1503
2026-05-26 18:10:47,080 - INFO - Updated result for CNTKPIT-T64 in cycle CNTKPIT-C1503
2026-05-26 18:10:47,342 - INFO - Fetched details for cycle CNTKPIT-C1502
2026-05-26 18:10:47,771 - INFO - Updated result for CNTKPIT-T64 in cycle CNTKPIT-C1502
2026-05-26 18:10:48,019 - INFO - Fetched details for cycle CNTKPIT-C1501
2026-05-26 18:10:48,448 - INFO - Updated result for CNTKPIT-T64 in cycle CNTKPIT-C1501
2026-05-26 18:10:48,699 - INFO - Fetched details for cycle CNTKPIT-C1500
2026-05-26 18:10:49,218 - INFO - Updated result for CNTKPIT-T64 in cycle CNTKPIT-C1500
2026-05-26 18:10:49,489 - INFO - Fetched details for cycle CNTKPIT-C1499
2026-05-26 18:10:49,925 - INFO - Updated result for CNTKPIT-T64 in cycle CNTKPIT-C1499
2026-05-26 18:10:50,184 - INFO - Fetched details for cycle CNTKPIT-C1498
2026-05-26 18:10:50,612 - INFO - Updated result for CNTKPIT-T64 in cycle CNTKPIT-C1498
2026-05-26 18:10:50,872 - INFO - Fetched details for cycle CNTKPIT-C1497
2026-05-26 18:10:51,304 - INFO - Updated result for CNTKPIT-T64 in cycle CNTKPIT-C1497
2026-05-26 18:10:51,569 - INFO - Fetched details for cycle CNTKPIT-C1496
2026-05-26 18:10:52,041 - INFO - Updated result for CNTKPIT-T64 in cycle CNTKPIT-C1496
2026-05-26 18:10:52,371 - INFO - Fetched details for cycle CNTKPIT-C1495
2026-05-26 18:10:52,813 - INFO - Updated result for CNTKPIT-T64 in cycle CNTKPIT-C1495
2026-05-26 18:10:53,064 - INFO - Fetched details for cycle CNTKPIT-C1494
2026-05-26 18:10:53,504 - INFO - Updated result for CNTKPIT-T64 in cycle CNTKPIT-C1494
2026-05-26 18:10:53,759 - INFO - Fetched details for cycle CNTKPIT-C1493
2026-05-26 18:10:54,188 - INFO - Updated result for CNTKPIT-T64 in cycle CNTKPIT-C1493
2026-05-26 18:10:54,435 - INFO - Fetched details for cycle CNTKPIT-C1492
2026-05-26 18:10:54,871 - INFO - Updated result for CNTKPIT-T64 in cycle CNTKPIT-C1492
2026-05-26 18:10:55,126 - INFO - Fetched details for cycle CNTKPIT-C1491
2026-05-26 18:10:55,552 - INFO - Updated result for CNTKPIT-T64 in cycle CNTKPIT-C1491
2026-05-26 18:10:55,821 - INFO - Fetched details for cycle CNTKPIT-C1490
2026-05-26 18:10:56,264 - INFO - Updated result for CNTKPIT-T64 in cycle CNTKPIT-C1490
2026-05-26 18:10:56,518 - INFO - Fetched details for cycle CNTKPIT-C1489
2026-05-26 18:10:56,962 - INFO - Updated result for CNTKPIT-T64 in cycle CNTKPIT-C1489
2026-05-26 18:10:57,215 - INFO - Fetched details for cycle CNTKPIT-C1488
2026-05-26 18:10:57,656 - INFO - Updated result for CNTKPIT-T64 in cycle CNTKPIT-C1488
2026-05-26 18:10:57,908 - INFO - Fetched details for cycle CNTKPIT-C1487
2026-05-26 18:10:58,341 - INFO - Updated result for CNTKPIT-T64 in cycle CNTKPIT-C1487
2026-05-26 18:10:58,613 - INFO - Fetched details for cycle CNTKPIT-C1486
2026-05-26 18:10:59,067 - INFO - Updated result for CNTKPIT-T64 in cycle CNTKPIT-C1486
2026-05-26 18:10:59,313 - INFO - Fetched details for cycle CNTKPIT-C1485
2026-05-26 18:10:59,754 - INFO - Updated result for CNTKPIT-T64 in cycle CNTKPIT-C1485
2026-05-26 18:11:00,001 - INFO - Fetched details for cycle CNTKPIT-C1484
2026-05-26 18:11:00,464 - INFO - Updated result for CNTKPIT-T64 in cycle CNTKPIT-C1484
2026-05-26 18:11:00,729 - INFO - Fetched details for cycle CNTKPIT-C1483
2026-05-26 18:11:01,167 - INFO - Updated result for CNTKPIT-T64 in cycle CNTKPIT-C1483
2026-05-26 18:11:01,418 - INFO - Fetched details for cycle CNTKPIT-C1482
2026-05-26 18:11:01,846 - INFO - Updated result for CNTKPIT-T64 in cycle CNTKPIT-C1482
2026-05-26 18:11:02,095 - INFO - Fetched details for cycle CNTKPIT-C1481
2026-05-26 18:11:02,529 - INFO - Updated result for CNTKPIT-T64 in cycle CNTKPIT-C1481
2026-05-26 18:11:02,779 - INFO - Fetched details for cycle CNTKPIT-C1480
2026-05-26 18:11:03,209 - INFO - Updated result for CNTKPIT-T64 in cycle CNTKPIT-C1480
2026-05-26 18:11:03,453 - INFO - Fetched details for cycle CNTKPIT-C1479
2026-05-26 18:11:03,883 - INFO - Updated result for CNTKPIT-T64 in cycle CNTKPIT-C1479
2026-05-26 18:11:04,134 - INFO - Fetched details for cycle CNTKPIT-C1478
2026-05-26 18:11:04,562 - INFO - Updated result for CNTKPIT-T64 in cycle CNTKPIT-C1478
2026-05-26 18:11:04,811 - INFO - Fetched details for cycle CNTKPIT-C1477
2026-05-26 18:11:05,246 - INFO - Updated result for CNTKPIT-T64 in cycle CNTKPIT-C1477
2026-05-26 18:11:05,499 - INFO - Fetched details for cycle CNTKPIT-C1476
2026-05-26 18:11:05,929 - INFO - Updated result for CNTKPIT-T64 in cycle CNTKPIT-C1476
2026-05-26 18:11:06,179 - INFO - Fetched details for cycle CNTKPIT-C1475
2026-05-26 18:11:06,607 - INFO - Updated result for CNTKPIT-T64 in cycle CNTKPIT-C1475
2026-05-26 18:11:06,861 - INFO - Fetched details for cycle CNTKPIT-C1474
2026-05-26 18:11:07,303 - INFO - Updated result for CNTKPIT-T64 in cycle CNTKPIT-C1474
2026-05-26 18:11:07,552 - INFO - Fetched details for cycle CNTKPIT-C1473
2026-05-26 18:11:07,985 - INFO - Updated result for CNTKPIT-T64 in cycle CNTKPIT-C1473
2026-05-26 18:11:08,233 - INFO - Fetched details for cycle CNTKPIT-C1472
2026-05-26 18:11:08,665 - INFO - Updated result for CNTKPIT-T64 in cycle CNTKPIT-C1472
2026-05-26 18:11:08,917 - INFO - Fetched details for cycle CNTKPIT-C1471
2026-05-26 18:11:09,346 - INFO - Updated result for CNTKPIT-T64 in cycle CNTKPIT-C1471
2026-05-26 18:11:09,612 - INFO - Fetched details for cycle CNTKPIT-C1470
2026-05-26 18:11:10,037 - INFO - Updated result for CNTKPIT-T64 in cycle CNTKPIT-C1470
2026-05-26 18:11:10,285 - INFO - Fetched details for cycle CNTKPIT-C1469
2026-05-26 18:11:10,722 - INFO - Updated result for CNTKPIT-T64 in cycle CNTKPIT-C1469
2026-05-26 18:11:10,995 - INFO - Fetched details for cycle CNTKPIT-C1468
2026-05-26 18:11:11,433 - INFO - Updated result for CNTKPIT-T64 in cycle CNTKPIT-C1468
2026-05-26 18:11:11,688 - INFO - Fetched details for cycle CNTKPIT-C1467
2026-05-26 18:11:12,121 - INFO - Updated result for CNTKPIT-T64 in cycle CNTKPIT-C1467
2026-05-26 18:11:12,376 - INFO - Fetched details for cycle CNTKPIT-C1466
2026-05-26 18:11:12,807 - INFO - Updated result for CNTKPIT-T64 in cycle CNTKPIT-C1466
2026-05-26 18:11:13,076 - INFO - Fetched details for cycle CNTKPIT-C1465
2026-05-26 18:11:13,524 - INFO - Updated result for CNTKPIT-T64 in cycle CNTKPIT-C1465
2026-05-26 18:11:13,779 - INFO - Fetched details for cycle CNTKPIT-C1464
2026-05-26 18:11:14,229 - INFO - Updated result for CNTKPIT-T64 in cycle CNTKPIT-C1464
2026-05-26 18:11:14,497 - INFO - Fetched details for cycle CNTKPIT-C1463
2026-05-26 18:11:14,930 - INFO - Updated result for CNTKPIT-T64 in cycle CNTKPIT-C1463
2026-05-26 18:11:15,180 - INFO - Fetched details for cycle CNTKPIT-C1462
2026-05-26 18:11:15,615 - INFO - Updated result for CNTKPIT-T64 in cycle CNTKPIT-C1462
2026-05-26 18:11:15,870 - INFO - Fetched details for cycle CNTKPIT-C1461
2026-05-26 18:11:16,299 - INFO - Updated result for CNTKPIT-T64 in cycle CNTKPIT-C1461
2026-05-26 18:11:16,564 - INFO - Fetched details for cycle CNTKPIT-C1460
2026-05-26 18:11:17,009 - INFO - Updated result for CNTKPIT-T64 in cycle CNTKPIT-C1460
2026-05-26 18:11:17,255 - INFO - Fetched details for cycle CNTKPIT-C1459
2026-05-26 18:11:17,693 - INFO - Updated result for CNTKPIT-T64 in cycle CNTKPIT-C1459
2026-05-26 18:11:17,947 - INFO - Fetched details for cycle CNTKPIT-C1458
2026-05-26 18:11:18,389 - INFO - Updated result for CNTKPIT-T64 in cycle CNTKPIT-C1458
2026-05-26 18:11:18,636 - INFO - Fetched details for cycle CNTKPIT-C1457
2026-05-26 18:11:19,068 - INFO - Updated result for CNTKPIT-T64 in cycle CNTKPIT-C1457
2026-05-26 18:11:19,358 - INFO - Fetched details for cycle CNTKPIT-C1456
2026-05-26 18:11:19,790 - INFO - Updated result for CNTKPIT-T64 in cycle CNTKPIT-C1456
2026-05-26 18:11:20,048 - INFO - Fetched details for cycle CNTKPIT-C1455
2026-05-26 18:11:20,519 - INFO - Updated result for CNTKPIT-T64 in cycle CNTKPIT-C1455
2026-05-26 18:11:20,775 - INFO - Fetched details for cycle CNTKPIT-C1454
2026-05-26 18:11:21,208 - INFO - Updated result for CNTKPIT-T64 in cycle CNTKPIT-C1454
2026-05-26 18:11:21,477 - INFO - Fetched details for cycle CNTKPIT-C1453
2026-05-26 18:11:21,924 - INFO - Updated result for CNTKPIT-T64 in cycle CNTKPIT-C1453
2026-05-26 18:11:22,205 - INFO - Fetched details for cycle CNTKPIT-C1452
2026-05-26 18:11:22,699 - INFO - Updated result for CNTKPIT-T64 in cycle CNTKPIT-C1452
2026-05-26 18:11:22,953 - INFO - Fetched details for cycle CNTKPIT-C1451
2026-05-26 18:11:23,418 - INFO - Updated result for CNTKPIT-T64 in cycle CNTKPIT-C1451
2026-05-26 18:11:23,674 - INFO - Fetched details for cycle CNTKPIT-C1450
2026-05-26 18:11:24,107 - INFO - Updated result for CNTKPIT-T64 in cycle CNTKPIT-C1450
2026-05-26 18:11:24,374 - INFO - Fetched details for cycle CNTKPIT-C1449
2026-05-26 18:11:24,812 - INFO - Updated result for CNTKPIT-T64 in cycle CNTKPIT-C1449
2026-05-26 18:11:25,066 - INFO - Fetched details for cycle CNTKPIT-C1448
2026-05-26 18:11:25,500 - INFO - Updated result for CNTKPIT-T64 in cycle CNTKPIT-C1448
2026-05-26 18:11:25,757 - INFO - Fetched details for cycle CNTKPIT-C1447
2026-05-26 18:11:26,197 - INFO - Updated result for CNTKPIT-T64 in cycle CNTKPIT-C1447
2026-05-26 18:11:26,452 - INFO - Fetched details for cycle CNTKPIT-C1446
2026-05-26 18:11:26,884 - INFO - Updated result for CNTKPIT-T64 in cycle CNTKPIT-C1446
2026-05-26 18:11:27,140 - INFO - Fetched details for cycle CNTKPIT-C1445
2026-05-26 18:11:27,631 - INFO - Updated result for CNTKPIT-T64 in cycle CNTKPIT-C1445
2026-05-26 18:11:27,907 - INFO - Fetched details for cycle CNTKPIT-C1444
2026-05-26 18:11:28,344 - INFO - Updated result for CNTKPIT-T64 in cycle CNTKPIT-C1444
2026-05-26 18:11:28,601 - INFO - Fetched details for cycle CNTKPIT-C1443
2026-05-26 18:11:29,035 - INFO - Updated result for CNTKPIT-T64 in cycle CNTKPIT-C1443
2026-05-26 18:11:29,299 - INFO - Fetched details for cycle CNTKPIT-C1442
2026-05-26 18:11:29,736 - INFO - Updated result for CNTKPIT-T64 in cycle CNTKPIT-C1442
2026-05-26 18:11:30,006 - INFO - Fetched details for cycle CNTKPIT-C1441
2026-05-26 18:11:30,442 - INFO - Updated result for CNTKPIT-T64 in cycle CNTKPIT-C1441
2026-05-26 18:11:30,721 - INFO - Fetched details for cycle CNTKPIT-C1440
2026-05-26 18:11:31,161 - INFO - Updated result for CNTKPIT-T64 in cycle CNTKPIT-C1440
2026-05-26 18:11:31,466 - INFO - Fetched details for cycle CNTKPIT-C1439
2026-05-26 18:11:31,930 - INFO - Updated result for CNTKPIT-T64 in cycle CNTKPIT-C1439
2026-05-26 18:11:32,220 - INFO - Fetched details for cycle CNTKPIT-C1438
2026-05-26 18:11:32,683 - INFO - Updated result for CNTKPIT-T64 in cycle CNTKPIT-C1438
2026-05-26 18:11:32,963 - INFO - Fetched details for cycle CNTKPIT-C1437
2026-05-26 18:11:33,429 - INFO - Updated result for CNTKPIT-T64 in cycle CNTKPIT-C1437
2026-05-26 18:11:33,722 - INFO - Fetched details for cycle CNTKPIT-C1436
2026-05-26 18:11:34,184 - INFO - Updated result for CNTKPIT-T64 in cycle CNTKPIT-C1436
2026-05-26 18:11:34,460 - INFO - Fetched details for cycle CNTKPIT-C1435
2026-05-26 18:11:34,930 - INFO - Updated result for CNTKPIT-T64 in cycle CNTKPIT-C1435
2026-05-26 18:11:35,232 - INFO - Fetched details for cycle CNTKPIT-C1434
2026-05-26 18:11:35,683 - INFO - Updated result for CNTKPIT-T64 in cycle CNTKPIT-C1434
2026-05-26 18:11:35,964 - INFO - Fetched details for cycle CNTKPIT-C1433
2026-05-26 18:11:36,396 - INFO - Updated result for CNTKPIT-T64 in cycle CNTKPIT-C1433
2026-05-26 18:11:36,681 - INFO - Fetched details for cycle CNTKPIT-C1432
2026-05-26 18:11:37,230 - INFO - Updated result for CNTKPIT-T64 in cycle CNTKPIT-C1432
2026-05-26 18:11:37,510 - INFO - Fetched details for cycle CNTKPIT-C1431
2026-05-26 18:11:37,955 - INFO - Updated result for CNTKPIT-T64 in cycle CNTKPIT-C1431
2026-05-26 18:17:57,488 - INFO - Found 75 cycles matching AEA1415R1.260514.1
2026-05-26 18:17:59,824 - INFO - Found 75 cycles matching AEA1415R1.260514.1
2026-05-26 19:16:27,748 - INFO - Found 75 cycles matching AEA1415R1.260514.1
2026-05-26 19:16:42,907 - INFO - Fetched details for cycle CNTKPIT-C1580
2026-05-26 19:16:43,789 - INFO - Updated result for CNTKPIT-T57 in cycle CNTKPIT-C1580
2026-05-26 19:16:44,059 - INFO - Fetched details for cycle CNTKPIT-C1579
2026-05-26 19:16:44,946 - INFO - Updated result for CNTKPIT-T57 in cycle CNTKPIT-C1579
2026-05-26 19:16:45,195 - INFO - Fetched details for cycle CNTKPIT-C1578
2026-05-26 19:16:46,079 - INFO - Updated result for CNTKPIT-T57 in cycle CNTKPIT-C1578
2026-05-26 19:16:46,361 - INFO - Fetched details for cycle CNTKPIT-C1577
2026-05-26 19:16:47,252 - INFO - Updated result for CNTKPIT-T57 in cycle CNTKPIT-C1577
2026-05-26 19:16:47,499 - INFO - Fetched details for cycle CNTKPIT-C1576
2026-05-26 19:16:48,362 - INFO - Updated result for CNTKPIT-T57 in cycle CNTKPIT-C1576
2026-05-26 19:16:48,610 - INFO - Fetched details for cycle CNTKPIT-C1575
2026-05-26 19:16:49,524 - INFO - Updated result for CNTKPIT-T57 in cycle CNTKPIT-C1575
2026-05-26 19:16:49,824 - INFO - Fetched details for cycle CNTKPIT-C1574
2026-05-26 19:16:50,687 - INFO - Updated result for CNTKPIT-T57 in cycle CNTKPIT-C1574
2026-05-26 19:16:50,946 - INFO - Fetched details for cycle CNTKPIT-C1573
2026-05-26 19:16:51,820 - INFO - Updated result for CNTKPIT-T57 in cycle CNTKPIT-C1573
2026-05-26 19:16:52,112 - INFO - Fetched details for cycle CNTKPIT-C1572
2026-05-26 19:16:53,013 - INFO - Updated result for CNTKPIT-T57 in cycle CNTKPIT-C1572
2026-05-26 19:16:53,278 - INFO - Fetched details for cycle CNTKPIT-C1571
2026-05-26 19:16:54,189 - INFO - Updated result for CNTKPIT-T57 in cycle CNTKPIT-C1571
2026-05-26 19:16:54,447 - INFO - Fetched details for cycle CNTKPIT-C1570
2026-05-26 19:16:55,336 - INFO - Updated result for CNTKPIT-T57 in cycle CNTKPIT-C1570
2026-05-26 19:16:55,607 - INFO - Fetched details for cycle CNTKPIT-C1569
2026-05-26 19:16:56,497 - INFO - Updated result for CNTKPIT-T57 in cycle CNTKPIT-C1569
2026-05-26 19:16:56,759 - INFO - Fetched details for cycle CNTKPIT-C1568
2026-05-26 19:16:57,705 - INFO - Updated result for CNTKPIT-T57 in cycle CNTKPIT-C1568
2026-05-26 19:16:57,961 - INFO - Fetched details for cycle CNTKPIT-C1567
2026-05-26 19:16:58,828 - INFO - Updated result for CNTKPIT-T57 in cycle CNTKPIT-C1567
2026-05-26 19:16:59,103 - INFO - Fetched details for cycle CNTKPIT-C1566
2026-05-26 19:16:59,964 - INFO - Updated result for CNTKPIT-T57 in cycle CNTKPIT-C1566
2026-05-26 19:17:00,227 - INFO - Fetched details for cycle CNTKPIT-C1565
2026-05-26 19:17:01,149 - INFO - Updated result for CNTKPIT-T57 in cycle CNTKPIT-C1565
2026-05-26 19:17:01,405 - INFO - Fetched details for cycle CNTKPIT-C1564
2026-05-26 19:17:02,272 - INFO - Updated result for CNTKPIT-T57 in cycle CNTKPIT-C1564
2026-05-26 19:17:02,521 - INFO - Fetched details for cycle CNTKPIT-C1563
2026-05-26 19:17:03,399 - INFO - Updated result for CNTKPIT-T57 in cycle CNTKPIT-C1563
2026-05-26 19:17:03,657 - INFO - Fetched details for cycle CNTKPIT-C1562
2026-05-26 19:17:04,550 - INFO - Updated result for CNTKPIT-T57 in cycle CNTKPIT-C1562
2026-05-26 19:17:04,805 - INFO - Fetched details for cycle CNTKPIT-C1561
2026-05-26 19:17:05,679 - INFO - Updated result for CNTKPIT-T57 in cycle CNTKPIT-C1561
2026-05-26 19:17:05,945 - INFO - Fetched details for cycle CNTKPIT-C1560
2026-05-26 19:17:06,914 - INFO - Updated result for CNTKPIT-T57 in cycle CNTKPIT-C1560
2026-05-26 19:17:07,177 - INFO - Fetched details for cycle CNTKPIT-C1559
2026-05-26 19:17:08,080 - INFO - Updated result for CNTKPIT-T57 in cycle CNTKPIT-C1559
2026-05-26 19:17:08,340 - INFO - Fetched details for cycle CNTKPIT-C1558
2026-05-26 19:17:09,233 - INFO - Updated result for CNTKPIT-T57 in cycle CNTKPIT-C1558
2026-05-26 19:17:09,489 - INFO - Fetched details for cycle CNTKPIT-C1557
2026-05-26 19:17:10,381 - INFO - Updated result for CNTKPIT-T57 in cycle CNTKPIT-C1557
2026-05-26 19:17:10,632 - INFO - Fetched details for cycle CNTKPIT-C1556
2026-05-26 19:17:11,493 - INFO - Updated result for CNTKPIT-T57 in cycle CNTKPIT-C1556
2026-05-26 19:17:11,752 - INFO - Fetched details for cycle CNTKPIT-C1555
2026-05-26 19:17:12,635 - INFO - Updated result for CNTKPIT-T57 in cycle CNTKPIT-C1555
2026-05-26 19:17:12,886 - INFO - Fetched details for cycle CNTKPIT-C1554
2026-05-26 19:17:13,766 - INFO - Updated result for CNTKPIT-T57 in cycle CNTKPIT-C1554
2026-05-26 19:17:14,017 - INFO - Fetched details for cycle CNTKPIT-C1553
2026-05-26 19:17:14,885 - INFO - Updated result for CNTKPIT-T57 in cycle CNTKPIT-C1553
2026-05-26 19:17:15,163 - INFO - Fetched details for cycle CNTKPIT-C1552
2026-05-26 19:17:16,038 - INFO - Updated result for CNTKPIT-T57 in cycle CNTKPIT-C1552
2026-05-26 19:17:16,327 - INFO - Fetched details for cycle CNTKPIT-C1551
2026-05-26 19:17:17,238 - INFO - Updated result for CNTKPIT-T57 in cycle CNTKPIT-C1551
2026-05-26 19:17:17,501 - INFO - Fetched details for cycle CNTKPIT-C1550
2026-05-26 19:17:18,406 - INFO - Updated result for CNTKPIT-T57 in cycle CNTKPIT-C1550
2026-05-26 19:17:18,663 - INFO - Fetched details for cycle CNTKPIT-C1549
2026-05-26 19:17:19,591 - INFO - Updated result for CNTKPIT-T57 in cycle CNTKPIT-C1549
2026-05-26 19:17:19,898 - INFO - Fetched details for cycle CNTKPIT-C1548
2026-05-26 19:17:20,784 - INFO - Updated result for CNTKPIT-T57 in cycle CNTKPIT-C1548
2026-05-26 19:17:21,055 - INFO - Fetched details for cycle CNTKPIT-C1547
2026-05-26 19:17:21,969 - INFO - Updated result for CNTKPIT-T57 in cycle CNTKPIT-C1547
2026-05-26 19:17:22,252 - INFO - Fetched details for cycle CNTKPIT-C1546
2026-05-26 19:17:23,141 - INFO - Updated result for CNTKPIT-T57 in cycle CNTKPIT-C1546
2026-05-26 19:17:23,405 - INFO - Fetched details for cycle CNTKPIT-C1545
2026-05-26 19:17:24,335 - INFO - Updated result for CNTKPIT-T57 in cycle CNTKPIT-C1545
2026-05-26 19:17:24,593 - INFO - Fetched details for cycle CNTKPIT-C1544
2026-05-26 19:17:25,484 - INFO - Updated result for CNTKPIT-T57 in cycle CNTKPIT-C1544
2026-05-26 19:17:25,757 - INFO - Fetched details for cycle CNTKPIT-C1543
2026-05-26 19:17:26,664 - INFO - Updated result for CNTKPIT-T57 in cycle CNTKPIT-C1543
2026-05-26 19:17:26,915 - INFO - Fetched details for cycle CNTKPIT-C1542
2026-05-26 19:17:27,801 - INFO - Updated result for CNTKPIT-T57 in cycle CNTKPIT-C1542
2026-05-26 19:17:28,052 - INFO - Fetched details for cycle CNTKPIT-C1541
2026-05-26 19:17:28,931 - INFO - Updated result for CNTKPIT-T57 in cycle CNTKPIT-C1541
2026-05-26 19:17:29,191 - INFO - Fetched details for cycle CNTKPIT-C1540
2026-05-26 19:17:30,067 - INFO - Updated result for CNTKPIT-T57 in cycle CNTKPIT-C1540
2026-05-26 19:17:30,324 - INFO - Fetched details for cycle CNTKPIT-C1539
2026-05-26 19:17:31,193 - INFO - Updated result for CNTKPIT-T57 in cycle CNTKPIT-C1539
2026-05-26 19:17:31,446 - INFO - Fetched details for cycle CNTKPIT-C1538
2026-05-26 19:17:32,315 - INFO - Updated result for CNTKPIT-T57 in cycle CNTKPIT-C1538
2026-05-26 19:17:32,565 - INFO - Fetched details for cycle CNTKPIT-C1537
2026-05-26 19:17:33,472 - INFO - Updated result for CNTKPIT-T57 in cycle CNTKPIT-C1537
2026-05-26 19:17:33,726 - INFO - Fetched details for cycle CNTKPIT-C1536
2026-05-26 19:17:34,610 - INFO - Updated result for CNTKPIT-T57 in cycle CNTKPIT-C1536
2026-05-26 19:17:34,878 - INFO - Fetched details for cycle CNTKPIT-C1535
2026-05-26 19:17:35,778 - INFO - Updated result for CNTKPIT-T57 in cycle CNTKPIT-C1535
2026-05-26 19:17:36,040 - INFO - Fetched details for cycle CNTKPIT-C1534
2026-05-26 19:17:36,921 - INFO - Updated result for CNTKPIT-T57 in cycle CNTKPIT-C1534
2026-05-26 19:17:37,175 - INFO - Fetched details for cycle CNTKPIT-C1533
2026-05-26 19:17:38,063 - INFO - Updated result for CNTKPIT-T57 in cycle CNTKPIT-C1533
2026-05-26 19:17:38,312 - INFO - Fetched details for cycle CNTKPIT-C1532
2026-05-26 19:17:39,198 - INFO - Updated result for CNTKPIT-T57 in cycle CNTKPIT-C1532
2026-05-26 19:17:39,455 - INFO - Fetched details for cycle CNTKPIT-C1531
2026-05-26 19:17:40,347 - INFO - Updated result for CNTKPIT-T57 in cycle CNTKPIT-C1531
2026-05-26 19:17:40,701 - INFO - Fetched details for cycle CNTKPIT-C1530
2026-05-26 19:17:41,584 - INFO - Updated result for CNTKPIT-T57 in cycle CNTKPIT-C1530
2026-05-26 19:17:41,846 - INFO - Fetched details for cycle CNTKPIT-C1529
2026-05-26 19:17:42,761 - INFO - Updated result for CNTKPIT-T57 in cycle CNTKPIT-C1529
2026-05-26 19:17:43,022 - INFO - Fetched details for cycle CNTKPIT-C1528
2026-05-26 19:17:43,917 - INFO - Updated result for CNTKPIT-T57 in cycle CNTKPIT-C1528
2026-05-26 19:17:44,168 - INFO - Fetched details for cycle CNTKPIT-C1527
2026-05-26 19:17:45,054 - INFO - Updated result for CNTKPIT-T57 in cycle CNTKPIT-C1527
2026-05-26 19:17:45,304 - INFO - Fetched details for cycle CNTKPIT-C1526
2026-05-26 19:17:46,166 - INFO - Updated result for CNTKPIT-T57 in cycle CNTKPIT-C1526
2026-05-26 19:17:46,426 - INFO - Fetched details for cycle CNTKPIT-C1525
2026-05-26 19:17:47,308 - INFO - Updated result for CNTKPIT-T57 in cycle CNTKPIT-C1525
2026-05-26 19:17:47,558 - INFO - Fetched details for cycle CNTKPIT-C1524
2026-05-26 19:17:48,441 - INFO - Updated result for CNTKPIT-T57 in cycle CNTKPIT-C1524
2026-05-26 19:17:48,692 - INFO - Fetched details for cycle CNTKPIT-C1523
2026-05-26 19:17:49,648 - INFO - Updated result for CNTKPIT-T57 in cycle CNTKPIT-C1523
2026-05-26 19:17:49,931 - INFO - Fetched details for cycle CNTKPIT-C1522
2026-05-26 19:17:50,797 - INFO - Updated result for CNTKPIT-T57 in cycle CNTKPIT-C1522
2026-05-26 19:17:51,059 - INFO - Fetched details for cycle CNTKPIT-C1521
2026-05-26 19:17:51,946 - INFO - Updated result for CNTKPIT-T57 in cycle CNTKPIT-C1521
2026-05-26 19:17:52,231 - INFO - Fetched details for cycle CNTKPIT-C1520
2026-05-26 19:17:53,127 - INFO - Updated result for CNTKPIT-T57 in cycle CNTKPIT-C1520
2026-05-26 19:17:53,376 - INFO - Fetched details for cycle CNTKPIT-C1519
2026-05-26 19:17:54,284 - INFO - Updated result for CNTKPIT-T57 in cycle CNTKPIT-C1519
2026-05-26 19:17:54,536 - INFO - Fetched details for cycle CNTKPIT-C1518
2026-05-26 19:17:55,394 - INFO - Updated result for CNTKPIT-T57 in cycle CNTKPIT-C1518
2026-05-26 19:17:55,640 - INFO - Fetched details for cycle CNTKPIT-C1517
2026-05-26 19:17:56,518 - INFO - Updated result for CNTKPIT-T57 in cycle CNTKPIT-C1517
2026-05-26 19:17:56,764 - INFO - Fetched details for cycle CNTKPIT-C1516
2026-05-26 19:17:57,645 - INFO - Updated result for CNTKPIT-T57 in cycle CNTKPIT-C1516
2026-05-26 19:17:57,892 - INFO - Fetched details for cycle CNTKPIT-C1515
2026-05-26 19:17:58,764 - INFO - Updated result for CNTKPIT-T57 in cycle CNTKPIT-C1515
2026-05-26 19:17:59,016 - INFO - Fetched details for cycle CNTKPIT-C1514
2026-05-26 19:17:59,892 - INFO - Updated result for CNTKPIT-T57 in cycle CNTKPIT-C1514
2026-05-26 19:18:00,138 - INFO - Fetched details for cycle CNTKPIT-C1513
2026-05-26 19:18:01,078 - INFO - Updated result for CNTKPIT-T57 in cycle CNTKPIT-C1513
2026-05-26 19:18:01,324 - INFO - Fetched details for cycle CNTKPIT-C1512
2026-05-26 19:18:02,198 - INFO - Updated result for CNTKPIT-T57 in cycle CNTKPIT-C1512
2026-05-26 19:18:02,457 - INFO - Fetched details for cycle CNTKPIT-C1511
2026-05-26 19:18:03,346 - INFO - Updated result for CNTKPIT-T57 in cycle CNTKPIT-C1511
2026-05-26 19:18:03,595 - INFO - Fetched details for cycle CNTKPIT-C1510
2026-05-26 19:18:04,466 - INFO - Updated result for CNTKPIT-T57 in cycle CNTKPIT-C1510
2026-05-26 19:18:04,718 - INFO - Fetched details for cycle CNTKPIT-C1509
2026-05-26 19:18:05,592 - INFO - Updated result for CNTKPIT-T57 in cycle CNTKPIT-C1509
2026-05-26 19:18:05,839 - INFO - Fetched details for cycle CNTKPIT-C1508
2026-05-26 19:18:06,699 - INFO - Updated result for CNTKPIT-T57 in cycle CNTKPIT-C1508
2026-05-26 19:18:06,951 - INFO - Fetched details for cycle CNTKPIT-C1507
2026-05-26 19:18:07,811 - INFO - Updated result for CNTKPIT-T57 in cycle CNTKPIT-C1507
2026-05-26 19:18:08,056 - INFO - Fetched details for cycle CNTKPIT-C1506
2026-05-26 19:18:08,920 - INFO - Updated result for CNTKPIT-T57 in cycle CNTKPIT-C1506
2026-05-26 19:19:56,470 - INFO - Found 75 cycles matching AEA1415R1.260514.1
2026-05-26 19:19:59,125 - INFO - Found 75 cycles matching AEA1415R1.260514.1
2026-05-26 19:20:07,138 - INFO - Fetched details for cycle CNTKPIT-C1505
2026-05-26 19:20:08,119 - INFO - Updated result for CNTKPIT-T59 in cycle CNTKPIT-C1505
2026-05-26 19:20:08,594 - INFO - Updated result for CNTKPIT-T62 in cycle CNTKPIT-C1505
2026-05-26 19:20:08,839 - INFO - Fetched details for cycle CNTKPIT-C1504
2026-05-26 19:20:09,837 - INFO - Updated result for CNTKPIT-T59 in cycle CNTKPIT-C1504
2026-05-26 19:20:10,303 - INFO - Updated result for CNTKPIT-T62 in cycle CNTKPIT-C1504
2026-05-26 19:20:10,551 - INFO - Fetched details for cycle CNTKPIT-C1503
2026-05-26 19:20:11,549 - INFO - Updated result for CNTKPIT-T59 in cycle CNTKPIT-C1503
2026-05-26 19:20:12,012 - INFO - Updated result for CNTKPIT-T62 in cycle CNTKPIT-C1503
2026-05-26 19:20:12,274 - INFO - Fetched details for cycle CNTKPIT-C1502
2026-05-26 19:20:13,272 - INFO - Updated result for CNTKPIT-T59 in cycle CNTKPIT-C1502
2026-05-26 19:20:13,730 - INFO - Updated result for CNTKPIT-T62 in cycle CNTKPIT-C1502
2026-05-26 19:20:13,978 - INFO - Fetched details for cycle CNTKPIT-C1501
2026-05-26 19:20:14,953 - INFO - Updated result for CNTKPIT-T59 in cycle CNTKPIT-C1501
2026-05-26 19:20:15,418 - INFO - Updated result for CNTKPIT-T62 in cycle CNTKPIT-C1501
2026-05-26 19:20:15,662 - INFO - Fetched details for cycle CNTKPIT-C1500
2026-05-26 19:20:16,713 - INFO - Updated result for CNTKPIT-T59 in cycle CNTKPIT-C1500
2026-05-26 19:20:17,178 - INFO - Updated result for CNTKPIT-T62 in cycle CNTKPIT-C1500
2026-05-26 19:20:17,426 - INFO - Fetched details for cycle CNTKPIT-C1499
2026-05-26 19:20:18,430 - INFO - Updated result for CNTKPIT-T59 in cycle CNTKPIT-C1499
2026-05-26 19:20:18,896 - INFO - Updated result for CNTKPIT-T62 in cycle CNTKPIT-C1499
2026-05-26 19:20:19,144 - INFO - Fetched details for cycle CNTKPIT-C1498
2026-05-26 19:20:20,286 - INFO - Updated result for CNTKPIT-T59 in cycle CNTKPIT-C1498
2026-05-26 19:20:20,764 - INFO - Updated result for CNTKPIT-T62 in cycle CNTKPIT-C1498
2026-05-26 19:20:21,011 - INFO - Fetched details for cycle CNTKPIT-C1497
2026-05-26 19:20:22,017 - INFO - Updated result for CNTKPIT-T59 in cycle CNTKPIT-C1497
2026-05-26 19:20:22,496 - INFO - Updated result for CNTKPIT-T62 in cycle CNTKPIT-C1497
2026-05-26 19:20:22,826 - INFO - Fetched details for cycle CNTKPIT-C1496
2026-05-26 19:20:23,863 - INFO - Updated result for CNTKPIT-T59 in cycle CNTKPIT-C1496
2026-05-26 19:20:24,336 - INFO - Updated result for CNTKPIT-T62 in cycle CNTKPIT-C1496
2026-05-26 19:20:24,603 - INFO - Fetched details for cycle CNTKPIT-C1495
2026-05-26 19:20:25,594 - INFO - Updated result for CNTKPIT-T59 in cycle CNTKPIT-C1495
2026-05-26 19:20:26,069 - INFO - Updated result for CNTKPIT-T62 in cycle CNTKPIT-C1495
2026-05-26 19:20:26,327 - INFO - Fetched details for cycle CNTKPIT-C1494
2026-05-26 19:20:27,287 - INFO - Updated result for CNTKPIT-T59 in cycle CNTKPIT-C1494
2026-05-26 19:20:27,830 - INFO - Updated result for CNTKPIT-T62 in cycle CNTKPIT-C1494
2026-05-26 19:20:28,074 - INFO - Fetched details for cycle CNTKPIT-C1493
2026-05-26 19:20:29,054 - INFO - Updated result for CNTKPIT-T59 in cycle CNTKPIT-C1493
2026-05-26 19:20:29,533 - INFO - Updated result for CNTKPIT-T62 in cycle CNTKPIT-C1493
2026-05-26 19:20:29,793 - INFO - Fetched details for cycle CNTKPIT-C1492
2026-05-26 19:20:30,794 - INFO - Updated result for CNTKPIT-T59 in cycle CNTKPIT-C1492
2026-05-26 19:20:31,256 - INFO - Updated result for CNTKPIT-T62 in cycle CNTKPIT-C1492
2026-05-26 19:20:31,527 - INFO - Fetched details for cycle CNTKPIT-C1491
2026-05-26 19:20:32,504 - INFO - Updated result for CNTKPIT-T59 in cycle CNTKPIT-C1491
2026-05-26 19:20:32,971 - INFO - Updated result for CNTKPIT-T62 in cycle CNTKPIT-C1491
2026-05-26 19:20:33,214 - INFO - Fetched details for cycle CNTKPIT-C1490
2026-05-26 19:20:34,223 - INFO - Updated result for CNTKPIT-T59 in cycle CNTKPIT-C1490
2026-05-26 19:20:34,679 - INFO - Updated result for CNTKPIT-T62 in cycle CNTKPIT-C1490
2026-05-26 19:20:34,945 - INFO - Fetched details for cycle CNTKPIT-C1489
2026-05-26 19:20:35,926 - INFO - Updated result for CNTKPIT-T59 in cycle CNTKPIT-C1489
2026-05-26 19:20:36,397 - INFO - Updated result for CNTKPIT-T62 in cycle CNTKPIT-C1489
2026-05-26 19:20:36,647 - INFO - Fetched details for cycle CNTKPIT-C1488
2026-05-26 19:20:37,653 - INFO - Updated result for CNTKPIT-T59 in cycle CNTKPIT-C1488
2026-05-26 19:20:38,117 - INFO - Updated result for CNTKPIT-T62 in cycle CNTKPIT-C1488
2026-05-26 19:20:38,384 - INFO - Fetched details for cycle CNTKPIT-C1487
2026-05-26 19:20:39,371 - INFO - Updated result for CNTKPIT-T59 in cycle CNTKPIT-C1487
2026-05-26 19:20:39,841 - INFO - Updated result for CNTKPIT-T62 in cycle CNTKPIT-C1487
2026-05-26 19:20:40,102 - INFO - Fetched details for cycle CNTKPIT-C1486
2026-05-26 19:20:41,098 - INFO - Updated result for CNTKPIT-T59 in cycle CNTKPIT-C1486
2026-05-26 19:20:41,557 - INFO - Updated result for CNTKPIT-T62 in cycle CNTKPIT-C1486
2026-05-26 19:20:41,827 - INFO - Fetched details for cycle CNTKPIT-C1485
2026-05-26 19:20:42,797 - INFO - Updated result for CNTKPIT-T59 in cycle CNTKPIT-C1485
2026-05-26 19:20:43,266 - INFO - Updated result for CNTKPIT-T62 in cycle CNTKPIT-C1485
2026-05-26 19:20:43,513 - INFO - Fetched details for cycle CNTKPIT-C1484
2026-05-26 19:20:44,501 - INFO - Updated result for CNTKPIT-T59 in cycle CNTKPIT-C1484
2026-05-26 19:20:44,961 - INFO - Updated result for CNTKPIT-T62 in cycle CNTKPIT-C1484
2026-05-26 19:20:45,221 - INFO - Fetched details for cycle CNTKPIT-C1483
2026-05-26 19:20:46,193 - INFO - Updated result for CNTKPIT-T59 in cycle CNTKPIT-C1483
2026-05-26 19:20:46,653 - INFO - Updated result for CNTKPIT-T62 in cycle CNTKPIT-C1483
2026-05-26 19:20:46,911 - INFO - Fetched details for cycle CNTKPIT-C1482
2026-05-26 19:20:47,895 - INFO - Updated result for CNTKPIT-T59 in cycle CNTKPIT-C1482
2026-05-26 19:20:48,358 - INFO - Updated result for CNTKPIT-T62 in cycle CNTKPIT-C1482
2026-05-26 19:20:48,613 - INFO - Fetched details for cycle CNTKPIT-C1481
2026-05-26 19:20:49,740 - INFO - Updated result for CNTKPIT-T59 in cycle CNTKPIT-C1481
2026-05-26 19:20:50,235 - INFO - Updated result for CNTKPIT-T62 in cycle CNTKPIT-C1481
2026-05-26 19:20:50,484 - INFO - Fetched details for cycle CNTKPIT-C1480
2026-05-26 19:20:51,452 - INFO - Updated result for CNTKPIT-T59 in cycle CNTKPIT-C1480
2026-05-26 19:20:51,943 - INFO - Updated result for CNTKPIT-T62 in cycle CNTKPIT-C1480
2026-05-26 19:20:52,219 - INFO - Fetched details for cycle CNTKPIT-C1479
2026-05-26 19:20:53,259 - INFO - Updated result for CNTKPIT-T59 in cycle CNTKPIT-C1479
2026-05-26 19:20:53,720 - INFO - Updated result for CNTKPIT-T62 in cycle CNTKPIT-C1479
2026-05-26 19:20:53,967 - INFO - Fetched details for cycle CNTKPIT-C1478
2026-05-26 19:20:54,933 - INFO - Updated result for CNTKPIT-T59 in cycle CNTKPIT-C1478
2026-05-26 19:20:55,412 - INFO - Updated result for CNTKPIT-T62 in cycle CNTKPIT-C1478
2026-05-26 19:20:55,675 - INFO - Fetched details for cycle CNTKPIT-C1477
2026-05-26 19:20:56,719 - INFO - Updated result for CNTKPIT-T59 in cycle CNTKPIT-C1477
2026-05-26 19:20:57,196 - INFO - Updated result for CNTKPIT-T62 in cycle CNTKPIT-C1477
2026-05-26 19:20:57,441 - INFO - Fetched details for cycle CNTKPIT-C1476
2026-05-26 19:20:58,416 - INFO - Updated result for CNTKPIT-T59 in cycle CNTKPIT-C1476
2026-05-26 19:20:58,880 - INFO - Updated result for CNTKPIT-T62 in cycle CNTKPIT-C1476
2026-05-26 19:20:59,137 - INFO - Fetched details for cycle CNTKPIT-C1475
2026-05-26 19:21:00,145 - INFO - Updated result for CNTKPIT-T59 in cycle CNTKPIT-C1475
2026-05-26 19:21:00,648 - INFO - Updated result for CNTKPIT-T62 in cycle CNTKPIT-C1475
2026-05-26 19:21:00,899 - INFO - Fetched details for cycle CNTKPIT-C1474
2026-05-26 19:21:01,919 - INFO - Updated result for CNTKPIT-T59 in cycle CNTKPIT-C1474
2026-05-26 19:21:02,376 - INFO - Updated result for CNTKPIT-T62 in cycle CNTKPIT-C1474
2026-05-26 19:21:02,625 - INFO - Fetched details for cycle CNTKPIT-C1473
2026-05-26 19:21:03,590 - INFO - Updated result for CNTKPIT-T59 in cycle CNTKPIT-C1473
2026-05-26 19:21:04,085 - INFO - Updated result for CNTKPIT-T62 in cycle CNTKPIT-C1473
2026-05-26 19:21:04,332 - INFO - Fetched details for cycle CNTKPIT-C1472
2026-05-26 19:21:05,333 - INFO - Updated result for CNTKPIT-T59 in cycle CNTKPIT-C1472
2026-05-26 19:21:05,806 - INFO - Updated result for CNTKPIT-T62 in cycle CNTKPIT-C1472
2026-05-26 19:21:06,075 - INFO - Fetched details for cycle CNTKPIT-C1471
2026-05-26 19:21:07,072 - INFO - Updated result for CNTKPIT-T59 in cycle CNTKPIT-C1471
2026-05-26 19:21:07,535 - INFO - Updated result for CNTKPIT-T62 in cycle CNTKPIT-C1471
2026-05-26 19:21:07,790 - INFO - Fetched details for cycle CNTKPIT-C1470
2026-05-26 19:21:08,810 - INFO - Updated result for CNTKPIT-T59 in cycle CNTKPIT-C1470
2026-05-26 19:21:09,271 - INFO - Updated result for CNTKPIT-T62 in cycle CNTKPIT-C1470
2026-05-26 19:21:09,518 - INFO - Fetched details for cycle CNTKPIT-C1469
2026-05-26 19:21:10,501 - INFO - Updated result for CNTKPIT-T59 in cycle CNTKPIT-C1469
2026-05-26 19:21:10,966 - INFO - Updated result for CNTKPIT-T62 in cycle CNTKPIT-C1469
2026-05-26 19:21:11,219 - INFO - Fetched details for cycle CNTKPIT-C1468
2026-05-26 19:21:12,218 - INFO - Updated result for CNTKPIT-T59 in cycle CNTKPIT-C1468
2026-05-26 19:21:12,687 - INFO - Updated result for CNTKPIT-T62 in cycle CNTKPIT-C1468
2026-05-26 19:21:12,949 - INFO - Fetched details for cycle CNTKPIT-C1467
2026-05-26 19:21:13,959 - INFO - Updated result for CNTKPIT-T59 in cycle CNTKPIT-C1467
2026-05-26 19:21:14,442 - INFO - Updated result for CNTKPIT-T62 in cycle CNTKPIT-C1467
2026-05-26 19:21:14,700 - INFO - Fetched details for cycle CNTKPIT-C1466
2026-05-26 19:21:15,705 - INFO - Updated result for CNTKPIT-T59 in cycle CNTKPIT-C1466
2026-05-26 19:21:16,175 - INFO - Updated result for CNTKPIT-T62 in cycle CNTKPIT-C1466
2026-05-26 19:21:16,442 - INFO - Fetched details for cycle CNTKPIT-C1465
2026-05-26 19:21:17,528 - INFO - Updated result for CNTKPIT-T59 in cycle CNTKPIT-C1465
2026-05-26 19:21:17,995 - INFO - Updated result for CNTKPIT-T62 in cycle CNTKPIT-C1465
2026-05-26 19:21:18,250 - INFO - Fetched details for cycle CNTKPIT-C1464
2026-05-26 19:21:19,238 - INFO - Updated result for CNTKPIT-T59 in cycle CNTKPIT-C1464
2026-05-26 19:21:19,760 - INFO - Updated result for CNTKPIT-T62 in cycle CNTKPIT-C1464
2026-05-26 19:21:20,039 - INFO - Fetched details for cycle CNTKPIT-C1463
2026-05-26 19:21:21,023 - INFO - Updated result for CNTKPIT-T59 in cycle CNTKPIT-C1463
2026-05-26 19:21:21,490 - INFO - Updated result for CNTKPIT-T62 in cycle CNTKPIT-C1463
2026-05-26 19:21:21,741 - INFO - Fetched details for cycle CNTKPIT-C1462
2026-05-26 19:21:22,770 - INFO - Updated result for CNTKPIT-T59 in cycle CNTKPIT-C1462
2026-05-26 19:21:23,245 - INFO - Updated result for CNTKPIT-T62 in cycle CNTKPIT-C1462
2026-05-26 19:21:23,493 - INFO - Fetched details for cycle CNTKPIT-C1461
2026-05-26 19:21:24,469 - INFO - Updated result for CNTKPIT-T59 in cycle CNTKPIT-C1461
2026-05-26 19:21:24,937 - INFO - Updated result for CNTKPIT-T62 in cycle CNTKPIT-C1461
2026-05-26 19:21:25,187 - INFO - Fetched details for cycle CNTKPIT-C1460
2026-05-26 19:21:26,172 - INFO - Updated result for CNTKPIT-T59 in cycle CNTKPIT-C1460
2026-05-26 19:21:26,646 - INFO - Updated result for CNTKPIT-T62 in cycle CNTKPIT-C1460
2026-05-26 19:21:26,901 - INFO - Fetched details for cycle CNTKPIT-C1459
2026-05-26 19:21:27,882 - INFO - Updated result for CNTKPIT-T59 in cycle CNTKPIT-C1459
2026-05-26 19:21:28,360 - INFO - Updated result for CNTKPIT-T62 in cycle CNTKPIT-C1459
2026-05-26 19:21:28,606 - INFO - Fetched details for cycle CNTKPIT-C1458
2026-05-26 19:21:29,595 - INFO - Updated result for CNTKPIT-T59 in cycle CNTKPIT-C1458
2026-05-26 19:21:30,050 - INFO - Updated result for CNTKPIT-T62 in cycle CNTKPIT-C1458
2026-05-26 19:21:30,298 - INFO - Fetched details for cycle CNTKPIT-C1457
2026-05-26 19:21:31,333 - INFO - Updated result for CNTKPIT-T59 in cycle CNTKPIT-C1457
2026-05-26 19:21:31,799 - INFO - Updated result for CNTKPIT-T62 in cycle CNTKPIT-C1457
2026-05-26 19:21:32,046 - INFO - Fetched details for cycle CNTKPIT-C1456
2026-05-26 19:21:33,039 - INFO - Updated result for CNTKPIT-T59 in cycle CNTKPIT-C1456
2026-05-26 19:21:33,499 - INFO - Updated result for CNTKPIT-T62 in cycle CNTKPIT-C1456
2026-05-26 19:21:33,756 - INFO - Fetched details for cycle CNTKPIT-C1455
2026-05-26 19:21:34,746 - INFO - Updated result for CNTKPIT-T59 in cycle CNTKPIT-C1455
2026-05-26 19:21:35,226 - INFO - Updated result for CNTKPIT-T62 in cycle CNTKPIT-C1455
2026-05-26 19:21:35,490 - INFO - Fetched details for cycle CNTKPIT-C1454
2026-05-26 19:21:36,477 - INFO - Updated result for CNTKPIT-T59 in cycle CNTKPIT-C1454
2026-05-26 19:21:36,940 - INFO - Updated result for CNTKPIT-T62 in cycle CNTKPIT-C1454
2026-05-26 19:21:37,193 - INFO - Fetched details for cycle CNTKPIT-C1453
2026-05-26 19:21:38,196 - INFO - Updated result for CNTKPIT-T59 in cycle CNTKPIT-C1453
2026-05-26 19:21:38,682 - INFO - Updated result for CNTKPIT-T62 in cycle CNTKPIT-C1453
2026-05-26 19:21:38,931 - INFO - Fetched details for cycle CNTKPIT-C1452
2026-05-26 19:21:39,928 - INFO - Updated result for CNTKPIT-T59 in cycle CNTKPIT-C1452
2026-05-26 19:21:40,387 - INFO - Updated result for CNTKPIT-T62 in cycle CNTKPIT-C1452
2026-05-26 19:21:40,647 - INFO - Fetched details for cycle CNTKPIT-C1451
2026-05-26 19:21:41,647 - INFO - Updated result for CNTKPIT-T59 in cycle CNTKPIT-C1451
2026-05-26 19:21:42,169 - INFO - Updated result for CNTKPIT-T62 in cycle CNTKPIT-C1451
2026-05-26 19:21:42,411 - INFO - Fetched details for cycle CNTKPIT-C1450
2026-05-26 19:21:43,424 - INFO - Updated result for CNTKPIT-T59 in cycle CNTKPIT-C1450
2026-05-26 19:21:43,886 - INFO - Updated result for CNTKPIT-T62 in cycle CNTKPIT-C1450
2026-05-26 19:21:44,140 - INFO - Fetched details for cycle CNTKPIT-C1449
2026-05-26 19:21:45,128 - INFO - Updated result for CNTKPIT-T59 in cycle CNTKPIT-C1449
2026-05-26 19:21:45,604 - INFO - Updated result for CNTKPIT-T62 in cycle CNTKPIT-C1449
2026-05-26 19:21:45,861 - INFO - Fetched details for cycle CNTKPIT-C1448
2026-05-26 19:21:46,910 - INFO - Updated result for CNTKPIT-T59 in cycle CNTKPIT-C1448
2026-05-26 19:21:47,373 - INFO - Updated result for CNTKPIT-T62 in cycle CNTKPIT-C1448
2026-05-26 19:21:47,655 - INFO - Fetched details for cycle CNTKPIT-C1447
2026-05-26 19:21:48,684 - INFO - Updated result for CNTKPIT-T59 in cycle CNTKPIT-C1447
2026-05-26 19:21:49,155 - INFO - Updated result for CNTKPIT-T62 in cycle CNTKPIT-C1447
2026-05-26 19:21:49,425 - INFO - Fetched details for cycle CNTKPIT-C1446
2026-05-26 19:21:50,450 - INFO - Updated result for CNTKPIT-T59 in cycle CNTKPIT-C1446
2026-05-26 19:21:50,919 - INFO - Updated result for CNTKPIT-T62 in cycle CNTKPIT-C1446
2026-05-26 19:21:51,176 - INFO - Fetched details for cycle CNTKPIT-C1445
2026-05-26 19:21:52,180 - INFO - Updated result for CNTKPIT-T59 in cycle CNTKPIT-C1445
2026-05-26 19:21:52,650 - INFO - Updated result for CNTKPIT-T62 in cycle CNTKPIT-C1445
2026-05-26 19:21:52,897 - INFO - Fetched details for cycle CNTKPIT-C1444
2026-05-26 19:21:53,919 - INFO - Updated result for CNTKPIT-T59 in cycle CNTKPIT-C1444
2026-05-26 19:21:54,386 - INFO - Updated result for CNTKPIT-T62 in cycle CNTKPIT-C1444
2026-05-26 19:21:54,671 - INFO - Fetched details for cycle CNTKPIT-C1443
2026-05-26 19:21:55,643 - INFO - Updated result for CNTKPIT-T59 in cycle CNTKPIT-C1443
2026-05-26 19:21:56,107 - INFO - Updated result for CNTKPIT-T62 in cycle CNTKPIT-C1443
2026-05-26 19:21:56,395 - INFO - Fetched details for cycle CNTKPIT-C1442
2026-05-26 19:21:57,380 - INFO - Updated result for CNTKPIT-T59 in cycle CNTKPIT-C1442
2026-05-26 19:21:57,843 - INFO - Updated result for CNTKPIT-T62 in cycle CNTKPIT-C1442
2026-05-26 19:21:58,085 - INFO - Fetched details for cycle CNTKPIT-C1441
2026-05-26 19:21:59,057 - INFO - Updated result for CNTKPIT-T59 in cycle CNTKPIT-C1441
2026-05-26 19:21:59,533 - INFO - Updated result for CNTKPIT-T62 in cycle CNTKPIT-C1441
2026-05-26 19:21:59,791 - INFO - Fetched details for cycle CNTKPIT-C1440
2026-05-26 19:22:00,792 - INFO - Updated result for CNTKPIT-T59 in cycle CNTKPIT-C1440
2026-05-26 19:22:01,251 - INFO - Updated result for CNTKPIT-T62 in cycle CNTKPIT-C1440
2026-05-26 19:22:01,512 - INFO - Fetched details for cycle CNTKPIT-C1439
2026-05-26 19:22:02,542 - INFO - Updated result for CNTKPIT-T59 in cycle CNTKPIT-C1439
2026-05-26 19:22:03,000 - INFO - Updated result for CNTKPIT-T62 in cycle CNTKPIT-C1439
2026-05-26 19:22:03,244 - INFO - Fetched details for cycle CNTKPIT-C1438
2026-05-26 19:22:04,221 - INFO - Updated result for CNTKPIT-T59 in cycle CNTKPIT-C1438
2026-05-26 19:22:04,685 - INFO - Updated result for CNTKPIT-T62 in cycle CNTKPIT-C1438
2026-05-26 19:22:04,935 - INFO - Fetched details for cycle CNTKPIT-C1437
2026-05-26 19:22:05,947 - INFO - Updated result for CNTKPIT-T59 in cycle CNTKPIT-C1437
2026-05-26 19:22:06,486 - INFO - Updated result for CNTKPIT-T62 in cycle CNTKPIT-C1437
2026-05-26 19:22:06,740 - INFO - Fetched details for cycle CNTKPIT-C1436
2026-05-26 19:22:07,716 - INFO - Updated result for CNTKPIT-T59 in cycle CNTKPIT-C1436
2026-05-26 19:22:08,181 - INFO - Updated result for CNTKPIT-T62 in cycle CNTKPIT-C1436
2026-05-26 19:22:08,529 - INFO - Fetched details for cycle CNTKPIT-C1435
2026-05-26 19:22:09,533 - INFO - Updated result for CNTKPIT-T59 in cycle CNTKPIT-C1435
2026-05-26 19:22:10,005 - INFO - Updated result for CNTKPIT-T62 in cycle CNTKPIT-C1435
2026-05-26 19:22:10,255 - INFO - Fetched details for cycle CNTKPIT-C1434
2026-05-26 19:22:11,277 - INFO - Updated result for CNTKPIT-T59 in cycle CNTKPIT-C1434
2026-05-26 19:22:11,786 - INFO - Updated result for CNTKPIT-T62 in cycle CNTKPIT-C1434
2026-05-26 19:22:12,043 - INFO - Fetched details for cycle CNTKPIT-C1433
2026-05-26 19:22:13,034 - INFO - Updated result for CNTKPIT-T59 in cycle CNTKPIT-C1433
2026-05-26 19:22:13,499 - INFO - Updated result for CNTKPIT-T62 in cycle CNTKPIT-C1433
2026-05-26 19:22:13,751 - INFO - Fetched details for cycle CNTKPIT-C1432
2026-05-26 19:22:14,751 - INFO - Updated result for CNTKPIT-T59 in cycle CNTKPIT-C1432
2026-05-26 19:22:15,248 - INFO - Updated result for CNTKPIT-T62 in cycle CNTKPIT-C1432
2026-05-26 19:22:15,501 - INFO - Fetched details for cycle CNTKPIT-C1431
2026-05-26 19:22:16,544 - INFO - Updated result for CNTKPIT-T59 in cycle CNTKPIT-C1431
2026-05-26 19:22:17,014 - INFO - Updated result for CNTKPIT-T62 in cycle CNTKPIT-C1431
2026-05-26 19:23:53,022 - INFO - Found 75 cycles matching AEA1415R1.260514.1
2026-05-26 19:23:56,768 - INFO - Found 75 cycles matching AEA1415R1.260514.1
2026-05-26 19:24:07,327 - INFO - Fetched details for cycle CNTKPIT-C1430
2026-05-26 19:24:08,359 - INFO - Updated result for CNTKPIT-T59 in cycle CNTKPIT-C1430
2026-05-26 19:24:08,825 - INFO - Updated result for CNTKPIT-T62 in cycle CNTKPIT-C1430
2026-05-26 19:24:09,081 - INFO - Fetched details for cycle CNTKPIT-C1429
2026-05-26 19:24:10,117 - INFO - Updated result for CNTKPIT-T59 in cycle CNTKPIT-C1429
2026-05-26 19:24:10,581 - INFO - Updated result for CNTKPIT-T62 in cycle CNTKPIT-C1429
2026-05-26 19:24:10,835 - INFO - Fetched details for cycle CNTKPIT-C1428
2026-05-26 19:24:11,833 - INFO - Updated result for CNTKPIT-T59 in cycle CNTKPIT-C1428
2026-05-26 19:24:12,309 - INFO - Updated result for CNTKPIT-T62 in cycle CNTKPIT-C1428
2026-05-26 19:24:12,563 - INFO - Fetched details for cycle CNTKPIT-C1427
2026-05-26 19:24:13,588 - INFO - Updated result for CNTKPIT-T59 in cycle CNTKPIT-C1427
2026-05-26 19:24:14,059 - INFO - Updated result for CNTKPIT-T62 in cycle CNTKPIT-C1427
2026-05-26 19:24:14,307 - INFO - Fetched details for cycle CNTKPIT-C1426
2026-05-26 19:24:15,340 - INFO - Updated result for CNTKPIT-T59 in cycle CNTKPIT-C1426
2026-05-26 19:24:15,802 - INFO - Updated result for CNTKPIT-T62 in cycle CNTKPIT-C1426
2026-05-26 19:24:16,050 - INFO - Fetched details for cycle CNTKPIT-C1425
2026-05-26 19:24:17,109 - INFO - Updated result for CNTKPIT-T59 in cycle CNTKPIT-C1425
2026-05-26 19:24:17,573 - INFO - Updated result for CNTKPIT-T62 in cycle CNTKPIT-C1425
2026-05-26 19:24:17,817 - INFO - Fetched details for cycle CNTKPIT-C1424
2026-05-26 19:24:18,833 - INFO - Updated result for CNTKPIT-T59 in cycle CNTKPIT-C1424
2026-05-26 19:24:19,334 - INFO - Updated result for CNTKPIT-T62 in cycle CNTKPIT-C1424
2026-05-26 19:24:19,607 - INFO - Fetched details for cycle CNTKPIT-C1423
2026-05-26 19:24:20,646 - INFO - Updated result for CNTKPIT-T59 in cycle CNTKPIT-C1423
2026-05-26 19:24:21,113 - INFO - Updated result for CNTKPIT-T62 in cycle CNTKPIT-C1423
2026-05-26 19:24:21,360 - INFO - Fetched details for cycle CNTKPIT-C1422
2026-05-26 19:24:22,417 - INFO - Updated result for CNTKPIT-T59 in cycle CNTKPIT-C1422
2026-05-26 19:24:22,964 - INFO - Updated result for CNTKPIT-T62 in cycle CNTKPIT-C1422
2026-05-26 19:24:23,213 - INFO - Fetched details for cycle CNTKPIT-C1421
2026-05-26 19:24:24,222 - INFO - Updated result for CNTKPIT-T59 in cycle CNTKPIT-C1421
2026-05-26 19:24:24,691 - INFO - Updated result for CNTKPIT-T62 in cycle CNTKPIT-C1421
2026-05-26 19:24:24,952 - INFO - Fetched details for cycle CNTKPIT-C1420
2026-05-26 19:24:25,987 - INFO - Updated result for CNTKPIT-T59 in cycle CNTKPIT-C1420
2026-05-26 19:24:26,464 - INFO - Updated result for CNTKPIT-T62 in cycle CNTKPIT-C1420
2026-05-26 19:24:26,718 - INFO - Fetched details for cycle CNTKPIT-C1419
2026-05-26 19:24:27,694 - INFO - Updated result for CNTKPIT-T59 in cycle CNTKPIT-C1419
2026-05-26 19:24:28,186 - INFO - Updated result for CNTKPIT-T62 in cycle CNTKPIT-C1419
2026-05-26 19:24:28,558 - INFO - Fetched details for cycle CNTKPIT-C1418
2026-05-26 19:24:29,548 - INFO - Updated result for CNTKPIT-T59 in cycle CNTKPIT-C1418
2026-05-26 19:24:30,015 - INFO - Updated result for CNTKPIT-T62 in cycle CNTKPIT-C1418
2026-05-26 19:24:30,262 - INFO - Fetched details for cycle CNTKPIT-C1417
2026-05-26 19:24:31,268 - INFO - Updated result for CNTKPIT-T59 in cycle CNTKPIT-C1417
2026-05-26 19:24:31,755 - INFO - Updated result for CNTKPIT-T62 in cycle CNTKPIT-C1417
2026-05-26 19:24:32,003 - INFO - Fetched details for cycle CNTKPIT-C1416
2026-05-26 19:24:33,044 - INFO - Updated result for CNTKPIT-T59 in cycle CNTKPIT-C1416
2026-05-26 19:24:33,505 - INFO - Updated result for CNTKPIT-T62 in cycle CNTKPIT-C1416
2026-05-26 19:24:33,751 - INFO - Fetched details for cycle CNTKPIT-C1415
2026-05-26 19:24:34,761 - INFO - Updated result for CNTKPIT-T59 in cycle CNTKPIT-C1415
2026-05-26 19:24:35,565 - INFO - Updated result for CNTKPIT-T62 in cycle CNTKPIT-C1415
2026-05-26 19:24:35,810 - INFO - Fetched details for cycle CNTKPIT-C1414
2026-05-26 19:24:36,787 - INFO - Updated result for CNTKPIT-T59 in cycle CNTKPIT-C1414
2026-05-26 19:24:37,256 - INFO - Updated result for CNTKPIT-T62 in cycle CNTKPIT-C1414
2026-05-26 19:24:37,505 - INFO - Fetched details for cycle CNTKPIT-C1413
2026-05-26 19:24:38,535 - INFO - Updated result for CNTKPIT-T59 in cycle CNTKPIT-C1413
2026-05-26 19:24:38,999 - INFO - Updated result for CNTKPIT-T62 in cycle CNTKPIT-C1413
2026-05-26 19:24:39,248 - INFO - Fetched details for cycle CNTKPIT-C1412
2026-05-26 19:24:40,228 - INFO - Updated result for CNTKPIT-T59 in cycle CNTKPIT-C1412
2026-05-26 19:24:40,716 - INFO - Updated result for CNTKPIT-T62 in cycle CNTKPIT-C1412
2026-05-26 19:24:40,963 - INFO - Fetched details for cycle CNTKPIT-C1411
2026-05-26 19:24:41,959 - INFO - Updated result for CNTKPIT-T59 in cycle CNTKPIT-C1411
2026-05-26 19:24:42,428 - INFO - Updated result for CNTKPIT-T62 in cycle CNTKPIT-C1411
2026-05-26 19:24:42,676 - INFO - Fetched details for cycle CNTKPIT-C1410
2026-05-26 19:24:43,698 - INFO - Updated result for CNTKPIT-T59 in cycle CNTKPIT-C1410
2026-05-26 19:24:44,170 - INFO - Updated result for CNTKPIT-T62 in cycle CNTKPIT-C1410
2026-05-26 19:24:44,420 - INFO - Fetched details for cycle CNTKPIT-C1409
2026-05-26 19:24:45,412 - INFO - Updated result for CNTKPIT-T59 in cycle CNTKPIT-C1409
2026-05-26 19:24:45,877 - INFO - Updated result for CNTKPIT-T62 in cycle CNTKPIT-C1409
2026-05-26 19:24:46,123 - INFO - Fetched details for cycle CNTKPIT-C1408
2026-05-26 19:24:47,130 - INFO - Updated result for CNTKPIT-T59 in cycle CNTKPIT-C1408
2026-05-26 19:24:47,594 - INFO - Updated result for CNTKPIT-T62 in cycle CNTKPIT-C1408
2026-05-26 19:24:47,851 - INFO - Fetched details for cycle CNTKPIT-C1407
2026-05-26 19:24:48,851 - INFO - Updated result for CNTKPIT-T59 in cycle CNTKPIT-C1407
2026-05-26 19:24:49,363 - INFO - Updated result for CNTKPIT-T62 in cycle CNTKPIT-C1407
2026-05-26 19:24:49,617 - INFO - Fetched details for cycle CNTKPIT-C1406
2026-05-26 19:24:50,636 - INFO - Updated result for CNTKPIT-T59 in cycle CNTKPIT-C1406
2026-05-26 19:24:51,110 - INFO - Updated result for CNTKPIT-T62 in cycle CNTKPIT-C1406
2026-05-26 19:24:51,364 - INFO - Fetched details for cycle CNTKPIT-C1405
2026-05-26 19:24:52,401 - INFO - Updated result for CNTKPIT-T59 in cycle CNTKPIT-C1405
2026-05-26 19:24:52,921 - INFO - Updated result for CNTKPIT-T62 in cycle CNTKPIT-C1405
2026-05-26 19:24:53,174 - INFO - Fetched details for cycle CNTKPIT-C1404
2026-05-26 19:24:54,240 - INFO - Updated result for CNTKPIT-T59 in cycle CNTKPIT-C1404
2026-05-26 19:24:54,711 - INFO - Updated result for CNTKPIT-T62 in cycle CNTKPIT-C1404
2026-05-26 19:24:54,973 - INFO - Fetched details for cycle CNTKPIT-C1403
2026-05-26 19:24:56,006 - INFO - Updated result for CNTKPIT-T59 in cycle CNTKPIT-C1403
2026-05-26 19:24:56,487 - INFO - Updated result for CNTKPIT-T62 in cycle CNTKPIT-C1403
2026-05-26 19:24:56,737 - INFO - Fetched details for cycle CNTKPIT-C1402
2026-05-26 19:24:57,771 - INFO - Updated result for CNTKPIT-T59 in cycle CNTKPIT-C1402
2026-05-26 19:24:58,284 - INFO - Updated result for CNTKPIT-T62 in cycle CNTKPIT-C1402
2026-05-26 19:24:58,529 - INFO - Fetched details for cycle CNTKPIT-C1401
2026-05-26 19:24:59,519 - INFO - Updated result for CNTKPIT-T59 in cycle CNTKPIT-C1401
2026-05-26 19:24:59,993 - INFO - Updated result for CNTKPIT-T62 in cycle CNTKPIT-C1401
2026-05-26 19:25:00,242 - INFO - Fetched details for cycle CNTKPIT-C1400
2026-05-26 19:25:01,236 - INFO - Updated result for CNTKPIT-T59 in cycle CNTKPIT-C1400
2026-05-26 19:25:01,702 - INFO - Updated result for CNTKPIT-T62 in cycle CNTKPIT-C1400
2026-05-26 19:25:01,955 - INFO - Fetched details for cycle CNTKPIT-C1399
2026-05-26 19:25:02,950 - INFO - Updated result for CNTKPIT-T59 in cycle CNTKPIT-C1399
2026-05-26 19:25:03,421 - INFO - Updated result for CNTKPIT-T62 in cycle CNTKPIT-C1399
2026-05-26 19:25:03,670 - INFO - Fetched details for cycle CNTKPIT-C1398
2026-05-26 19:25:04,693 - INFO - Updated result for CNTKPIT-T59 in cycle CNTKPIT-C1398
2026-05-26 19:25:05,159 - INFO - Updated result for CNTKPIT-T62 in cycle CNTKPIT-C1398
2026-05-26 19:25:05,405 - INFO - Fetched details for cycle CNTKPIT-C1397
2026-05-26 19:25:06,410 - INFO - Updated result for CNTKPIT-T59 in cycle CNTKPIT-C1397
2026-05-26 19:25:06,878 - INFO - Updated result for CNTKPIT-T62 in cycle CNTKPIT-C1397
2026-05-26 19:25:07,127 - INFO - Fetched details for cycle CNTKPIT-C1396
2026-05-26 19:25:08,168 - INFO - Updated result for CNTKPIT-T59 in cycle CNTKPIT-C1396
2026-05-26 19:25:08,631 - INFO - Updated result for CNTKPIT-T62 in cycle CNTKPIT-C1396
2026-05-26 19:25:08,893 - INFO - Fetched details for cycle CNTKPIT-C1395
2026-05-26 19:25:09,882 - INFO - Updated result for CNTKPIT-T59 in cycle CNTKPIT-C1395
2026-05-26 19:25:10,384 - INFO - Updated result for CNTKPIT-T62 in cycle CNTKPIT-C1395
2026-05-26 19:25:10,659 - INFO - Fetched details for cycle CNTKPIT-C1394
2026-05-26 19:25:11,666 - INFO - Updated result for CNTKPIT-T59 in cycle CNTKPIT-C1394
2026-05-26 19:25:12,137 - INFO - Updated result for CNTKPIT-T62 in cycle CNTKPIT-C1394
2026-05-26 19:25:12,383 - INFO - Fetched details for cycle CNTKPIT-C1393
2026-05-26 19:25:13,390 - INFO - Updated result for CNTKPIT-T59 in cycle CNTKPIT-C1393
2026-05-26 19:25:13,854 - INFO - Updated result for CNTKPIT-T62 in cycle CNTKPIT-C1393
2026-05-26 19:25:14,120 - INFO - Fetched details for cycle CNTKPIT-C1392
2026-05-26 19:25:15,146 - INFO - Updated result for CNTKPIT-T59 in cycle CNTKPIT-C1392
2026-05-26 19:25:15,640 - INFO - Updated result for CNTKPIT-T62 in cycle CNTKPIT-C1392
2026-05-26 19:25:15,925 - INFO - Fetched details for cycle CNTKPIT-C1391
2026-05-26 19:25:16,970 - INFO - Updated result for CNTKPIT-T59 in cycle CNTKPIT-C1391
2026-05-26 19:25:17,457 - INFO - Updated result for CNTKPIT-T62 in cycle CNTKPIT-C1391
2026-05-26 19:25:17,706 - INFO - Fetched details for cycle CNTKPIT-C1390
2026-05-26 19:25:18,708 - INFO - Updated result for CNTKPIT-T59 in cycle CNTKPIT-C1390
2026-05-26 19:25:19,197 - INFO - Updated result for CNTKPIT-T62 in cycle CNTKPIT-C1390
2026-05-26 19:25:19,453 - INFO - Fetched details for cycle CNTKPIT-C1389
2026-05-26 19:25:20,481 - INFO - Updated result for CNTKPIT-T59 in cycle CNTKPIT-C1389
2026-05-26 19:25:20,961 - INFO - Updated result for CNTKPIT-T62 in cycle CNTKPIT-C1389
2026-05-26 19:25:21,208 - INFO - Fetched details for cycle CNTKPIT-C1388
2026-05-26 19:25:22,285 - INFO - Updated result for CNTKPIT-T59 in cycle CNTKPIT-C1388
2026-05-26 19:25:22,798 - INFO - Updated result for CNTKPIT-T62 in cycle CNTKPIT-C1388
2026-05-26 19:25:23,071 - INFO - Fetched details for cycle CNTKPIT-C1387
2026-05-26 19:25:24,074 - INFO - Updated result for CNTKPIT-T59 in cycle CNTKPIT-C1387
2026-05-26 19:25:24,545 - INFO - Updated result for CNTKPIT-T62 in cycle CNTKPIT-C1387
2026-05-26 19:25:24,802 - INFO - Fetched details for cycle CNTKPIT-C1386
2026-05-26 19:25:25,795 - INFO - Updated result for CNTKPIT-T59 in cycle CNTKPIT-C1386
2026-05-26 19:25:26,272 - INFO - Updated result for CNTKPIT-T62 in cycle CNTKPIT-C1386
2026-05-26 19:25:26,521 - INFO - Fetched details for cycle CNTKPIT-C1385
2026-05-26 19:25:27,540 - INFO - Updated result for CNTKPIT-T59 in cycle CNTKPIT-C1385
2026-05-26 19:25:28,022 - INFO - Updated result for CNTKPIT-T62 in cycle CNTKPIT-C1385
2026-05-26 19:25:28,269 - INFO - Fetched details for cycle CNTKPIT-C1384
2026-05-26 19:25:29,286 - INFO - Updated result for CNTKPIT-T59 in cycle CNTKPIT-C1384
2026-05-26 19:25:29,760 - INFO - Updated result for CNTKPIT-T62 in cycle CNTKPIT-C1384
2026-05-26 19:25:30,006 - INFO - Fetched details for cycle CNTKPIT-C1383
2026-05-26 19:25:31,000 - INFO - Updated result for CNTKPIT-T59 in cycle CNTKPIT-C1383
2026-05-26 19:25:31,483 - INFO - Updated result for CNTKPIT-T62 in cycle CNTKPIT-C1383
2026-05-26 19:25:31,761 - INFO - Fetched details for cycle CNTKPIT-C1382
2026-05-26 19:25:32,762 - INFO - Updated result for CNTKPIT-T59 in cycle CNTKPIT-C1382
2026-05-26 19:25:33,239 - INFO - Updated result for CNTKPIT-T62 in cycle CNTKPIT-C1382
2026-05-26 19:25:33,489 - INFO - Fetched details for cycle CNTKPIT-C1381
2026-05-26 19:25:34,472 - INFO - Updated result for CNTKPIT-T59 in cycle CNTKPIT-C1381
2026-05-26 19:25:34,943 - INFO - Updated result for CNTKPIT-T62 in cycle CNTKPIT-C1381
2026-05-26 19:25:35,228 - INFO - Fetched details for cycle CNTKPIT-C1380
2026-05-26 19:25:36,234 - INFO - Updated result for CNTKPIT-T59 in cycle CNTKPIT-C1380
2026-05-26 19:25:36,722 - INFO - Updated result for CNTKPIT-T62 in cycle CNTKPIT-C1380
2026-05-26 19:25:36,975 - INFO - Fetched details for cycle CNTKPIT-C1379
2026-05-26 19:25:37,962 - INFO - Updated result for CNTKPIT-T59 in cycle CNTKPIT-C1379
2026-05-26 19:25:38,436 - INFO - Updated result for CNTKPIT-T62 in cycle CNTKPIT-C1379
2026-05-26 19:25:38,702 - INFO - Fetched details for cycle CNTKPIT-C1378
2026-05-26 19:25:39,710 - INFO - Updated result for CNTKPIT-T59 in cycle CNTKPIT-C1378
2026-05-26 19:25:40,183 - INFO - Updated result for CNTKPIT-T62 in cycle CNTKPIT-C1378
2026-05-26 19:25:40,432 - INFO - Fetched details for cycle CNTKPIT-C1377
2026-05-26 19:25:41,429 - INFO - Updated result for CNTKPIT-T59 in cycle CNTKPIT-C1377
2026-05-26 19:25:41,913 - INFO - Updated result for CNTKPIT-T62 in cycle CNTKPIT-C1377
2026-05-26 19:25:42,164 - INFO - Fetched details for cycle CNTKPIT-C1376
2026-05-26 19:25:43,190 - INFO - Updated result for CNTKPIT-T59 in cycle CNTKPIT-C1376
2026-05-26 19:25:43,677 - INFO - Updated result for CNTKPIT-T62 in cycle CNTKPIT-C1376
2026-05-26 19:25:43,929 - INFO - Fetched details for cycle CNTKPIT-C1375
2026-05-26 19:25:44,943 - INFO - Updated result for CNTKPIT-T59 in cycle CNTKPIT-C1375
2026-05-26 19:25:45,409 - INFO - Updated result for CNTKPIT-T62 in cycle CNTKPIT-C1375
2026-05-26 19:25:45,673 - INFO - Fetched details for cycle CNTKPIT-C1374
2026-05-26 19:25:46,700 - INFO - Updated result for CNTKPIT-T59 in cycle CNTKPIT-C1374
2026-05-26 19:25:47,180 - INFO - Updated result for CNTKPIT-T62 in cycle CNTKPIT-C1374
2026-05-26 19:25:47,442 - INFO - Fetched details for cycle CNTKPIT-C1373
2026-05-26 19:25:48,524 - INFO - Updated result for CNTKPIT-T59 in cycle CNTKPIT-C1373
2026-05-26 19:25:49,012 - INFO - Updated result for CNTKPIT-T62 in cycle CNTKPIT-C1373
2026-05-26 19:25:49,307 - INFO - Fetched details for cycle CNTKPIT-C1372
2026-05-26 19:25:50,403 - INFO - Updated result for CNTKPIT-T59 in cycle CNTKPIT-C1372
2026-05-26 19:25:50,894 - INFO - Updated result for CNTKPIT-T62 in cycle CNTKPIT-C1372
2026-05-26 19:25:51,152 - INFO - Fetched details for cycle CNTKPIT-C1371
2026-05-26 19:25:52,230 - INFO - Updated result for CNTKPIT-T59 in cycle CNTKPIT-C1371
2026-05-26 19:25:52,758 - INFO - Updated result for CNTKPIT-T62 in cycle CNTKPIT-C1371
2026-05-26 19:25:53,041 - INFO - Fetched details for cycle CNTKPIT-C1370
2026-05-26 19:25:54,067 - INFO - Updated result for CNTKPIT-T59 in cycle CNTKPIT-C1370
2026-05-26 19:25:54,550 - INFO - Updated result for CNTKPIT-T62 in cycle CNTKPIT-C1370
2026-05-26 19:25:54,816 - INFO - Fetched details for cycle CNTKPIT-C1369
2026-05-26 19:25:55,805 - INFO - Updated result for CNTKPIT-T59 in cycle CNTKPIT-C1369
2026-05-26 19:25:56,283 - INFO - Updated result for CNTKPIT-T62 in cycle CNTKPIT-C1369
2026-05-26 19:25:56,541 - INFO - Fetched details for cycle CNTKPIT-C1368
2026-05-26 19:25:57,539 - INFO - Updated result for CNTKPIT-T59 in cycle CNTKPIT-C1368
2026-05-26 19:25:58,053 - INFO - Updated result for CNTKPIT-T62 in cycle CNTKPIT-C1368
2026-05-26 19:25:58,310 - INFO - Fetched details for cycle CNTKPIT-C1367
2026-05-26 19:25:59,308 - INFO - Updated result for CNTKPIT-T59 in cycle CNTKPIT-C1367
2026-05-26 19:25:59,781 - INFO - Updated result for CNTKPIT-T62 in cycle CNTKPIT-C1367
2026-05-26 19:26:00,037 - INFO - Fetched details for cycle CNTKPIT-C1366
2026-05-26 19:26:01,028 - INFO - Updated result for CNTKPIT-T59 in cycle CNTKPIT-C1366
2026-05-26 19:26:01,518 - INFO - Updated result for CNTKPIT-T62 in cycle CNTKPIT-C1366
2026-05-26 19:26:01,783 - INFO - Fetched details for cycle CNTKPIT-C1365
2026-05-26 19:26:02,887 - INFO - Updated result for CNTKPIT-T59 in cycle CNTKPIT-C1365
2026-05-26 19:26:03,368 - INFO - Updated result for CNTKPIT-T62 in cycle CNTKPIT-C1365
2026-05-26 19:26:03,624 - INFO - Fetched details for cycle CNTKPIT-C1364
2026-05-26 19:26:04,619 - INFO - Updated result for CNTKPIT-T59 in cycle CNTKPIT-C1364
2026-05-26 19:26:05,109 - INFO - Updated result for CNTKPIT-T62 in cycle CNTKPIT-C1364
2026-05-26 19:26:05,360 - INFO - Fetched details for cycle CNTKPIT-C1363
2026-05-26 19:26:06,377 - INFO - Updated result for CNTKPIT-T59 in cycle CNTKPIT-C1363
2026-05-26 19:26:06,846 - INFO - Updated result for CNTKPIT-T62 in cycle CNTKPIT-C1363
2026-05-26 19:26:07,098 - INFO - Fetched details for cycle CNTKPIT-C1362
2026-05-26 19:26:08,097 - INFO - Updated result for CNTKPIT-T59 in cycle CNTKPIT-C1362
2026-05-26 19:26:08,584 - INFO - Updated result for CNTKPIT-T62 in cycle CNTKPIT-C1362
2026-05-26 19:26:08,832 - INFO - Fetched details for cycle CNTKPIT-C1361
2026-05-26 19:26:09,863 - INFO - Updated result for CNTKPIT-T59 in cycle CNTKPIT-C1361
2026-05-26 19:26:10,337 - INFO - Updated result for CNTKPIT-T62 in cycle CNTKPIT-C1361
2026-05-26 19:26:10,603 - INFO - Fetched details for cycle CNTKPIT-C1360
2026-05-26 19:26:11,605 - INFO - Updated result for CNTKPIT-T59 in cycle CNTKPIT-C1360
2026-05-26 19:26:12,077 - INFO - Updated result for CNTKPIT-T62 in cycle CNTKPIT-C1360
2026-05-26 19:26:12,328 - INFO - Fetched details for cycle CNTKPIT-C1359
2026-05-26 19:26:13,374 - INFO - Updated result for CNTKPIT-T59 in cycle CNTKPIT-C1359
2026-05-26 19:26:13,845 - INFO - Updated result for CNTKPIT-T62 in cycle CNTKPIT-C1359
2026-05-26 19:26:14,094 - INFO - Fetched details for cycle CNTKPIT-C1358
2026-05-26 19:26:15,116 - INFO - Updated result for CNTKPIT-T59 in cycle CNTKPIT-C1358
2026-05-26 19:26:15,611 - INFO - Updated result for CNTKPIT-T62 in cycle CNTKPIT-C1358
2026-05-26 19:26:15,871 - INFO - Fetched details for cycle CNTKPIT-C1357
2026-05-26 19:26:16,923 - INFO - Updated result for CNTKPIT-T59 in cycle CNTKPIT-C1357
2026-05-26 19:26:17,391 - INFO - Updated result for CNTKPIT-T62 in cycle CNTKPIT-C1357
2026-05-26 19:26:17,650 - INFO - Fetched details for cycle CNTKPIT-C1356
2026-05-26 19:26:18,669 - INFO - Updated result for CNTKPIT-T59 in cycle CNTKPIT-C1356
2026-05-26 19:26:19,146 - INFO - Updated result for CNTKPIT-T62 in cycle CNTKPIT-C1356
2026-05-27 10:51:59,838 - INFO - Found 1 cycles matching AEA1415R1.260514.1_T90A3_75_ITR_Cycle_iPhone_ITR_01
2026-05-27 10:55:55,788 - INFO - Found 1 cycles matching AEA1415R1.260514.1_T90A3_75_ITR_Cycle_iPhone_ITR_01
2026-05-27 10:59:11,568 - INFO - Found 1 cycles matching AEA1415R1.260514.1_T90A3_75_ITR_Cycle_iPhone_ITR_01
2026-05-27 10:59:16,167 - INFO - Fetched details for cycle CNTKPIT-C1506
2026-05-27 11:11:20,826 - INFO - Found 1 cycles matching AEA1415R1.260514.1_T90A3_75_ITR_Cycle_iPhone_ITR_01
2026-05-27 11:14:00,382 - INFO - Found 1 cycles matching AEA1415R1.260514.1_T90A3_75_ITR_Cycle_iPhone_ITR_01
2026-05-27 11:14:07,516 - INFO - Found 1 cycles matching AEA1415R1.260514.1_T90A3_75_ITR_Cycle_iPhone_ITR_01
2026-05-27 11:14:11,993 - INFO - Fetched details for cycle CNTKPIT-C1506
2026-05-27 11:14:12,599 - INFO - Updated result for CNTKPIT-T80 in cycle CNTKPIT-C1506
2026-05-27 11:14:13,067 - INFO - Updated result for CNTKPIT-T75 in cycle CNTKPIT-C1506
2026-05-27 11:14:13,800 - INFO - Updated result for CNTKPIT-T79 in cycle CNTKPIT-C1506
2026-05-27 11:45:28,218 - INFO - Found 1 cycles matching AEA1415R1.260514.1_T90A3_75_ITR_Cycle_iPhone_ITR_01
2026-05-27 11:45:36,151 - INFO - Found 1 cycles matching AEA1415R1.260514.1_T90A3_75_ITR_Cycle_iPhone_ITR_01
2026-05-27 11:45:41,262 - INFO - Fetched details for cycle CNTKPIT-C1506
2026-05-27 11:45:41,688 - INFO - Updated result for CNTKPIT-T80 in cycle CNTKPIT-C1506
2026-05-27 11:45:42,055 - INFO - Updated result for CNTKPIT-T75 in cycle CNTKPIT-C1506
2026-05-27 11:45:42,510 - INFO - Updated result for CNTKPIT-T79 in cycle CNTKPIT-C1506
2026-05-27 11:50:22,502 - INFO - Found 1 cycles matching AEA1415R1.260514.1_T90A3_75_ITR_Cycle_iPhone_ITR_02
2026-05-27 11:50:32,225 - INFO - Found 1 cycles matching AEA1415R1.260514.1_T90A3_75_ITR_Cycle_iPhone_ITR_02
2026-05-27 11:50:35,512 - INFO - Fetched details for cycle CNTKPIT-C1507
2026-05-27 11:50:36,092 - INFO - Updated result for CNTKPIT-T80 in cycle CNTKPIT-C1507
2026-05-27 11:50:36,560 - INFO - Updated result for CNTKPIT-T75 in cycle CNTKPIT-C1507
2026-05-27 11:50:37,226 - INFO - Updated result for CNTKPIT-T79 in cycle CNTKPIT-C1507
2026-05-27 11:54:35,662 - INFO - Found 1 cycles matching AEA1415R1.260514.1_T90A3_75_ITR_Cycle_iPhone_ITR_02
2026-05-27 11:54:47,913 - INFO - Found 1 cycles matching AEA1415R1.260514.1_T90A3_75_ITR_Cycle_iPhone_ITR_02
2026-05-27 11:55:06,229 - INFO - Fetched details for cycle CNTKPIT-C1507
2026-05-27 11:55:06,639 - INFO - Updated result for CNTKPIT-T80 in cycle CNTKPIT-C1507
2026-05-27 11:55:06,980 - INFO - Updated result for CNTKPIT-T75 in cycle CNTKPIT-C1507
2026-05-27 11:55:07,409 - INFO - Updated result for CNTKPIT-T79 in cycle CNTKPIT-C1507
2026-05-27 11:57:06,338 - INFO - Found 1 cycles matching AEA1415R1.260514.1_T90A3_75_ITR_Cycle_iPhone_ITR_03
2026-05-27 11:57:21,582 - INFO - Found 1 cycles matching AEA1415R1.260514.1_T90A3_75_ITR_Cycle_iPhone_ITR_03
2026-05-27 11:57:34,207 - INFO - Fetched details for cycle CNTKPIT-C1508
2026-05-27 11:57:34,887 - INFO - Updated result for CNTKPIT-T80 in cycle CNTKPIT-C1508
2026-05-27 11:57:35,377 - INFO - Updated result for CNTKPIT-T75 in cycle CNTKPIT-C1508
2026-05-27 11:57:36,174 - INFO - Updated result for CNTKPIT-T79 in cycle CNTKPIT-C1508
2026-05-27 12:05:03,900 - INFO - Found 1 cycles matching AEA1415R1.260514.1_T90A3_75_ITR_Cycle_iPhone_ITR_03
2026-05-27 12:05:21,232 - INFO - Fetched details for cycle CNTKPIT-C1508
2026-05-27 12:05:21,638 - INFO - Updated result for CNTKPIT-T80 in cycle CNTKPIT-C1508
2026-05-27 12:05:22,018 - INFO - Updated result for CNTKPIT-T75 in cycle CNTKPIT-C1508
2026-05-27 12:05:22,495 - INFO - Updated result for CNTKPIT-T79 in cycle CNTKPIT-C1508
2026-05-27 12:06:41,196 - INFO - Found 1 cycles matching AEA1415R1.260514.1_T90A3_75_ITR_Cycle_iPhone_ITR_02
2026-05-27 12:06:47,990 - INFO - Found 1 cycles matching AEA1415R1.260514.1_T90A3_75_ITR_Cycle_iPhone_ITR_02
2026-05-27 12:06:50,127 - INFO - Fetched details for cycle CNTKPIT-C1507
2026-05-27 12:06:50,542 - INFO - Updated result for CNTKPIT-T80 in cycle CNTKPIT-C1507
2026-05-27 12:06:50,935 - INFO - Updated result for CNTKPIT-T75 in cycle CNTKPIT-C1507
2026-05-27 12:06:51,376 - INFO - Updated result for CNTKPIT-T79 in cycle CNTKPIT-C1507
2026-05-27 12:10:09,950 - INFO - Found 1 cycles matching AEA1415R1.260514.1_T90A3_75_ITR_Cycle_iPhone_ITR_02
2026-05-27 12:10:18,873 - INFO - Fetched details for cycle CNTKPIT-C1507
2026-05-27 12:10:19,385 - INFO - Updated result for CNTKPIT-T80 in cycle CNTKPIT-C1507
2026-05-27 12:10:19,805 - INFO - Updated result for CNTKPIT-T75 in cycle CNTKPIT-C1507
2026-05-27 12:10:20,345 - INFO - Updated result for CNTKPIT-T79 in cycle CNTKPIT-C1507
2026-05-27 12:11:36,034 - ERROR - Failed to search cycles: name 'HEADERS' is not defined
2026-05-27 12:17:34,017 - INFO - Found 1 cycles matching AEA1415R1.260514.1_T90A3_75_ITR_Cycle_iPhone_ITR_02
2026-05-27 12:17:41,318 - INFO - Found 1 cycles matching AEA1415R1.260514.1_T90A3_75_ITR_Cycle_iPhone_ITR_02
2026-05-27 12:17:43,634 - INFO - Fetched details for cycle CNTKPIT-C1507
2026-05-27 12:17:44,084 - INFO - Updated result for CNTKPIT-T80 in cycle CNTKPIT-C1507
2026-05-27 12:17:44,441 - INFO - Updated result for CNTKPIT-T75 in cycle CNTKPIT-C1507
2026-05-27 12:17:44,885 - INFO - Updated result for CNTKPIT-T79 in cycle CNTKPIT-C1507
2026-05-27 12:20:54,066 - INFO - Found 1 cycles matching AEA1415R1.260514.1_T90A3_75_ITR_Cycle_iPhone_ITR_02
2026-05-27 12:20:56,574 - INFO - Fetched details for cycle CNTKPIT-C1507
2026-05-27 12:20:57,049 - INFO - Updated result for CNTKPIT-T80 in cycle CNTKPIT-C1507
2026-05-27 12:20:57,416 - INFO - Updated result for CNTKPIT-T75 in cycle CNTKPIT-C1507
2026-05-27 12:20:57,850 - INFO - Updated result for CNTKPIT-T79 in cycle CNTKPIT-C1507
2026-05-27 12:22:21,455 - INFO - Found 1 cycles matching AEA1415R1.260514.1_T90A3_75_ITR_Cycle_iPhone_ITR_02
2026-05-27 12:22:27,377 - INFO - Found 1 cycles matching AEA1415R1.260514.1_T90A3_75_ITR_Cycle_iPhone_ITR_04
2026-05-27 12:22:34,092 - INFO - Fetched details for cycle CNTKPIT-C1509
2026-05-27 12:22:34,759 - INFO - Updated result for CNTKPIT-T80 in cycle CNTKPIT-C1509
2026-05-27 12:22:35,226 - INFO - Updated result for CNTKPIT-T75 in cycle CNTKPIT-C1509
2026-05-27 12:22:35,946 - INFO - Updated result for CNTKPIT-T79 in cycle CNTKPIT-C1509
2026-05-27 12:32:49,266 - INFO - Found 75 cycles matching AEA1415R1.260514.1
2026-05-27 12:32:57,226 - INFO - Fetched details for cycle CNTKPIT-C1580
2026-05-27 12:32:57,935 - INFO - Updated result for CNTKPIT-T80 in cycle CNTKPIT-C1580
2026-05-27 12:32:58,673 - INFO - Updated result for CNTKPIT-T70 in cycle CNTKPIT-C1580
2026-05-27 12:32:59,159 - INFO - Updated result for CNTKPIT-T75 in cycle CNTKPIT-C1580
2026-05-27 12:32:59,853 - INFO - Updated result for CNTKPIT-T79 in cycle CNTKPIT-C1580
2026-05-27 12:33:00,137 - INFO - Fetched details for cycle CNTKPIT-C1579
2026-05-27 12:33:00,746 - INFO - Updated result for CNTKPIT-T80 in cycle CNTKPIT-C1579
2026-05-27 12:33:01,453 - INFO - Updated result for CNTKPIT-T70 in cycle CNTKPIT-C1579
2026-05-27 12:33:01,912 - INFO - Updated result for CNTKPIT-T75 in cycle CNTKPIT-C1579
2026-05-27 12:33:02,594 - INFO - Updated result for CNTKPIT-T79 in cycle CNTKPIT-C1579
2026-05-27 12:33:02,884 - INFO - Fetched details for cycle CNTKPIT-C1578
2026-05-27 12:33:03,533 - INFO - Updated result for CNTKPIT-T80 in cycle CNTKPIT-C1578
2026-05-27 12:33:04,229 - INFO - Updated result for CNTKPIT-T70 in cycle CNTKPIT-C1578
2026-05-27 12:33:04,692 - INFO - Updated result for CNTKPIT-T75 in cycle CNTKPIT-C1578
2026-05-27 12:33:05,381 - INFO - Updated result for CNTKPIT-T79 in cycle CNTKPIT-C1578
2026-05-27 12:33:05,663 - INFO - Fetched details for cycle CNTKPIT-C1577
2026-05-27 12:33:06,284 - INFO - Updated result for CNTKPIT-T80 in cycle CNTKPIT-C1577
2026-05-27 12:33:06,981 - INFO - Updated result for CNTKPIT-T70 in cycle CNTKPIT-C1577
2026-05-27 12:33:07,436 - INFO - Updated result for CNTKPIT-T75 in cycle CNTKPIT-C1577
2026-05-27 12:33:08,141 - INFO - Updated result for CNTKPIT-T79 in cycle CNTKPIT-C1577
2026-05-27 12:33:08,440 - INFO - Fetched details for cycle CNTKPIT-C1576
2026-05-27 12:33:09,064 - INFO - Updated result for CNTKPIT-T80 in cycle CNTKPIT-C1576
2026-05-27 12:33:09,754 - INFO - Updated result for CNTKPIT-T70 in cycle CNTKPIT-C1576
2026-05-27 12:33:10,207 - INFO - Updated result for CNTKPIT-T75 in cycle CNTKPIT-C1576
2026-05-27 12:33:10,937 - INFO - Updated result for CNTKPIT-T79 in cycle CNTKPIT-C1576
2026-05-27 12:33:11,221 - INFO - Fetched details for cycle CNTKPIT-C1575
2026-05-27 12:33:11,845 - INFO - Updated result for CNTKPIT-T80 in cycle CNTKPIT-C1575
2026-05-27 12:33:12,549 - INFO - Updated result for CNTKPIT-T70 in cycle CNTKPIT-C1575
2026-05-27 12:33:13,016 - INFO - Updated result for CNTKPIT-T75 in cycle CNTKPIT-C1575
2026-05-27 12:33:13,695 - INFO - Updated result for CNTKPIT-T79 in cycle CNTKPIT-C1575
2026-05-27 12:33:13,978 - INFO - Fetched details for cycle CNTKPIT-C1574
2026-05-27 12:33:14,588 - INFO - Updated result for CNTKPIT-T80 in cycle CNTKPIT-C1574
2026-05-27 12:33:15,299 - INFO - Updated result for CNTKPIT-T70 in cycle CNTKPIT-C1574
2026-05-27 12:33:15,768 - INFO - Updated result for CNTKPIT-T75 in cycle CNTKPIT-C1574
2026-05-27 12:33:16,473 - INFO - Updated result for CNTKPIT-T79 in cycle CNTKPIT-C1574
2026-05-27 12:33:16,762 - INFO - Fetched details for cycle CNTKPIT-C1573
2026-05-27 12:33:17,477 - INFO - Updated result for CNTKPIT-T80 in cycle CNTKPIT-C1573
2026-05-27 12:33:18,300 - INFO - Updated result for CNTKPIT-T70 in cycle CNTKPIT-C1573
2026-05-27 12:33:18,807 - INFO - Updated result for CNTKPIT-T75 in cycle CNTKPIT-C1573
2026-05-27 12:33:19,682 - INFO - Updated result for CNTKPIT-T79 in cycle CNTKPIT-C1573
2026-05-27 12:33:20,014 - INFO - Fetched details for cycle CNTKPIT-C1572
2026-05-27 12:33:20,774 - INFO - Updated result for CNTKPIT-T80 in cycle CNTKPIT-C1572
2026-05-27 12:33:21,571 - INFO - Updated result for CNTKPIT-T70 in cycle CNTKPIT-C1572
2026-05-27 12:33:22,091 - INFO - Updated result for CNTKPIT-T75 in cycle CNTKPIT-C1572
2026-05-27 12:33:22,860 - INFO - Updated result for CNTKPIT-T79 in cycle CNTKPIT-C1572
2026-05-27 12:33:23,149 - INFO - Fetched details for cycle CNTKPIT-C1571
2026-05-27 12:33:23,751 - INFO - Updated result for CNTKPIT-T80 in cycle CNTKPIT-C1571
2026-05-27 12:33:24,457 - INFO - Updated result for CNTKPIT-T70 in cycle CNTKPIT-C1571
2026-05-27 12:33:24,911 - INFO - Updated result for CNTKPIT-T75 in cycle CNTKPIT-C1571
2026-05-27 12:33:25,638 - INFO - Updated result for CNTKPIT-T79 in cycle CNTKPIT-C1571
2026-05-27 12:33:25,923 - INFO - Fetched details for cycle CNTKPIT-C1570
2026-05-27 12:33:26,533 - INFO - Updated result for CNTKPIT-T80 in cycle CNTKPIT-C1570
2026-05-27 12:33:27,297 - INFO - Updated result for CNTKPIT-T70 in cycle CNTKPIT-C1570
2026-05-27 12:33:27,766 - INFO - Updated result for CNTKPIT-T75 in cycle CNTKPIT-C1570
2026-05-27 12:33:28,439 - INFO - Updated result for CNTKPIT-T79 in cycle CNTKPIT-C1570
2026-05-27 12:33:28,715 - INFO - Fetched details for cycle CNTKPIT-C1569
2026-05-27 12:33:29,336 - INFO - Updated result for CNTKPIT-T80 in cycle CNTKPIT-C1569
2026-05-27 12:33:30,060 - INFO - Updated result for CNTKPIT-T70 in cycle CNTKPIT-C1569
2026-05-27 12:33:30,522 - INFO - Updated result for CNTKPIT-T75 in cycle CNTKPIT-C1569
2026-05-27 12:33:31,206 - INFO - Updated result for CNTKPIT-T79 in cycle CNTKPIT-C1569
2026-05-27 12:33:31,482 - INFO - Fetched details for cycle CNTKPIT-C1568
2026-05-27 12:33:32,145 - INFO - Updated result for CNTKPIT-T80 in cycle CNTKPIT-C1568
2026-05-27 12:33:32,840 - INFO - Updated result for CNTKPIT-T70 in cycle CNTKPIT-C1568
2026-05-27 12:33:33,300 - INFO - Updated result for CNTKPIT-T75 in cycle CNTKPIT-C1568
2026-05-27 12:33:34,007 - INFO - Updated result for CNTKPIT-T79 in cycle CNTKPIT-C1568
2026-05-27 12:33:34,296 - INFO - Fetched details for cycle CNTKPIT-C1567
2026-05-27 12:33:34,931 - INFO - Updated result for CNTKPIT-T80 in cycle CNTKPIT-C1567
2026-05-27 12:33:35,635 - INFO - Updated result for CNTKPIT-T70 in cycle CNTKPIT-C1567
2026-05-27 12:33:36,093 - INFO - Updated result for CNTKPIT-T75 in cycle CNTKPIT-C1567
2026-05-27 12:33:36,773 - INFO - Updated result for CNTKPIT-T79 in cycle CNTKPIT-C1567
2026-05-27 12:33:37,050 - INFO - Fetched details for cycle CNTKPIT-C1566
2026-05-27 12:33:37,692 - INFO - Updated result for CNTKPIT-T80 in cycle CNTKPIT-C1566
2026-05-27 12:33:38,384 - INFO - Updated result for CNTKPIT-T70 in cycle CNTKPIT-C1566
2026-05-27 12:33:38,899 - INFO - Updated result for CNTKPIT-T75 in cycle CNTKPIT-C1566
2026-05-27 12:33:39,592 - INFO - Updated result for CNTKPIT-T79 in cycle CNTKPIT-C1566
2026-05-27 12:33:39,862 - INFO - Fetched details for cycle CNTKPIT-C1565
2026-05-27 12:33:40,494 - INFO - Updated result for CNTKPIT-T80 in cycle CNTKPIT-C1565
2026-05-27 12:33:41,207 - INFO - Updated result for CNTKPIT-T70 in cycle CNTKPIT-C1565
2026-05-27 12:33:41,668 - INFO - Updated result for CNTKPIT-T75 in cycle CNTKPIT-C1565
2026-05-27 12:33:42,434 - INFO - Updated result for CNTKPIT-T79 in cycle CNTKPIT-C1565
2026-05-27 12:33:42,745 - INFO - Fetched details for cycle CNTKPIT-C1564
2026-05-27 12:33:43,477 - INFO - Updated result for CNTKPIT-T80 in cycle CNTKPIT-C1564
2026-05-27 12:33:44,309 - INFO - Updated result for CNTKPIT-T70 in cycle CNTKPIT-C1564
2026-05-27 12:33:44,790 - INFO - Updated result for CNTKPIT-T75 in cycle CNTKPIT-C1564
2026-05-27 12:33:45,486 - INFO - Updated result for CNTKPIT-T79 in cycle CNTKPIT-C1564
2026-05-27 12:33:45,764 - INFO - Fetched details for cycle CNTKPIT-C1563
2026-05-27 12:33:46,371 - INFO - Updated result for CNTKPIT-T80 in cycle CNTKPIT-C1563
2026-05-27 12:33:47,067 - INFO - Updated result for CNTKPIT-T70 in cycle CNTKPIT-C1563
2026-05-27 12:33:47,541 - INFO - Updated result for CNTKPIT-T75 in cycle CNTKPIT-C1563
2026-05-27 12:33:48,218 - INFO - Updated result for CNTKPIT-T79 in cycle CNTKPIT-C1563
2026-05-27 12:33:48,495 - INFO - Fetched details for cycle CNTKPIT-C1562
2026-05-27 12:33:49,109 - INFO - Updated result for CNTKPIT-T80 in cycle CNTKPIT-C1562
2026-05-27 12:33:49,875 - INFO - Updated result for CNTKPIT-T70 in cycle CNTKPIT-C1562
2026-05-27 12:33:50,431 - INFO - Updated result for CNTKPIT-T75 in cycle CNTKPIT-C1562
2026-05-27 12:33:51,139 - INFO - Updated result for CNTKPIT-T79 in cycle CNTKPIT-C1562
2026-05-27 12:33:51,416 - INFO - Fetched details for cycle CNTKPIT-C1561
2026-05-27 12:33:52,065 - INFO - Updated result for CNTKPIT-T80 in cycle CNTKPIT-C1561
2026-05-27 12:33:52,794 - INFO - Updated result for CNTKPIT-T70 in cycle CNTKPIT-C1561
2026-05-27 12:33:53,247 - INFO - Updated result for CNTKPIT-T75 in cycle CNTKPIT-C1561
2026-05-27 12:33:53,942 - INFO - Updated result for CNTKPIT-T79 in cycle CNTKPIT-C1561
2026-05-27 12:33:54,220 - INFO - Fetched details for cycle CNTKPIT-C1560
2026-05-27 12:33:54,843 - INFO - Updated result for CNTKPIT-T80 in cycle CNTKPIT-C1560
2026-05-27 12:33:55,550 - INFO - Updated result for CNTKPIT-T70 in cycle CNTKPIT-C1560
2026-05-27 12:33:56,024 - INFO - Updated result for CNTKPIT-T75 in cycle CNTKPIT-C1560
2026-05-27 12:33:56,734 - INFO - Updated result for CNTKPIT-T79 in cycle CNTKPIT-C1560
2026-05-27 12:33:57,034 - INFO - Fetched details for cycle CNTKPIT-C1559
2026-05-27 12:33:57,639 - INFO - Updated result for CNTKPIT-T80 in cycle CNTKPIT-C1559
2026-05-27 12:33:58,376 - INFO - Updated result for CNTKPIT-T70 in cycle CNTKPIT-C1559
2026-05-27 12:33:58,868 - INFO - Updated result for CNTKPIT-T75 in cycle CNTKPIT-C1559
2026-05-27 12:33:59,602 - INFO - Updated result for CNTKPIT-T79 in cycle CNTKPIT-C1559
2026-05-27 12:33:59,877 - INFO - Fetched details for cycle CNTKPIT-C1558
2026-05-27 12:34:00,494 - INFO - Updated result for CNTKPIT-T80 in cycle CNTKPIT-C1558
2026-05-27 12:34:01,189 - INFO - Updated result for CNTKPIT-T70 in cycle CNTKPIT-C1558
2026-05-27 12:34:01,668 - INFO - Updated result for CNTKPIT-T75 in cycle CNTKPIT-C1558
2026-05-27 12:34:02,421 - INFO - Updated result for CNTKPIT-T79 in cycle CNTKPIT-C1558
2026-05-27 12:34:02,689 - INFO - Fetched details for cycle CNTKPIT-C1557
2026-05-27 12:34:03,336 - INFO - Updated result for CNTKPIT-T80 in cycle CNTKPIT-C1557
2026-05-27 12:34:04,020 - INFO - Updated result for CNTKPIT-T70 in cycle CNTKPIT-C1557
2026-05-27 12:34:04,481 - INFO - Updated result for CNTKPIT-T75 in cycle CNTKPIT-C1557
2026-05-27 12:34:05,174 - INFO - Updated result for CNTKPIT-T79 in cycle CNTKPIT-C1557
2026-05-27 12:34:05,456 - INFO - Fetched details for cycle CNTKPIT-C1556
2026-05-27 12:34:06,107 - INFO - Updated result for CNTKPIT-T80 in cycle CNTKPIT-C1556
2026-05-27 12:34:06,797 - INFO - Updated result for CNTKPIT-T70 in cycle CNTKPIT-C1556
2026-05-27 12:34:07,259 - INFO - Updated result for CNTKPIT-T75 in cycle CNTKPIT-C1556
2026-05-27 12:34:07,955 - INFO - Updated result for CNTKPIT-T79 in cycle CNTKPIT-C1556
2026-05-27 12:34:08,228 - INFO - Fetched details for cycle CNTKPIT-C1555
2026-05-27 12:34:08,844 - INFO - Updated result for CNTKPIT-T80 in cycle CNTKPIT-C1555
2026-05-27 12:34:09,571 - INFO - Updated result for CNTKPIT-T70 in cycle CNTKPIT-C1555
2026-05-27 12:34:10,027 - INFO - Updated result for CNTKPIT-T75 in cycle CNTKPIT-C1555
2026-05-27 12:34:10,766 - INFO - Updated result for CNTKPIT-T79 in cycle CNTKPIT-C1555
2026-05-27 12:34:11,055 - INFO - Fetched details for cycle CNTKPIT-C1554
2026-05-27 12:34:11,716 - INFO - Updated result for CNTKPIT-T80 in cycle CNTKPIT-C1554
2026-05-27 12:34:12,425 - INFO - Updated result for CNTKPIT-T70 in cycle CNTKPIT-C1554
2026-05-27 12:34:12,964 - INFO - Updated result for CNTKPIT-T75 in cycle CNTKPIT-C1554
2026-05-27 12:34:13,654 - INFO - Updated result for CNTKPIT-T79 in cycle CNTKPIT-C1554
2026-05-27 12:34:13,918 - INFO - Fetched details for cycle CNTKPIT-C1553
2026-05-27 12:34:14,514 - INFO - Updated result for CNTKPIT-T80 in cycle CNTKPIT-C1553
2026-05-27 12:34:15,226 - INFO - Updated result for CNTKPIT-T70 in cycle CNTKPIT-C1553
2026-05-27 12:34:15,689 - INFO - Updated result for CNTKPIT-T75 in cycle CNTKPIT-C1553
2026-05-27 12:34:16,405 - INFO - Updated result for CNTKPIT-T79 in cycle CNTKPIT-C1553
2026-05-27 12:34:16,684 - INFO - Fetched details for cycle CNTKPIT-C1552
2026-05-27 12:34:17,315 - INFO - Updated result for CNTKPIT-T80 in cycle CNTKPIT-C1552
2026-05-27 12:34:17,999 - INFO - Updated result for CNTKPIT-T70 in cycle CNTKPIT-C1552
2026-05-27 12:34:18,458 - INFO - Updated result for CNTKPIT-T75 in cycle CNTKPIT-C1552
2026-05-27 12:34:19,187 - INFO - Updated result for CNTKPIT-T79 in cycle CNTKPIT-C1552
2026-05-27 12:34:19,517 - INFO - Fetched details for cycle CNTKPIT-C1551
2026-05-27 12:34:20,270 - INFO - Updated result for CNTKPIT-T80 in cycle CNTKPIT-C1551
2026-05-27 12:34:20,992 - INFO - Updated result for CNTKPIT-T70 in cycle CNTKPIT-C1551
2026-05-27 12:34:21,451 - INFO - Updated result for CNTKPIT-T75 in cycle CNTKPIT-C1551
2026-05-27 12:34:22,223 - INFO - Updated result for CNTKPIT-T79 in cycle CNTKPIT-C1551
2026-05-27 12:34:22,492 - INFO - Fetched details for cycle CNTKPIT-C1550
2026-05-27 12:34:23,125 - INFO - Updated result for CNTKPIT-T80 in cycle CNTKPIT-C1550
2026-05-27 12:34:23,837 - INFO - Updated result for CNTKPIT-T70 in cycle CNTKPIT-C1550
2026-05-27 12:34:24,304 - INFO - Updated result for CNTKPIT-T75 in cycle CNTKPIT-C1550
2026-05-27 12:34:25,005 - INFO - Updated result for CNTKPIT-T79 in cycle CNTKPIT-C1550
2026-05-27 12:34:25,314 - INFO - Fetched details for cycle CNTKPIT-C1549
2026-05-27 12:34:25,940 - INFO - Updated result for CNTKPIT-T80 in cycle CNTKPIT-C1549
2026-05-27 12:34:26,615 - INFO - Updated result for CNTKPIT-T70 in cycle CNTKPIT-C1549
2026-05-27 12:34:27,074 - INFO - Updated result for CNTKPIT-T75 in cycle CNTKPIT-C1549
2026-05-27 12:34:27,755 - INFO - Updated result for CNTKPIT-T79 in cycle CNTKPIT-C1549
2026-05-27 12:34:28,018 - INFO - Fetched details for cycle CNTKPIT-C1548
2026-05-27 12:34:28,628 - INFO - Updated result for CNTKPIT-T80 in cycle CNTKPIT-C1548
2026-05-27 12:34:29,344 - INFO - Updated result for CNTKPIT-T70 in cycle CNTKPIT-C1548
2026-05-27 12:34:29,816 - INFO - Updated result for CNTKPIT-T75 in cycle CNTKPIT-C1548
2026-05-27 12:34:30,516 - INFO - Updated result for CNTKPIT-T79 in cycle CNTKPIT-C1548
2026-05-27 12:34:30,788 - INFO - Fetched details for cycle CNTKPIT-C1547
2026-05-27 12:34:31,389 - INFO - Updated result for CNTKPIT-T80 in cycle CNTKPIT-C1547
2026-05-27 12:34:32,075 - INFO - Updated result for CNTKPIT-T70 in cycle CNTKPIT-C1547
2026-05-27 12:34:32,527 - INFO - Updated result for CNTKPIT-T75 in cycle CNTKPIT-C1547
2026-05-27 12:34:33,214 - INFO - Updated result for CNTKPIT-T79 in cycle CNTKPIT-C1547
2026-05-27 12:34:33,482 - INFO - Fetched details for cycle CNTKPIT-C1546
2026-05-27 12:34:34,090 - INFO - Updated result for CNTKPIT-T80 in cycle CNTKPIT-C1546
2026-05-27 12:34:34,775 - INFO - Updated result for CNTKPIT-T70 in cycle CNTKPIT-C1546
2026-05-27 12:34:35,234 - INFO - Updated result for CNTKPIT-T75 in cycle CNTKPIT-C1546
2026-05-27 12:34:35,947 - INFO - Updated result for CNTKPIT-T79 in cycle CNTKPIT-C1546
2026-05-27 12:34:36,230 - INFO - Fetched details for cycle CNTKPIT-C1545
2026-05-27 12:34:36,868 - INFO - Updated result for CNTKPIT-T80 in cycle CNTKPIT-C1545
2026-05-27 12:34:37,576 - INFO - Updated result for CNTKPIT-T70 in cycle CNTKPIT-C1545
2026-05-27 12:34:38,076 - INFO - Updated result for CNTKPIT-T75 in cycle CNTKPIT-C1545
2026-05-27 12:34:38,770 - INFO - Updated result for CNTKPIT-T79 in cycle CNTKPIT-C1545
2026-05-27 12:34:39,064 - INFO - Fetched details for cycle CNTKPIT-C1544
2026-05-27 12:34:39,722 - INFO - Updated result for CNTKPIT-T80 in cycle CNTKPIT-C1544
2026-05-27 12:34:40,456 - INFO - Updated result for CNTKPIT-T70 in cycle CNTKPIT-C1544
2026-05-27 12:34:40,963 - INFO - Updated result for CNTKPIT-T75 in cycle CNTKPIT-C1544
2026-05-27 12:34:41,681 - INFO - Updated result for CNTKPIT-T79 in cycle CNTKPIT-C1544
2026-05-27 12:34:41,960 - INFO - Fetched details for cycle CNTKPIT-C1543
2026-05-27 12:34:42,565 - INFO - Updated result for CNTKPIT-T80 in cycle CNTKPIT-C1543
2026-05-27 12:34:43,266 - INFO - Updated result for CNTKPIT-T70 in cycle CNTKPIT-C1543
2026-05-27 12:34:43,717 - INFO - Updated result for CNTKPIT-T75 in cycle CNTKPIT-C1543
2026-05-27 12:34:44,415 - INFO - Updated result for CNTKPIT-T79 in cycle CNTKPIT-C1543
2026-05-27 12:34:44,703 - INFO - Fetched details for cycle CNTKPIT-C1542
2026-05-27 12:34:45,298 - INFO - Updated result for CNTKPIT-T80 in cycle CNTKPIT-C1542
2026-05-27 12:34:46,026 - INFO - Updated result for CNTKPIT-T70 in cycle CNTKPIT-C1542
2026-05-27 12:34:46,551 - INFO - Updated result for CNTKPIT-T75 in cycle CNTKPIT-C1542
2026-05-27 12:34:47,313 - INFO - Updated result for CNTKPIT-T79 in cycle CNTKPIT-C1542
2026-05-27 12:34:47,576 - INFO - Fetched details for cycle CNTKPIT-C1541
2026-05-27 12:34:48,180 - INFO - Updated result for CNTKPIT-T80 in cycle CNTKPIT-C1541
2026-05-27 12:34:48,899 - INFO - Updated result for CNTKPIT-T70 in cycle CNTKPIT-C1541
2026-05-27 12:34:49,405 - INFO - Updated result for CNTKPIT-T75 in cycle CNTKPIT-C1541
2026-05-27 12:34:50,172 - INFO - Updated result for CNTKPIT-T79 in cycle CNTKPIT-C1541
2026-05-27 12:34:50,507 - INFO - Fetched details for cycle CNTKPIT-C1540
2026-05-27 12:34:51,150 - INFO - Updated result for CNTKPIT-T80 in cycle CNTKPIT-C1540
2026-05-27 12:34:51,884 - INFO - Updated result for CNTKPIT-T70 in cycle CNTKPIT-C1540
2026-05-27 12:34:52,397 - INFO - Updated result for CNTKPIT-T75 in cycle CNTKPIT-C1540
2026-05-27 12:34:53,119 - INFO - Updated result for CNTKPIT-T79 in cycle CNTKPIT-C1540
2026-05-27 12:34:53,399 - INFO - Fetched details for cycle CNTKPIT-C1539
2026-05-27 12:34:54,094 - INFO - Updated result for CNTKPIT-T80 in cycle CNTKPIT-C1539
2026-05-27 12:34:54,824 - INFO - Updated result for CNTKPIT-T70 in cycle CNTKPIT-C1539
2026-05-27 12:34:55,321 - INFO - Updated result for CNTKPIT-T75 in cycle CNTKPIT-C1539
2026-05-27 12:34:56,061 - INFO - Updated result for CNTKPIT-T79 in cycle CNTKPIT-C1539
2026-05-27 12:34:56,349 - INFO - Fetched details for cycle CNTKPIT-C1538
2026-05-27 12:34:56,986 - INFO - Updated result for CNTKPIT-T80 in cycle CNTKPIT-C1538
2026-05-27 12:34:57,731 - INFO - Updated result for CNTKPIT-T70 in cycle CNTKPIT-C1538
2026-05-27 12:34:58,205 - INFO - Updated result for CNTKPIT-T75 in cycle CNTKPIT-C1538
2026-05-27 12:34:58,937 - INFO - Updated result for CNTKPIT-T79 in cycle CNTKPIT-C1538
2026-05-27 12:34:59,240 - INFO - Fetched details for cycle CNTKPIT-C1537
2026-05-27 12:34:59,882 - INFO - Updated result for CNTKPIT-T80 in cycle CNTKPIT-C1537
2026-05-27 12:35:00,650 - INFO - Updated result for CNTKPIT-T70 in cycle CNTKPIT-C1537
2026-05-27 12:35:01,118 - INFO - Updated result for CNTKPIT-T75 in cycle CNTKPIT-C1537
2026-05-27 12:35:01,836 - INFO - Updated result for CNTKPIT-T79 in cycle CNTKPIT-C1537
2026-05-27 12:35:02,130 - INFO - Fetched details for cycle CNTKPIT-C1536
2026-05-27 12:35:02,754 - INFO - Updated result for CNTKPIT-T80 in cycle CNTKPIT-C1536
2026-05-27 12:35:03,456 - INFO - Updated result for CNTKPIT-T70 in cycle CNTKPIT-C1536
2026-05-27 12:35:03,923 - INFO - Updated result for CNTKPIT-T75 in cycle CNTKPIT-C1536
2026-05-27 12:35:04,623 - INFO - Updated result for CNTKPIT-T79 in cycle CNTKPIT-C1536
2026-05-27 12:35:04,896 - INFO - Fetched details for cycle CNTKPIT-C1535
2026-05-27 12:35:05,530 - INFO - Updated result for CNTKPIT-T80 in cycle CNTKPIT-C1535
2026-05-27 12:35:06,243 - INFO - Updated result for CNTKPIT-T70 in cycle CNTKPIT-C1535
2026-05-27 12:35:06,713 - INFO - Updated result for CNTKPIT-T75 in cycle CNTKPIT-C1535
2026-05-27 12:35:07,452 - INFO - Updated result for CNTKPIT-T79 in cycle CNTKPIT-C1535
2026-05-27 12:35:07,771 - INFO - Fetched details for cycle CNTKPIT-C1534
2026-05-27 12:35:08,426 - INFO - Updated result for CNTKPIT-T80 in cycle CNTKPIT-C1534
2026-05-27 12:35:09,139 - INFO - Updated result for CNTKPIT-T70 in cycle CNTKPIT-C1534
2026-05-27 12:35:09,628 - INFO - Updated result for CNTKPIT-T75 in cycle CNTKPIT-C1534
2026-05-27 12:35:10,352 - INFO - Updated result for CNTKPIT-T79 in cycle CNTKPIT-C1534
2026-05-27 12:35:10,658 - INFO - Fetched details for cycle CNTKPIT-C1533
2026-05-27 12:35:11,267 - INFO - Updated result for CNTKPIT-T80 in cycle CNTKPIT-C1533
2026-05-27 12:35:11,998 - INFO - Updated result for CNTKPIT-T70 in cycle CNTKPIT-C1533
2026-05-27 12:35:12,468 - INFO - Updated result for CNTKPIT-T75 in cycle CNTKPIT-C1533
2026-05-27 12:35:13,204 - INFO - Updated result for CNTKPIT-T79 in cycle CNTKPIT-C1533
2026-05-27 12:35:13,498 - INFO - Fetched details for cycle CNTKPIT-C1532
2026-05-27 12:35:14,161 - INFO - Updated result for CNTKPIT-T80 in cycle CNTKPIT-C1532
2026-05-27 12:35:14,926 - INFO - Updated result for CNTKPIT-T70 in cycle CNTKPIT-C1532
2026-05-27 12:35:15,378 - INFO - Updated result for CNTKPIT-T75 in cycle CNTKPIT-C1532
2026-05-27 12:35:16,056 - INFO - Updated result for CNTKPIT-T79 in cycle CNTKPIT-C1532
2026-05-27 12:35:16,329 - INFO - Fetched details for cycle CNTKPIT-C1531
2026-05-27 12:35:16,960 - INFO - Updated result for CNTKPIT-T80 in cycle CNTKPIT-C1531
2026-05-27 12:35:17,654 - INFO - Updated result for CNTKPIT-T70 in cycle CNTKPIT-C1531
2026-05-27 12:35:18,130 - INFO - Updated result for CNTKPIT-T75 in cycle CNTKPIT-C1531
2026-05-27 12:35:18,812 - INFO - Updated result for CNTKPIT-T79 in cycle CNTKPIT-C1531
2026-05-27 12:35:19,116 - INFO - Fetched details for cycle CNTKPIT-C1530
2026-05-27 12:35:19,804 - INFO - Updated result for CNTKPIT-T80 in cycle CNTKPIT-C1530
2026-05-27 12:35:20,675 - INFO - Updated result for CNTKPIT-T70 in cycle CNTKPIT-C1530
2026-05-27 12:35:21,234 - INFO - Updated result for CNTKPIT-T75 in cycle CNTKPIT-C1530
2026-05-27 12:35:21,927 - INFO - Updated result for CNTKPIT-T79 in cycle CNTKPIT-C1530
2026-05-27 12:35:22,248 - INFO - Fetched details for cycle CNTKPIT-C1529
2026-05-27 12:35:22,883 - INFO - Updated result for CNTKPIT-T80 in cycle CNTKPIT-C1529
2026-05-27 12:35:23,577 - INFO - Updated result for CNTKPIT-T70 in cycle CNTKPIT-C1529
2026-05-27 12:35:24,045 - INFO - Updated result for CNTKPIT-T75 in cycle CNTKPIT-C1529
2026-05-27 12:35:24,728 - INFO - Updated result for CNTKPIT-T79 in cycle CNTKPIT-C1529
2026-05-27 12:35:25,022 - INFO - Fetched details for cycle CNTKPIT-C1528
2026-05-27 12:35:25,654 - INFO - Updated result for CNTKPIT-T80 in cycle CNTKPIT-C1528
2026-05-27 12:35:26,387 - INFO - Updated result for CNTKPIT-T70 in cycle CNTKPIT-C1528
2026-05-27 12:35:26,859 - INFO - Updated result for CNTKPIT-T75 in cycle CNTKPIT-C1528
2026-05-27 12:35:27,551 - INFO - Updated result for CNTKPIT-T79 in cycle CNTKPIT-C1528
2026-05-27 12:35:27,839 - INFO - Fetched details for cycle CNTKPIT-C1527
2026-05-27 12:35:28,469 - INFO - Updated result for CNTKPIT-T80 in cycle CNTKPIT-C1527
2026-05-27 12:35:29,169 - INFO - Updated result for CNTKPIT-T70 in cycle CNTKPIT-C1527
2026-05-27 12:35:29,632 - INFO - Updated result for CNTKPIT-T75 in cycle CNTKPIT-C1527
2026-05-27 12:35:30,361 - INFO - Updated result for CNTKPIT-T79 in cycle CNTKPIT-C1527
2026-05-27 12:35:30,642 - INFO - Fetched details for cycle CNTKPIT-C1526
2026-05-27 12:35:31,251 - INFO - Updated result for CNTKPIT-T80 in cycle CNTKPIT-C1526
2026-05-27 12:35:31,940 - INFO - Updated result for CNTKPIT-T70 in cycle CNTKPIT-C1526
2026-05-27 12:35:32,407 - INFO - Updated result for CNTKPIT-T75 in cycle CNTKPIT-C1526
2026-05-27 12:35:33,088 - INFO - Updated result for CNTKPIT-T79 in cycle CNTKPIT-C1526
2026-05-27 12:35:33,380 - INFO - Fetched details for cycle CNTKPIT-C1525
2026-05-27 12:35:33,990 - INFO - Updated result for CNTKPIT-T80 in cycle CNTKPIT-C1525
2026-05-27 12:35:34,688 - INFO - Updated result for CNTKPIT-T70 in cycle CNTKPIT-C1525
2026-05-27 12:35:35,150 - INFO - Updated result for CNTKPIT-T75 in cycle CNTKPIT-C1525
2026-05-27 12:35:35,833 - INFO - Updated result for CNTKPIT-T79 in cycle CNTKPIT-C1525
2026-05-27 12:35:36,128 - INFO - Fetched details for cycle CNTKPIT-C1524
2026-05-27 12:35:36,740 - INFO - Updated result for CNTKPIT-T80 in cycle CNTKPIT-C1524
2026-05-27 12:35:37,445 - INFO - Updated result for CNTKPIT-T70 in cycle CNTKPIT-C1524
2026-05-27 12:35:37,961 - INFO - Updated result for CNTKPIT-T75 in cycle CNTKPIT-C1524
2026-05-27 12:35:38,664 - INFO - Updated result for CNTKPIT-T79 in cycle CNTKPIT-C1524
2026-05-27 12:35:38,933 - INFO - Fetched details for cycle CNTKPIT-C1523
2026-05-27 12:35:39,531 - INFO - Updated result for CNTKPIT-T80 in cycle CNTKPIT-C1523
2026-05-27 12:35:40,216 - INFO - Updated result for CNTKPIT-T70 in cycle CNTKPIT-C1523
2026-05-27 12:35:40,676 - INFO - Updated result for CNTKPIT-T75 in cycle CNTKPIT-C1523
2026-05-27 12:35:41,372 - INFO - Updated result for CNTKPIT-T79 in cycle CNTKPIT-C1523
2026-05-27 12:35:41,674 - INFO - Fetched details for cycle CNTKPIT-C1522
2026-05-27 12:35:42,306 - INFO - Updated result for CNTKPIT-T80 in cycle CNTKPIT-C1522
2026-05-27 12:35:43,070 - INFO - Updated result for CNTKPIT-T70 in cycle CNTKPIT-C1522
2026-05-27 12:35:43,520 - INFO - Updated result for CNTKPIT-T75 in cycle CNTKPIT-C1522
2026-05-27 12:35:44,186 - INFO - Updated result for CNTKPIT-T79 in cycle CNTKPIT-C1522
2026-05-27 12:35:44,461 - INFO - Fetched details for cycle CNTKPIT-C1521
2026-05-27 12:35:45,084 - INFO - Updated result for CNTKPIT-T80 in cycle CNTKPIT-C1521
2026-05-27 12:35:45,761 - INFO - Updated result for CNTKPIT-T70 in cycle CNTKPIT-C1521
2026-05-27 12:35:46,226 - INFO - Updated result for CNTKPIT-T75 in cycle CNTKPIT-C1521
2026-05-27 12:35:46,943 - INFO - Updated result for CNTKPIT-T79 in cycle CNTKPIT-C1521
2026-05-27 12:35:47,218 - INFO - Fetched details for cycle CNTKPIT-C1520
2026-05-27 12:35:47,834 - INFO - Updated result for CNTKPIT-T80 in cycle CNTKPIT-C1520
2026-05-27 12:35:48,572 - INFO - Updated result for CNTKPIT-T70 in cycle CNTKPIT-C1520
2026-05-27 12:35:49,030 - INFO - Updated result for CNTKPIT-T75 in cycle CNTKPIT-C1520
2026-05-27 12:35:49,814 - INFO - Updated result for CNTKPIT-T79 in cycle CNTKPIT-C1520
2026-05-27 12:35:50,145 - INFO - Fetched details for cycle CNTKPIT-C1519
2026-05-27 12:35:50,833 - INFO - Updated result for CNTKPIT-T80 in cycle CNTKPIT-C1519
2026-05-27 12:35:51,547 - INFO - Updated result for CNTKPIT-T70 in cycle CNTKPIT-C1519
2026-05-27 12:35:52,049 - INFO - Updated result for CNTKPIT-T75 in cycle CNTKPIT-C1519
2026-05-27 12:35:52,791 - INFO - Updated result for CNTKPIT-T79 in cycle CNTKPIT-C1519
2026-05-27 12:35:53,094 - INFO - Fetched details for cycle CNTKPIT-C1518
2026-05-27 12:35:53,728 - INFO - Updated result for CNTKPIT-T80 in cycle CNTKPIT-C1518
2026-05-27 12:35:54,439 - INFO - Updated result for CNTKPIT-T70 in cycle CNTKPIT-C1518
2026-05-27 12:35:54,897 - INFO - Updated result for CNTKPIT-T75 in cycle CNTKPIT-C1518
2026-05-27 12:35:55,612 - INFO - Updated result for CNTKPIT-T79 in cycle CNTKPIT-C1518
2026-05-27 12:35:55,880 - INFO - Fetched details for cycle CNTKPIT-C1517
2026-05-27 12:35:56,501 - INFO - Updated result for CNTKPIT-T80 in cycle CNTKPIT-C1517
2026-05-27 12:35:57,193 - INFO - Updated result for CNTKPIT-T70 in cycle CNTKPIT-C1517
2026-05-27 12:35:57,689 - INFO - Updated result for CNTKPIT-T75 in cycle CNTKPIT-C1517
2026-05-27 12:35:58,366 - INFO - Updated result for CNTKPIT-T79 in cycle CNTKPIT-C1517
2026-05-27 12:35:58,639 - INFO - Fetched details for cycle CNTKPIT-C1516
2026-05-27 12:35:59,243 - INFO - Updated result for CNTKPIT-T80 in cycle CNTKPIT-C1516
2026-05-27 12:35:59,930 - INFO - Updated result for CNTKPIT-T70 in cycle CNTKPIT-C1516
2026-05-27 12:36:00,405 - INFO - Updated result for CNTKPIT-T75 in cycle CNTKPIT-C1516
2026-05-27 12:36:01,107 - INFO - Updated result for CNTKPIT-T79 in cycle CNTKPIT-C1516
2026-05-27 12:36:01,389 - INFO - Fetched details for cycle CNTKPIT-C1515
2026-05-27 12:36:02,022 - INFO - Updated result for CNTKPIT-T80 in cycle CNTKPIT-C1515
2026-05-27 12:36:02,742 - INFO - Updated result for CNTKPIT-T70 in cycle CNTKPIT-C1515
2026-05-27 12:36:03,209 - INFO - Updated result for CNTKPIT-T75 in cycle CNTKPIT-C1515
2026-05-27 12:36:03,911 - INFO - Updated result for CNTKPIT-T79 in cycle CNTKPIT-C1515
2026-05-27 12:36:04,177 - INFO - Fetched details for cycle CNTKPIT-C1514
2026-05-27 12:36:04,777 - INFO - Updated result for CNTKPIT-T80 in cycle CNTKPIT-C1514
2026-05-27 12:36:05,488 - INFO - Updated result for CNTKPIT-T70 in cycle CNTKPIT-C1514
2026-05-27 12:36:06,006 - INFO - Updated result for CNTKPIT-T75 in cycle CNTKPIT-C1514
2026-05-27 12:36:06,785 - INFO - Updated result for CNTKPIT-T79 in cycle CNTKPIT-C1514
2026-05-27 12:36:07,081 - INFO - Fetched details for cycle CNTKPIT-C1513
2026-05-27 12:36:07,737 - INFO - Updated result for CNTKPIT-T80 in cycle CNTKPIT-C1513
2026-05-27 12:36:08,474 - INFO - Updated result for CNTKPIT-T70 in cycle CNTKPIT-C1513
2026-05-27 12:36:08,934 - INFO - Updated result for CNTKPIT-T75 in cycle CNTKPIT-C1513
2026-05-27 12:36:09,668 - INFO - Updated result for CNTKPIT-T79 in cycle CNTKPIT-C1513
2026-05-27 12:36:09,970 - INFO - Fetched details for cycle CNTKPIT-C1512
2026-05-27 12:36:10,590 - INFO - Updated result for CNTKPIT-T80 in cycle CNTKPIT-C1512
2026-05-27 12:36:11,291 - INFO - Updated result for CNTKPIT-T70 in cycle CNTKPIT-C1512
2026-05-27 12:36:11,756 - INFO - Updated result for CNTKPIT-T75 in cycle CNTKPIT-C1512
2026-05-27 12:36:12,523 - INFO - Updated result for CNTKPIT-T79 in cycle CNTKPIT-C1512
2026-05-27 12:36:12,825 - INFO - Fetched details for cycle CNTKPIT-C1511
2026-05-27 12:36:13,422 - INFO - Updated result for CNTKPIT-T80 in cycle CNTKPIT-C1511
2026-05-27 12:36:14,128 - INFO - Updated result for CNTKPIT-T70 in cycle CNTKPIT-C1511
2026-05-27 12:36:14,639 - INFO - Updated result for CNTKPIT-T75 in cycle CNTKPIT-C1511
2026-05-27 12:36:15,408 - INFO - Updated result for CNTKPIT-T79 in cycle CNTKPIT-C1511
2026-05-27 12:36:15,693 - INFO - Fetched details for cycle CNTKPIT-C1510
2026-05-27 12:36:16,313 - INFO - Updated result for CNTKPIT-T80 in cycle CNTKPIT-C1510
2026-05-27 12:36:17,031 - INFO - Updated result for CNTKPIT-T70 in cycle CNTKPIT-C1510
2026-05-27 12:36:17,504 - INFO - Updated result for CNTKPIT-T75 in cycle CNTKPIT-C1510
2026-05-27 12:36:18,209 - INFO - Updated result for CNTKPIT-T79 in cycle CNTKPIT-C1510
2026-05-27 12:36:18,477 - INFO - Fetched details for cycle CNTKPIT-C1509
2026-05-27 12:36:18,911 - INFO - Updated result for CNTKPIT-T80 in cycle CNTKPIT-C1509
2026-05-27 12:36:19,720 - INFO - Updated result for CNTKPIT-T70 in cycle CNTKPIT-C1509
2026-05-27 12:36:20,195 - INFO - Updated result for CNTKPIT-T75 in cycle CNTKPIT-C1509
2026-05-27 12:36:20,674 - INFO - Updated result for CNTKPIT-T79 in cycle CNTKPIT-C1509
2026-05-27 12:36:20,974 - INFO - Fetched details for cycle CNTKPIT-C1508
2026-05-27 12:36:21,455 - INFO - Updated result for CNTKPIT-T80 in cycle CNTKPIT-C1508
2026-05-27 12:36:22,277 - INFO - Updated result for CNTKPIT-T70 in cycle CNTKPIT-C1508
2026-05-27 12:36:22,675 - INFO - Updated result for CNTKPIT-T75 in cycle CNTKPIT-C1508
2026-05-27 12:36:23,147 - INFO - Updated result for CNTKPIT-T79 in cycle CNTKPIT-C1508
2026-05-27 12:36:23,432 - INFO - Fetched details for cycle CNTKPIT-C1507
2026-05-27 12:36:23,932 - INFO - Updated result for CNTKPIT-T80 in cycle CNTKPIT-C1507
2026-05-27 12:36:24,634 - INFO - Updated result for CNTKPIT-T70 in cycle CNTKPIT-C1507
2026-05-27 12:36:25,005 - INFO - Updated result for CNTKPIT-T75 in cycle CNTKPIT-C1507
2026-05-27 12:36:25,461 - INFO - Updated result for CNTKPIT-T79 in cycle CNTKPIT-C1507
2026-05-27 12:36:25,736 - INFO - Fetched details for cycle CNTKPIT-C1506
2026-05-27 12:36:26,176 - INFO - Updated result for CNTKPIT-T80 in cycle CNTKPIT-C1506
2026-05-27 12:36:26,952 - INFO - Updated result for CNTKPIT-T70 in cycle CNTKPIT-C1506
2026-05-27 12:36:27,328 - INFO - Updated result for CNTKPIT-T75 in cycle CNTKPIT-C1506
2026-05-27 12:36:27,786 - INFO - Updated result for CNTKPIT-T79 in cycle CNTKPIT-C1506
2026-05-27 12:40:38,498 - INFO - Found 75 cycles matching AEA1415R1.260514.1
2026-05-27 12:40:47,742 - INFO - Fetched details for cycle CNTKPIT-C1580
2026-05-27 12:40:48,014 - INFO - Fetched details for cycle CNTKPIT-C1579
2026-05-27 12:40:48,282 - INFO - Fetched details for cycle CNTKPIT-C1578
2026-05-27 12:40:48,552 - INFO - Fetched details for cycle CNTKPIT-C1577
2026-05-27 12:40:48,840 - INFO - Fetched details for cycle CNTKPIT-C1576
2026-05-27 12:40:49,159 - INFO - Fetched details for cycle CNTKPIT-C1575
2026-05-27 12:40:49,492 - INFO - Fetched details for cycle CNTKPIT-C1574
2026-05-27 12:40:49,814 - INFO - Fetched details for cycle CNTKPIT-C1573
2026-05-27 12:40:50,139 - INFO - Fetched details for cycle CNTKPIT-C1572
2026-05-27 12:40:50,434 - INFO - Fetched details for cycle CNTKPIT-C1571
2026-05-27 12:40:50,737 - INFO - Fetched details for cycle CNTKPIT-C1570
2026-05-27 12:40:51,041 - INFO - Fetched details for cycle CNTKPIT-C1569
2026-05-27 12:40:51,335 - INFO - Fetched details for cycle CNTKPIT-C1568
2026-05-27 12:40:51,639 - INFO - Fetched details for cycle CNTKPIT-C1567
2026-05-27 12:40:51,977 - INFO - Fetched details for cycle CNTKPIT-C1566
2026-05-27 12:40:52,309 - INFO - Fetched details for cycle CNTKPIT-C1565
2026-05-27 12:40:52,662 - INFO - Fetched details for cycle CNTKPIT-C1564
2026-05-27 12:40:53,014 - INFO - Fetched details for cycle CNTKPIT-C1563
2026-05-27 12:40:53,290 - INFO - Fetched details for cycle CNTKPIT-C1562
2026-05-27 12:40:53,607 - INFO - Fetched details for cycle CNTKPIT-C1561
2026-05-27 12:40:53,994 - INFO - Fetched details for cycle CNTKPIT-C1560
2026-05-27 12:40:54,297 - INFO - Fetched details for cycle CNTKPIT-C1559
2026-05-27 12:40:54,602 - INFO - Fetched details for cycle CNTKPIT-C1558
2026-05-27 12:40:54,923 - INFO - Fetched details for cycle CNTKPIT-C1557
2026-05-27 12:40:55,239 - INFO - Fetched details for cycle CNTKPIT-C1556
2026-05-27 12:40:55,540 - INFO - Fetched details for cycle CNTKPIT-C1555
2026-05-27 12:40:55,821 - INFO - Fetched details for cycle CNTKPIT-C1554
2026-05-27 12:40:56,102 - INFO - Fetched details for cycle CNTKPIT-C1553
2026-05-27 12:40:56,379 - INFO - Fetched details for cycle CNTKPIT-C1552
2026-05-27 12:40:56,684 - INFO - Fetched details for cycle CNTKPIT-C1551
2026-05-27 12:40:56,975 - INFO - Fetched details for cycle CNTKPIT-C1550
2026-05-27 12:40:57,247 - INFO - Fetched details for cycle CNTKPIT-C1549
2026-05-27 12:40:57,516 - INFO - Fetched details for cycle CNTKPIT-C1548
2026-05-27 12:40:57,795 - INFO - Fetched details for cycle CNTKPIT-C1547
2026-05-27 12:40:58,073 - INFO - Fetched details for cycle CNTKPIT-C1546
2026-05-27 12:40:58,366 - INFO - Fetched details for cycle CNTKPIT-C1545
2026-05-27 12:40:58,655 - INFO - Fetched details for cycle CNTKPIT-C1544
2026-05-27 12:40:58,955 - INFO - Fetched details for cycle CNTKPIT-C1543
2026-05-27 12:40:59,228 - INFO - Fetched details for cycle CNTKPIT-C1542
2026-05-27 12:40:59,505 - INFO - Fetched details for cycle CNTKPIT-C1541
2026-05-27 12:40:59,783 - INFO - Fetched details for cycle CNTKPIT-C1540
2026-05-27 12:41:00,072 - INFO - Fetched details for cycle CNTKPIT-C1539
2026-05-27 12:41:00,388 - INFO - Fetched details for cycle CNTKPIT-C1538
2026-05-27 12:41:00,666 - INFO - Fetched details for cycle CNTKPIT-C1537
2026-05-27 12:41:00,951 - INFO - Fetched details for cycle CNTKPIT-C1536
2026-05-27 12:41:01,245 - INFO - Fetched details for cycle CNTKPIT-C1535
2026-05-27 12:41:01,526 - INFO - Fetched details for cycle CNTKPIT-C1534
2026-05-27 12:41:01,813 - INFO - Fetched details for cycle CNTKPIT-C1533
2026-05-27 12:41:02,105 - INFO - Fetched details for cycle CNTKPIT-C1532
2026-05-27 12:41:02,377 - INFO - Fetched details for cycle CNTKPIT-C1531
2026-05-27 12:41:02,672 - INFO - Fetched details for cycle CNTKPIT-C1530
2026-05-27 12:41:02,949 - INFO - Fetched details for cycle CNTKPIT-C1529
2026-05-27 12:41:03,268 - INFO - Fetched details for cycle CNTKPIT-C1528
2026-05-27 12:41:03,555 - INFO - Fetched details for cycle CNTKPIT-C1527
2026-05-27 12:41:03,838 - INFO - Fetched details for cycle CNTKPIT-C1526
2026-05-27 12:41:04,127 - INFO - Fetched details for cycle CNTKPIT-C1525
2026-05-27 12:41:04,412 - INFO - Fetched details for cycle CNTKPIT-C1524
2026-05-27 12:41:04,732 - INFO - Fetched details for cycle CNTKPIT-C1523
2026-05-27 12:41:05,035 - INFO - Fetched details for cycle CNTKPIT-C1522
2026-05-27 12:41:05,331 - INFO - Fetched details for cycle CNTKPIT-C1521
2026-05-27 12:41:05,639 - INFO - Fetched details for cycle CNTKPIT-C1520
2026-05-27 12:41:05,936 - INFO - Fetched details for cycle CNTKPIT-C1519
2026-05-27 12:41:06,223 - INFO - Fetched details for cycle CNTKPIT-C1518
2026-05-27 12:41:06,528 - INFO - Fetched details for cycle CNTKPIT-C1517
2026-05-27 12:41:06,830 - INFO - Fetched details for cycle CNTKPIT-C1516
2026-05-27 12:41:07,119 - INFO - Fetched details for cycle CNTKPIT-C1515
2026-05-27 12:41:07,424 - INFO - Fetched details for cycle CNTKPIT-C1514
2026-05-27 12:41:07,723 - INFO - Fetched details for cycle CNTKPIT-C1513
2026-05-27 12:41:07,989 - INFO - Fetched details for cycle CNTKPIT-C1512
2026-05-27 12:41:08,265 - INFO - Fetched details for cycle CNTKPIT-C1511
2026-05-27 12:41:08,552 - INFO - Fetched details for cycle CNTKPIT-C1510
2026-05-27 12:41:08,840 - INFO - Fetched details for cycle CNTKPIT-C1509
2026-05-27 12:41:09,155 - INFO - Fetched details for cycle CNTKPIT-C1508
2026-05-27 12:41:09,435 - INFO - Fetched details for cycle CNTKPIT-C1507
2026-05-27 12:41:09,777 - INFO - Fetched details for cycle CNTKPIT-C1506
2026-05-27 12:42:34,133 - INFO - Found 75 cycles matching AEA1415R1.260514.1
2026-05-27 12:42:47,920 - INFO - Found 75 cycles matching AEA1415R1.260514.1
2026-05-27 12:44:02,959 - INFO - Fetched details for cycle CNTKPIT-C1430
2026-05-27 12:44:03,487 - INFO - Updated result for CNTKPIT-T74 in cycle CNTKPIT-C1430
2026-05-27 12:44:03,775 - INFO - Fetched details for cycle CNTKPIT-C1429
2026-05-27 12:44:04,239 - INFO - Updated result for CNTKPIT-T74 in cycle CNTKPIT-C1429
2026-05-27 12:44:04,636 - INFO - Fetched details for cycle CNTKPIT-C1428
2026-05-27 12:44:05,134 - INFO - Updated result for CNTKPIT-T74 in cycle CNTKPIT-C1428
2026-05-27 12:44:05,423 - INFO - Fetched details for cycle CNTKPIT-C1427
2026-05-27 12:44:05,945 - INFO - Updated result for CNTKPIT-T74 in cycle CNTKPIT-C1427
2026-05-27 12:44:06,246 - INFO - Fetched details for cycle CNTKPIT-C1426
2026-05-27 12:44:06,730 - INFO - Updated result for CNTKPIT-T74 in cycle CNTKPIT-C1426
2026-05-27 12:44:07,031 - INFO - Fetched details for cycle CNTKPIT-C1425
2026-05-27 12:44:07,508 - INFO - Updated result for CNTKPIT-T74 in cycle CNTKPIT-C1425
2026-05-27 12:44:07,779 - INFO - Fetched details for cycle CNTKPIT-C1424
2026-05-27 12:44:08,262 - INFO - Updated result for CNTKPIT-T74 in cycle CNTKPIT-C1424
2026-05-27 12:44:08,531 - INFO - Fetched details for cycle CNTKPIT-C1423
2026-05-27 12:44:08,999 - INFO - Updated result for CNTKPIT-T74 in cycle CNTKPIT-C1423
2026-05-27 12:44:09,276 - INFO - Fetched details for cycle CNTKPIT-C1422
2026-05-27 12:44:09,761 - INFO - Updated result for CNTKPIT-T74 in cycle CNTKPIT-C1422
2026-05-27 12:44:10,044 - INFO - Fetched details for cycle CNTKPIT-C1421
2026-05-27 12:44:10,521 - INFO - Updated result for CNTKPIT-T74 in cycle CNTKPIT-C1421
2026-05-27 12:44:10,809 - INFO - Fetched details for cycle CNTKPIT-C1420
2026-05-27 12:44:11,285 - INFO - Updated result for CNTKPIT-T74 in cycle CNTKPIT-C1420
2026-05-27 12:44:11,575 - INFO - Fetched details for cycle CNTKPIT-C1419
2026-05-27 12:44:12,041 - INFO - Updated result for CNTKPIT-T74 in cycle CNTKPIT-C1419
2026-05-27 12:44:12,311 - INFO - Fetched details for cycle CNTKPIT-C1418
2026-05-27 12:44:12,786 - INFO - Updated result for CNTKPIT-T74 in cycle CNTKPIT-C1418
2026-05-27 12:44:13,064 - INFO - Fetched details for cycle CNTKPIT-C1417
2026-05-27 12:44:13,538 - INFO - Updated result for CNTKPIT-T74 in cycle CNTKPIT-C1417
2026-05-27 12:44:13,808 - INFO - Fetched details for cycle CNTKPIT-C1416
2026-05-27 12:44:14,268 - INFO - Updated result for CNTKPIT-T74 in cycle CNTKPIT-C1416
2026-05-27 12:44:14,548 - INFO - Fetched details for cycle CNTKPIT-C1415
2026-05-27 12:44:15,029 - INFO - Updated result for CNTKPIT-T74 in cycle CNTKPIT-C1415
2026-05-27 12:44:15,301 - INFO - Fetched details for cycle CNTKPIT-C1414
2026-05-27 12:44:15,775 - INFO - Updated result for CNTKPIT-T74 in cycle CNTKPIT-C1414
2026-05-27 12:44:16,049 - INFO - Fetched details for cycle CNTKPIT-C1413
2026-05-27 12:44:16,538 - INFO - Updated result for CNTKPIT-T74 in cycle CNTKPIT-C1413
2026-05-27 12:44:16,810 - INFO - Fetched details for cycle CNTKPIT-C1412
2026-05-27 12:44:17,294 - INFO - Updated result for CNTKPIT-T74 in cycle CNTKPIT-C1412
2026-05-27 12:44:17,584 - INFO - Fetched details for cycle CNTKPIT-C1411
2026-05-27 12:44:18,045 - INFO - Updated result for CNTKPIT-T74 in cycle CNTKPIT-C1411
2026-05-27 12:44:18,334 - INFO - Fetched details for cycle CNTKPIT-C1410
2026-05-27 12:44:18,806 - INFO - Updated result for CNTKPIT-T74 in cycle CNTKPIT-C1410
2026-05-27 12:44:19,080 - INFO - Fetched details for cycle CNTKPIT-C1409
2026-05-27 12:44:19,582 - INFO - Updated result for CNTKPIT-T74 in cycle CNTKPIT-C1409
2026-05-27 12:44:19,969 - INFO - Fetched details for cycle CNTKPIT-C1408
2026-05-27 12:44:20,566 - INFO - Updated result for CNTKPIT-T74 in cycle CNTKPIT-C1408
2026-05-27 12:44:20,847 - INFO - Fetched details for cycle CNTKPIT-C1407
2026-05-27 12:44:21,352 - INFO - Updated result for CNTKPIT-T74 in cycle CNTKPIT-C1407
2026-05-27 12:44:21,626 - INFO - Fetched details for cycle CNTKPIT-C1406
2026-05-27 12:44:22,131 - INFO - Updated result for CNTKPIT-T74 in cycle CNTKPIT-C1406
2026-05-27 12:44:22,427 - INFO - Fetched details for cycle CNTKPIT-C1405
2026-05-27 12:44:22,891 - INFO - Updated result for CNTKPIT-T74 in cycle CNTKPIT-C1405
2026-05-27 12:44:23,182 - INFO - Fetched details for cycle CNTKPIT-C1404
2026-05-27 12:44:23,673 - INFO - Updated result for CNTKPIT-T74 in cycle CNTKPIT-C1404
2026-05-27 12:44:23,961 - INFO - Fetched details for cycle CNTKPIT-C1403
2026-05-27 12:44:24,420 - INFO - Updated result for CNTKPIT-T74 in cycle CNTKPIT-C1403
2026-05-27 12:44:24,696 - INFO - Fetched details for cycle CNTKPIT-C1402
2026-05-27 12:44:25,209 - INFO - Updated result for CNTKPIT-T74 in cycle CNTKPIT-C1402
2026-05-27 12:44:25,478 - INFO - Fetched details for cycle CNTKPIT-C1401
2026-05-27 12:44:25,947 - INFO - Updated result for CNTKPIT-T74 in cycle CNTKPIT-C1401
2026-05-27 12:44:26,256 - INFO - Fetched details for cycle CNTKPIT-C1400
2026-05-27 12:44:26,750 - INFO - Updated result for CNTKPIT-T74 in cycle CNTKPIT-C1400
2026-05-27 12:44:27,032 - INFO - Fetched details for cycle CNTKPIT-C1399
2026-05-27 12:44:27,506 - INFO - Updated result for CNTKPIT-T74 in cycle CNTKPIT-C1399
2026-05-27 12:44:27,809 - INFO - Fetched details for cycle CNTKPIT-C1398
2026-05-27 12:44:28,285 - INFO - Updated result for CNTKPIT-T74 in cycle CNTKPIT-C1398
2026-05-27 12:44:28,556 - INFO - Fetched details for cycle CNTKPIT-C1397
2026-05-27 12:44:29,022 - INFO - Updated result for CNTKPIT-T74 in cycle CNTKPIT-C1397
2026-05-27 12:44:29,319 - INFO - Fetched details for cycle CNTKPIT-C1396
2026-05-27 12:44:29,824 - INFO - Updated result for CNTKPIT-T74 in cycle CNTKPIT-C1396
2026-05-27 12:44:30,112 - INFO - Fetched details for cycle CNTKPIT-C1395
2026-05-27 12:44:30,587 - INFO - Updated result for CNTKPIT-T74 in cycle CNTKPIT-C1395
2026-05-27 12:44:30,857 - INFO - Fetched details for cycle CNTKPIT-C1394
2026-05-27 12:44:31,343 - INFO - Updated result for CNTKPIT-T74 in cycle CNTKPIT-C1394
2026-05-27 12:44:31,634 - INFO - Fetched details for cycle CNTKPIT-C1393
2026-05-27 12:44:32,104 - INFO - Updated result for CNTKPIT-T74 in cycle CNTKPIT-C1393
2026-05-27 12:44:32,403 - INFO - Fetched details for cycle CNTKPIT-C1392
2026-05-27 12:44:32,869 - INFO - Updated result for CNTKPIT-T74 in cycle CNTKPIT-C1392
2026-05-27 12:44:33,142 - INFO - Fetched details for cycle CNTKPIT-C1391
2026-05-27 12:44:33,627 - INFO - Updated result for CNTKPIT-T74 in cycle CNTKPIT-C1391
2026-05-27 12:44:33,905 - INFO - Fetched details for cycle CNTKPIT-C1390
2026-05-27 12:44:34,374 - INFO - Updated result for CNTKPIT-T74 in cycle CNTKPIT-C1390
2026-05-27 12:44:34,636 - INFO - Fetched details for cycle CNTKPIT-C1389
2026-05-27 12:44:35,100 - INFO - Updated result for CNTKPIT-T74 in cycle CNTKPIT-C1389
2026-05-27 12:44:35,367 - INFO - Fetched details for cycle CNTKPIT-C1388
2026-05-27 12:44:35,830 - INFO - Updated result for CNTKPIT-T74 in cycle CNTKPIT-C1388
2026-05-27 12:44:36,096 - INFO - Fetched details for cycle CNTKPIT-C1387
2026-05-27 12:44:36,581 - INFO - Updated result for CNTKPIT-T74 in cycle CNTKPIT-C1387
2026-05-27 12:44:36,864 - INFO - Fetched details for cycle CNTKPIT-C1386
2026-05-27 12:44:37,337 - INFO - Updated result for CNTKPIT-T74 in cycle CNTKPIT-C1386
2026-05-27 12:44:37,636 - INFO - Fetched details for cycle CNTKPIT-C1385
2026-05-27 12:44:38,093 - INFO - Updated result for CNTKPIT-T74 in cycle CNTKPIT-C1385
2026-05-27 12:44:38,360 - INFO - Fetched details for cycle CNTKPIT-C1384
2026-05-27 12:44:38,814 - INFO - Updated result for CNTKPIT-T74 in cycle CNTKPIT-C1384
2026-05-27 12:44:39,100 - INFO - Fetched details for cycle CNTKPIT-C1383
2026-05-27 12:44:39,566 - INFO - Updated result for CNTKPIT-T74 in cycle CNTKPIT-C1383
2026-05-27 12:44:39,849 - INFO - Fetched details for cycle CNTKPIT-C1382
2026-05-27 12:44:40,339 - INFO - Updated result for CNTKPIT-T74 in cycle CNTKPIT-C1382
2026-05-27 12:44:40,610 - INFO - Fetched details for cycle CNTKPIT-C1381
2026-05-27 12:44:41,076 - INFO - Updated result for CNTKPIT-T74 in cycle CNTKPIT-C1381
2026-05-27 12:44:41,338 - INFO - Fetched details for cycle CNTKPIT-C1380
2026-05-27 12:44:41,806 - INFO - Updated result for CNTKPIT-T74 in cycle CNTKPIT-C1380
2026-05-27 12:44:42,091 - INFO - Fetched details for cycle CNTKPIT-C1379
2026-05-27 12:44:42,566 - INFO - Updated result for CNTKPIT-T74 in cycle CNTKPIT-C1379
2026-05-27 12:44:42,837 - INFO - Fetched details for cycle CNTKPIT-C1378
2026-05-27 12:44:43,298 - INFO - Updated result for CNTKPIT-T74 in cycle CNTKPIT-C1378
2026-05-27 12:44:43,601 - INFO - Fetched details for cycle CNTKPIT-C1377
2026-05-27 12:44:44,080 - INFO - Updated result for CNTKPIT-T74 in cycle CNTKPIT-C1377
2026-05-27 12:44:44,356 - INFO - Fetched details for cycle CNTKPIT-C1376
2026-05-27 12:44:44,854 - INFO - Updated result for CNTKPIT-T74 in cycle CNTKPIT-C1376
2026-05-27 12:44:45,143 - INFO - Fetched details for cycle CNTKPIT-C1375
2026-05-27 12:44:45,603 - INFO - Updated result for CNTKPIT-T74 in cycle CNTKPIT-C1375
2026-05-27 12:44:45,973 - INFO - Fetched details for cycle CNTKPIT-C1374
2026-05-27 12:44:46,435 - INFO - Updated result for CNTKPIT-T74 in cycle CNTKPIT-C1374
2026-05-27 12:44:46,702 - INFO - Fetched details for cycle CNTKPIT-C1373
2026-05-27 12:44:47,177 - INFO - Updated result for CNTKPIT-T74 in cycle CNTKPIT-C1373
2026-05-27 12:44:47,448 - INFO - Fetched details for cycle CNTKPIT-C1372
2026-05-27 12:44:47,911 - INFO - Updated result for CNTKPIT-T74 in cycle CNTKPIT-C1372
2026-05-27 12:44:48,197 - INFO - Fetched details for cycle CNTKPIT-C1371
2026-05-27 12:44:48,661 - INFO - Updated result for CNTKPIT-T74 in cycle CNTKPIT-C1371
2026-05-27 12:44:48,926 - INFO - Fetched details for cycle CNTKPIT-C1370
2026-05-27 12:44:49,451 - INFO - Updated result for CNTKPIT-T74 in cycle CNTKPIT-C1370
2026-05-27 12:44:49,760 - INFO - Fetched details for cycle CNTKPIT-C1369
2026-05-27 12:44:50,285 - INFO - Updated result for CNTKPIT-T74 in cycle CNTKPIT-C1369
2026-05-27 12:44:50,561 - INFO - Fetched details for cycle CNTKPIT-C1368
2026-05-27 12:44:51,033 - INFO - Updated result for CNTKPIT-T74 in cycle CNTKPIT-C1368
2026-05-27 12:44:51,321 - INFO - Fetched details for cycle CNTKPIT-C1367
2026-05-27 12:44:51,810 - INFO - Updated result for CNTKPIT-T74 in cycle CNTKPIT-C1367
2026-05-27 12:44:52,128 - INFO - Fetched details for cycle CNTKPIT-C1366
2026-05-27 12:44:52,601 - INFO - Updated result for CNTKPIT-T74 in cycle CNTKPIT-C1366
2026-05-27 12:44:52,868 - INFO - Fetched details for cycle CNTKPIT-C1365
2026-05-27 12:44:53,338 - INFO - Updated result for CNTKPIT-T74 in cycle CNTKPIT-C1365
2026-05-27 12:44:53,613 - INFO - Fetched details for cycle CNTKPIT-C1364
2026-05-27 12:44:54,090 - INFO - Updated result for CNTKPIT-T74 in cycle CNTKPIT-C1364
2026-05-27 12:44:54,364 - INFO - Fetched details for cycle CNTKPIT-C1363
2026-05-27 12:44:54,835 - INFO - Updated result for CNTKPIT-T74 in cycle CNTKPIT-C1363
2026-05-27 12:44:55,118 - INFO - Fetched details for cycle CNTKPIT-C1362
2026-05-27 12:44:55,595 - INFO - Updated result for CNTKPIT-T74 in cycle CNTKPIT-C1362
2026-05-27 12:44:55,863 - INFO - Fetched details for cycle CNTKPIT-C1361
2026-05-27 12:44:56,345 - INFO - Updated result for CNTKPIT-T74 in cycle CNTKPIT-C1361
2026-05-27 12:44:56,623 - INFO - Fetched details for cycle CNTKPIT-C1360
2026-05-27 12:44:57,115 - INFO - Updated result for CNTKPIT-T74 in cycle CNTKPIT-C1360
2026-05-27 12:44:57,389 - INFO - Fetched details for cycle CNTKPIT-C1359
2026-05-27 12:44:57,853 - INFO - Updated result for CNTKPIT-T74 in cycle CNTKPIT-C1359
2026-05-27 12:44:58,119 - INFO - Fetched details for cycle CNTKPIT-C1358
2026-05-27 12:44:58,597 - INFO - Updated result for CNTKPIT-T74 in cycle CNTKPIT-C1358
2026-05-27 12:44:58,864 - INFO - Fetched details for cycle CNTKPIT-C1357
2026-05-27 12:44:59,330 - INFO - Updated result for CNTKPIT-T74 in cycle CNTKPIT-C1357
2026-05-27 12:44:59,600 - INFO - Fetched details for cycle CNTKPIT-C1356
2026-05-27 12:45:00,059 - INFO - Updated result for CNTKPIT-T74 in cycle CNTKPIT-C1356
2026-05-27 12:53:31,664 - INFO - Found 75 cycles matching AEA1415R1.260514.1
2026-05-27 12:53:51,732 - INFO - Found 75 cycles matching AEA1415R1.260514.1
2026-05-27 12:53:59,714 - INFO - Fetched details for cycle CNTKPIT-C1505
2026-05-27 12:54:00,267 - INFO - Updated result for CNTKPIT-T74 in cycle CNTKPIT-C1505
2026-05-27 12:54:00,950 - INFO - Updated result for CNTKPIT-T78 in cycle CNTKPIT-C1505
2026-05-27 12:54:01,219 - INFO - Fetched details for cycle CNTKPIT-C1504
2026-05-27 12:54:01,677 - INFO - Updated result for CNTKPIT-T74 in cycle CNTKPIT-C1504
2026-05-27 12:54:02,344 - INFO - Updated result for CNTKPIT-T78 in cycle CNTKPIT-C1504
2026-05-27 12:54:02,626 - INFO - Fetched details for cycle CNTKPIT-C1503
2026-05-27 12:54:03,068 - INFO - Updated result for CNTKPIT-T74 in cycle CNTKPIT-C1503
2026-05-27 12:54:03,738 - INFO - Updated result for CNTKPIT-T78 in cycle CNTKPIT-C1503
2026-05-27 12:54:03,994 - INFO - Fetched details for cycle CNTKPIT-C1502
2026-05-27 12:54:04,436 - INFO - Updated result for CNTKPIT-T74 in cycle CNTKPIT-C1502
2026-05-27 12:54:05,105 - INFO - Updated result for CNTKPIT-T78 in cycle CNTKPIT-C1502
2026-05-27 12:54:05,375 - INFO - Fetched details for cycle CNTKPIT-C1501
2026-05-27 12:54:05,813 - INFO - Updated result for CNTKPIT-T74 in cycle CNTKPIT-C1501
2026-05-27 12:54:06,484 - INFO - Updated result for CNTKPIT-T78 in cycle CNTKPIT-C1501
2026-05-27 12:54:06,733 - INFO - Fetched details for cycle CNTKPIT-C1500
2026-05-27 12:54:07,177 - INFO - Updated result for CNTKPIT-T74 in cycle CNTKPIT-C1500
2026-05-27 12:54:07,835 - INFO - Updated result for CNTKPIT-T78 in cycle CNTKPIT-C1500
2026-05-27 12:54:08,088 - INFO - Fetched details for cycle CNTKPIT-C1499
2026-05-27 12:54:08,536 - INFO - Updated result for CNTKPIT-T74 in cycle CNTKPIT-C1499
2026-05-27 12:54:09,228 - INFO - Updated result for CNTKPIT-T78 in cycle CNTKPIT-C1499
2026-05-27 12:54:09,495 - INFO - Fetched details for cycle CNTKPIT-C1498
2026-05-27 12:54:09,938 - INFO - Updated result for CNTKPIT-T74 in cycle CNTKPIT-C1498
2026-05-27 12:54:10,604 - INFO - Updated result for CNTKPIT-T78 in cycle CNTKPIT-C1498
2026-05-27 12:54:10,862 - INFO - Fetched details for cycle CNTKPIT-C1497
2026-05-27 12:54:11,315 - INFO - Updated result for CNTKPIT-T74 in cycle CNTKPIT-C1497
2026-05-27 12:54:12,001 - INFO - Updated result for CNTKPIT-T78 in cycle CNTKPIT-C1497
2026-05-27 12:54:12,274 - INFO - Fetched details for cycle CNTKPIT-C1496
2026-05-27 12:54:12,729 - INFO - Updated result for CNTKPIT-T74 in cycle CNTKPIT-C1496
2026-05-27 12:54:13,411 - INFO - Updated result for CNTKPIT-T78 in cycle CNTKPIT-C1496
2026-05-27 12:54:13,675 - INFO - Fetched details for cycle CNTKPIT-C1495
2026-05-27 12:54:14,135 - INFO - Updated result for CNTKPIT-T74 in cycle CNTKPIT-C1495
2026-05-27 12:54:14,838 - INFO - Updated result for CNTKPIT-T78 in cycle CNTKPIT-C1495
2026-05-27 12:54:15,104 - INFO - Fetched details for cycle CNTKPIT-C1494
2026-05-27 12:54:15,545 - INFO - Updated result for CNTKPIT-T74 in cycle CNTKPIT-C1494
2026-05-27 12:54:16,230 - INFO - Updated result for CNTKPIT-T78 in cycle CNTKPIT-C1494
2026-05-27 12:54:16,504 - INFO - Fetched details for cycle CNTKPIT-C1493
2026-05-27 12:54:16,976 - INFO - Updated result for CNTKPIT-T74 in cycle CNTKPIT-C1493
2026-05-27 12:54:17,689 - INFO - Updated result for CNTKPIT-T78 in cycle CNTKPIT-C1493
2026-05-27 12:54:17,944 - INFO - Fetched details for cycle CNTKPIT-C1492
2026-05-27 12:54:18,390 - INFO - Updated result for CNTKPIT-T74 in cycle CNTKPIT-C1492
2026-05-27 12:54:19,062 - INFO - Updated result for CNTKPIT-T78 in cycle CNTKPIT-C1492
2026-05-27 12:54:19,359 - INFO - Fetched details for cycle CNTKPIT-C1491
2026-05-27 12:54:19,898 - INFO - Updated result for CNTKPIT-T74 in cycle CNTKPIT-C1491
2026-05-27 12:54:20,669 - INFO - Updated result for CNTKPIT-T78 in cycle CNTKPIT-C1491
2026-05-27 12:54:20,975 - INFO - Fetched details for cycle CNTKPIT-C1490
2026-05-27 12:54:21,462 - INFO - Updated result for CNTKPIT-T74 in cycle CNTKPIT-C1490
2026-05-27 12:54:22,235 - INFO - Updated result for CNTKPIT-T78 in cycle CNTKPIT-C1490
2026-05-27 12:54:22,545 - INFO - Fetched details for cycle CNTKPIT-C1489
2026-05-27 12:54:23,020 - INFO - Updated result for CNTKPIT-T74 in cycle CNTKPIT-C1489
2026-05-27 12:54:23,756 - INFO - Updated result for CNTKPIT-T78 in cycle CNTKPIT-C1489
2026-05-27 12:54:24,051 - INFO - Fetched details for cycle CNTKPIT-C1488
2026-05-27 12:54:24,540 - INFO - Updated result for CNTKPIT-T74 in cycle CNTKPIT-C1488
2026-05-27 12:54:25,312 - INFO - Updated result for CNTKPIT-T78 in cycle CNTKPIT-C1488
2026-05-27 12:54:25,662 - INFO - Fetched details for cycle CNTKPIT-C1487
2026-05-27 12:54:26,160 - INFO - Updated result for CNTKPIT-T74 in cycle CNTKPIT-C1487
2026-05-27 12:54:26,922 - INFO - Updated result for CNTKPIT-T78 in cycle CNTKPIT-C1487
2026-05-27 12:54:27,205 - INFO - Fetched details for cycle CNTKPIT-C1486
2026-05-27 12:54:27,688 - INFO - Updated result for CNTKPIT-T74 in cycle CNTKPIT-C1486
2026-05-27 12:54:28,438 - INFO - Updated result for CNTKPIT-T78 in cycle CNTKPIT-C1486
2026-05-27 12:54:28,743 - INFO - Fetched details for cycle CNTKPIT-C1485
2026-05-27 12:54:29,236 - INFO - Updated result for CNTKPIT-T74 in cycle CNTKPIT-C1485
2026-05-27 12:54:29,985 - INFO - Updated result for CNTKPIT-T78 in cycle CNTKPIT-C1485
2026-05-27 12:54:30,273 - INFO - Fetched details for cycle CNTKPIT-C1484
2026-05-27 12:54:30,770 - INFO - Updated result for CNTKPIT-T74 in cycle CNTKPIT-C1484
2026-05-27 12:54:31,538 - INFO - Updated result for CNTKPIT-T78 in cycle CNTKPIT-C1484
2026-05-27 12:54:31,857 - INFO - Fetched details for cycle CNTKPIT-C1483
2026-05-27 12:54:32,371 - INFO - Updated result for CNTKPIT-T74 in cycle CNTKPIT-C1483
2026-05-27 12:54:33,142 - INFO - Updated result for CNTKPIT-T78 in cycle CNTKPIT-C1483
2026-05-27 12:54:33,455 - INFO - Fetched details for cycle CNTKPIT-C1482
2026-05-27 12:54:33,995 - INFO - Updated result for CNTKPIT-T74 in cycle CNTKPIT-C1482
2026-05-27 12:54:34,793 - INFO - Updated result for CNTKPIT-T78 in cycle CNTKPIT-C1482
2026-05-27 12:54:35,122 - INFO - Fetched details for cycle CNTKPIT-C1481
2026-05-27 12:54:35,626 - INFO - Updated result for CNTKPIT-T74 in cycle CNTKPIT-C1481
2026-05-27 12:54:36,417 - INFO - Updated result for CNTKPIT-T78 in cycle CNTKPIT-C1481
2026-05-27 12:54:36,739 - INFO - Fetched details for cycle CNTKPIT-C1480
2026-05-27 12:54:37,261 - INFO - Updated result for CNTKPIT-T74 in cycle CNTKPIT-C1480
2026-05-27 12:54:38,066 - INFO - Updated result for CNTKPIT-T78 in cycle CNTKPIT-C1480
2026-05-27 12:54:38,383 - INFO - Fetched details for cycle CNTKPIT-C1479
2026-05-27 12:54:39,000 - INFO - Updated result for CNTKPIT-T74 in cycle CNTKPIT-C1479
2026-05-27 12:54:39,806 - INFO - Updated result for CNTKPIT-T78 in cycle CNTKPIT-C1479
2026-05-27 12:54:40,126 - INFO - Fetched details for cycle CNTKPIT-C1478
2026-05-27 12:54:40,629 - INFO - Updated result for CNTKPIT-T74 in cycle CNTKPIT-C1478
2026-05-27 12:54:41,459 - INFO - Updated result for CNTKPIT-T78 in cycle CNTKPIT-C1478
2026-05-27 12:54:41,786 - INFO - Fetched details for cycle CNTKPIT-C1477
2026-05-27 12:54:42,310 - INFO - Updated result for CNTKPIT-T74 in cycle CNTKPIT-C1477
2026-05-27 12:54:43,087 - INFO - Updated result for CNTKPIT-T78 in cycle CNTKPIT-C1477
2026-05-27 12:54:43,424 - INFO - Fetched details for cycle CNTKPIT-C1476
2026-05-27 12:54:43,983 - INFO - Updated result for CNTKPIT-T74 in cycle CNTKPIT-C1476
2026-05-27 12:54:45,026 - INFO - Updated result for CNTKPIT-T78 in cycle CNTKPIT-C1476
2026-05-27 12:54:45,402 - INFO - Fetched details for cycle CNTKPIT-C1475
2026-05-27 12:54:46,014 - INFO - Updated result for CNTKPIT-T74 in cycle CNTKPIT-C1475
2026-05-27 12:54:46,981 - INFO - Updated result for CNTKPIT-T78 in cycle CNTKPIT-C1475
2026-05-27 12:54:47,331 - INFO - Fetched details for cycle CNTKPIT-C1474
2026-05-27 12:54:47,844 - INFO - Updated result for CNTKPIT-T74 in cycle CNTKPIT-C1474
2026-05-27 12:54:48,803 - INFO - Updated result for CNTKPIT-T78 in cycle CNTKPIT-C1474
2026-05-27 12:54:49,299 - INFO - Fetched details for cycle CNTKPIT-C1473
2026-05-27 12:54:49,902 - INFO - Updated result for CNTKPIT-T74 in cycle CNTKPIT-C1473
2026-05-27 12:54:50,816 - INFO - Updated result for CNTKPIT-T78 in cycle CNTKPIT-C1473
2026-05-27 12:54:51,235 - INFO - Fetched details for cycle CNTKPIT-C1472
2026-05-27 12:54:51,787 - INFO - Updated result for CNTKPIT-T74 in cycle CNTKPIT-C1472
2026-05-27 12:54:52,821 - INFO - Updated result for CNTKPIT-T78 in cycle CNTKPIT-C1472
2026-05-27 12:54:53,189 - INFO - Fetched details for cycle CNTKPIT-C1471
2026-05-27 12:54:53,714 - INFO - Updated result for CNTKPIT-T74 in cycle CNTKPIT-C1471
2026-05-27 12:54:54,471 - INFO - Updated result for CNTKPIT-T78 in cycle CNTKPIT-C1471
2026-05-27 12:54:54,743 - INFO - Fetched details for cycle CNTKPIT-C1470
2026-05-27 12:54:55,194 - INFO - Updated result for CNTKPIT-T74 in cycle CNTKPIT-C1470
2026-05-27 12:54:55,883 - INFO - Updated result for CNTKPIT-T78 in cycle CNTKPIT-C1470
2026-05-27 12:54:56,138 - INFO - Fetched details for cycle CNTKPIT-C1469
2026-05-27 12:54:56,599 - INFO - Updated result for CNTKPIT-T74 in cycle CNTKPIT-C1469
2026-05-27 12:54:57,286 - INFO - Updated result for CNTKPIT-T78 in cycle CNTKPIT-C1469
2026-05-27 12:54:57,541 - INFO - Fetched details for cycle CNTKPIT-C1468
2026-05-27 12:54:57,977 - INFO - Updated result for CNTKPIT-T74 in cycle CNTKPIT-C1468
2026-05-27 12:54:58,731 - INFO - Updated result for CNTKPIT-T78 in cycle CNTKPIT-C1468
2026-05-27 12:54:59,004 - INFO - Fetched details for cycle CNTKPIT-C1467
2026-05-27 12:54:59,458 - INFO - Updated result for CNTKPIT-T74 in cycle CNTKPIT-C1467
2026-05-27 12:55:00,117 - INFO - Updated result for CNTKPIT-T78 in cycle CNTKPIT-C1467
2026-05-27 12:55:00,420 - INFO - Fetched details for cycle CNTKPIT-C1466
2026-05-27 12:55:00,867 - INFO - Updated result for CNTKPIT-T74 in cycle CNTKPIT-C1466
2026-05-27 12:55:01,553 - INFO - Updated result for CNTKPIT-T78 in cycle CNTKPIT-C1466
2026-05-27 12:55:01,811 - INFO - Fetched details for cycle CNTKPIT-C1465
2026-05-27 12:55:02,265 - INFO - Updated result for CNTKPIT-T74 in cycle CNTKPIT-C1465
2026-05-27 12:55:02,952 - INFO - Updated result for CNTKPIT-T78 in cycle CNTKPIT-C1465
2026-05-27 12:55:03,217 - INFO - Fetched details for cycle CNTKPIT-C1464
2026-05-27 12:55:03,658 - INFO - Updated result for CNTKPIT-T74 in cycle CNTKPIT-C1464
2026-05-27 12:55:04,331 - INFO - Updated result for CNTKPIT-T78 in cycle CNTKPIT-C1464
2026-05-27 12:55:04,632 - INFO - Fetched details for cycle CNTKPIT-C1463
2026-05-27 12:55:05,082 - INFO - Updated result for CNTKPIT-T74 in cycle CNTKPIT-C1463
2026-05-27 12:55:05,763 - INFO - Updated result for CNTKPIT-T78 in cycle CNTKPIT-C1463
2026-05-27 12:55:06,031 - INFO - Fetched details for cycle CNTKPIT-C1462
2026-05-27 12:55:06,481 - INFO - Updated result for CNTKPIT-T74 in cycle CNTKPIT-C1462
2026-05-27 12:55:07,138 - INFO - Updated result for CNTKPIT-T78 in cycle CNTKPIT-C1462
2026-05-27 12:55:07,389 - INFO - Fetched details for cycle CNTKPIT-C1461
2026-05-27 12:55:07,844 - INFO - Updated result for CNTKPIT-T74 in cycle CNTKPIT-C1461
2026-05-27 12:55:08,515 - INFO - Updated result for CNTKPIT-T78 in cycle CNTKPIT-C1461
2026-05-27 12:55:08,772 - INFO - Fetched details for cycle CNTKPIT-C1460
2026-05-27 12:55:09,201 - INFO - Updated result for CNTKPIT-T74 in cycle CNTKPIT-C1460
2026-05-27 12:55:09,877 - INFO - Updated result for CNTKPIT-T78 in cycle CNTKPIT-C1460
2026-05-27 12:55:10,127 - INFO - Fetched details for cycle CNTKPIT-C1459
2026-05-27 12:55:10,587 - INFO - Updated result for CNTKPIT-T74 in cycle CNTKPIT-C1459
2026-05-27 12:55:11,325 - INFO - Updated result for CNTKPIT-T78 in cycle CNTKPIT-C1459
2026-05-27 12:55:11,596 - INFO - Fetched details for cycle CNTKPIT-C1458
2026-05-27 12:55:12,034 - INFO - Updated result for CNTKPIT-T74 in cycle CNTKPIT-C1458
2026-05-27 12:55:12,693 - INFO - Updated result for CNTKPIT-T78 in cycle CNTKPIT-C1458
2026-05-27 12:55:12,949 - INFO - Fetched details for cycle CNTKPIT-C1457
2026-05-27 12:55:13,395 - INFO - Updated result for CNTKPIT-T74 in cycle CNTKPIT-C1457
2026-05-27 12:55:14,065 - INFO - Updated result for CNTKPIT-T78 in cycle CNTKPIT-C1457
2026-05-27 12:55:14,318 - INFO - Fetched details for cycle CNTKPIT-C1456
2026-05-27 12:55:14,769 - INFO - Updated result for CNTKPIT-T74 in cycle CNTKPIT-C1456
2026-05-27 12:55:15,430 - INFO - Updated result for CNTKPIT-T78 in cycle CNTKPIT-C1456
2026-05-27 12:55:15,699 - INFO - Fetched details for cycle CNTKPIT-C1455
2026-05-27 12:55:16,149 - INFO - Updated result for CNTKPIT-T74 in cycle CNTKPIT-C1455
2026-05-27 12:55:16,869 - INFO - Updated result for CNTKPIT-T78 in cycle CNTKPIT-C1455
2026-05-27 12:55:17,120 - INFO - Fetched details for cycle CNTKPIT-C1454
2026-05-27 12:55:17,568 - INFO - Updated result for CNTKPIT-T74 in cycle CNTKPIT-C1454
2026-05-27 12:55:18,244 - INFO - Updated result for CNTKPIT-T78 in cycle CNTKPIT-C1454
2026-05-27 12:55:18,497 - INFO - Fetched details for cycle CNTKPIT-C1453
2026-05-27 12:55:18,940 - INFO - Updated result for CNTKPIT-T74 in cycle CNTKPIT-C1453
2026-05-27 12:55:19,701 - INFO - Updated result for CNTKPIT-T78 in cycle CNTKPIT-C1453
2026-05-27 12:55:20,007 - INFO - Fetched details for cycle CNTKPIT-C1452
2026-05-27 12:55:20,519 - INFO - Updated result for CNTKPIT-T74 in cycle CNTKPIT-C1452
2026-05-27 12:55:21,188 - INFO - Updated result for CNTKPIT-T78 in cycle CNTKPIT-C1452
2026-05-27 12:55:21,480 - INFO - Fetched details for cycle CNTKPIT-C1451
2026-05-27 12:55:21,984 - INFO - Updated result for CNTKPIT-T74 in cycle CNTKPIT-C1451
2026-05-27 12:55:22,695 - INFO - Updated result for CNTKPIT-T78 in cycle CNTKPIT-C1451
2026-05-27 12:55:22,945 - INFO - Fetched details for cycle CNTKPIT-C1450
2026-05-27 12:55:23,375 - INFO - Updated result for CNTKPIT-T74 in cycle CNTKPIT-C1450
2026-05-27 12:55:24,100 - INFO - Updated result for CNTKPIT-T78 in cycle CNTKPIT-C1450
2026-05-27 12:55:24,369 - INFO - Fetched details for cycle CNTKPIT-C1449
2026-05-27 12:55:24,823 - INFO - Updated result for CNTKPIT-T74 in cycle CNTKPIT-C1449
2026-05-27 12:55:25,496 - INFO - Updated result for CNTKPIT-T78 in cycle CNTKPIT-C1449
2026-05-27 12:55:25,753 - INFO - Fetched details for cycle CNTKPIT-C1448
2026-05-27 12:55:26,194 - INFO - Updated result for CNTKPIT-T74 in cycle CNTKPIT-C1448
2026-05-27 12:55:26,885 - INFO - Updated result for CNTKPIT-T78 in cycle CNTKPIT-C1448
2026-05-27 12:55:27,149 - INFO - Fetched details for cycle CNTKPIT-C1447
2026-05-27 12:55:27,606 - INFO - Updated result for CNTKPIT-T74 in cycle CNTKPIT-C1447
2026-05-27 12:55:28,263 - INFO - Updated result for CNTKPIT-T78 in cycle CNTKPIT-C1447
2026-05-27 12:55:28,528 - INFO - Fetched details for cycle CNTKPIT-C1446
2026-05-27 12:55:28,973 - INFO - Updated result for CNTKPIT-T74 in cycle CNTKPIT-C1446
2026-05-27 12:55:29,655 - INFO - Updated result for CNTKPIT-T78 in cycle CNTKPIT-C1446
2026-05-27 12:55:29,911 - INFO - Fetched details for cycle CNTKPIT-C1445
2026-05-27 12:55:30,349 - INFO - Updated result for CNTKPIT-T74 in cycle CNTKPIT-C1445
2026-05-27 12:55:31,021 - INFO - Updated result for CNTKPIT-T78 in cycle CNTKPIT-C1445
2026-05-27 12:55:31,293 - INFO - Fetched details for cycle CNTKPIT-C1444
2026-05-27 12:55:31,740 - INFO - Updated result for CNTKPIT-T74 in cycle CNTKPIT-C1444
2026-05-27 12:55:32,418 - INFO - Updated result for CNTKPIT-T78 in cycle CNTKPIT-C1444
2026-05-27 12:55:32,677 - INFO - Fetched details for cycle CNTKPIT-C1443
2026-05-27 12:55:33,118 - INFO - Updated result for CNTKPIT-T74 in cycle CNTKPIT-C1443
2026-05-27 12:55:33,786 - INFO - Updated result for CNTKPIT-T78 in cycle CNTKPIT-C1443
2026-05-27 12:55:34,044 - INFO - Fetched details for cycle CNTKPIT-C1442
2026-05-27 12:55:34,587 - INFO - Updated result for CNTKPIT-T74 in cycle CNTKPIT-C1442
2026-05-27 12:55:35,291 - INFO - Updated result for CNTKPIT-T78 in cycle CNTKPIT-C1442
2026-05-27 12:55:35,573 - INFO - Fetched details for cycle CNTKPIT-C1441
2026-05-27 12:55:36,038 - INFO - Updated result for CNTKPIT-T74 in cycle CNTKPIT-C1441
2026-05-27 12:55:36,718 - INFO - Updated result for CNTKPIT-T78 in cycle CNTKPIT-C1441
2026-05-27 12:55:36,983 - INFO - Fetched details for cycle CNTKPIT-C1440
2026-05-27 12:55:37,419 - INFO - Updated result for CNTKPIT-T74 in cycle CNTKPIT-C1440
2026-05-27 12:55:38,065 - INFO - Updated result for CNTKPIT-T78 in cycle CNTKPIT-C1440
2026-05-27 12:55:38,325 - INFO - Fetched details for cycle CNTKPIT-C1439
2026-05-27 12:55:38,767 - INFO - Updated result for CNTKPIT-T74 in cycle CNTKPIT-C1439
2026-05-27 12:55:39,443 - INFO - Updated result for CNTKPIT-T78 in cycle CNTKPIT-C1439
2026-05-27 12:55:39,711 - INFO - Fetched details for cycle CNTKPIT-C1438
2026-05-27 12:55:40,166 - INFO - Updated result for CNTKPIT-T74 in cycle CNTKPIT-C1438
2026-05-27 12:55:40,845 - INFO - Updated result for CNTKPIT-T78 in cycle CNTKPIT-C1438
2026-05-27 12:55:41,094 - INFO - Fetched details for cycle CNTKPIT-C1437
2026-05-27 12:55:41,550 - INFO - Updated result for CNTKPIT-T74 in cycle CNTKPIT-C1437
2026-05-27 12:55:42,227 - INFO - Updated result for CNTKPIT-T78 in cycle CNTKPIT-C1437
2026-05-27 12:55:42,491 - INFO - Fetched details for cycle CNTKPIT-C1436
2026-05-27 12:55:42,926 - INFO - Updated result for CNTKPIT-T74 in cycle CNTKPIT-C1436
2026-05-27 12:55:43,594 - INFO - Updated result for CNTKPIT-T78 in cycle CNTKPIT-C1436
2026-05-27 12:55:43,852 - INFO - Fetched details for cycle CNTKPIT-C1435
2026-05-27 12:55:44,300 - INFO - Updated result for CNTKPIT-T74 in cycle CNTKPIT-C1435
2026-05-27 12:55:45,016 - INFO - Updated result for CNTKPIT-T78 in cycle CNTKPIT-C1435
2026-05-27 12:55:45,290 - INFO - Fetched details for cycle CNTKPIT-C1434
2026-05-27 12:55:45,774 - INFO - Updated result for CNTKPIT-T74 in cycle CNTKPIT-C1434
2026-05-27 12:55:46,527 - INFO - Updated result for CNTKPIT-T78 in cycle CNTKPIT-C1434
2026-05-27 12:55:46,807 - INFO - Fetched details for cycle CNTKPIT-C1433
2026-05-27 12:55:47,266 - INFO - Updated result for CNTKPIT-T74 in cycle CNTKPIT-C1433
2026-05-27 12:55:47,926 - INFO - Updated result for CNTKPIT-T78 in cycle CNTKPIT-C1433
2026-05-27 12:55:48,205 - INFO - Fetched details for cycle CNTKPIT-C1432
2026-05-27 12:55:48,644 - INFO - Updated result for CNTKPIT-T74 in cycle CNTKPIT-C1432
2026-05-27 12:55:49,355 - INFO - Updated result for CNTKPIT-T78 in cycle CNTKPIT-C1432
2026-05-27 12:55:49,659 - INFO - Fetched details for cycle CNTKPIT-C1431
2026-05-27 12:55:50,148 - INFO - Updated result for CNTKPIT-T74 in cycle CNTKPIT-C1431
2026-05-27 12:55:50,835 - INFO - Updated result for CNTKPIT-T78 in cycle CNTKPIT-C1431
2026-05-27 17:22:54,012 - INFO - Found 75 cycles matching AEA1415R1.260514.1
2026-05-27 17:23:20,539 - INFO - Fetched details for cycle CNTKPIT-C1580
2026-05-27 17:23:21,235 - INFO - Updated result for CNTKPIT-T44 in cycle CNTKPIT-C1580
2026-05-27 17:23:21,524 - INFO - Fetched details for cycle CNTKPIT-C1579
2026-05-27 17:23:22,083 - INFO - Updated result for CNTKPIT-T44 in cycle CNTKPIT-C1579
2026-05-27 17:23:22,367 - INFO - Fetched details for cycle CNTKPIT-C1578
2026-05-27 17:23:22,949 - INFO - Updated result for CNTKPIT-T44 in cycle CNTKPIT-C1578
2026-05-27 17:23:23,238 - INFO - Fetched details for cycle CNTKPIT-C1577
2026-05-27 17:23:23,770 - INFO - Updated result for CNTKPIT-T44 in cycle CNTKPIT-C1577
2026-05-27 17:23:24,064 - INFO - Fetched details for cycle CNTKPIT-C1576
2026-05-27 17:23:24,615 - INFO - Updated result for CNTKPIT-T44 in cycle CNTKPIT-C1576
2026-05-27 17:23:24,893 - INFO - Fetched details for cycle CNTKPIT-C1575
2026-05-27 17:23:25,430 - INFO - Updated result for CNTKPIT-T44 in cycle CNTKPIT-C1575
2026-05-27 17:23:25,706 - INFO - Fetched details for cycle CNTKPIT-C1574
2026-05-27 17:23:26,234 - INFO - Updated result for CNTKPIT-T44 in cycle CNTKPIT-C1574
2026-05-27 17:23:26,489 - INFO - Fetched details for cycle CNTKPIT-C1573
2026-05-27 17:23:27,048 - INFO - Updated result for CNTKPIT-T44 in cycle CNTKPIT-C1573
2026-05-27 17:23:27,305 - INFO - Fetched details for cycle CNTKPIT-C1572
2026-05-27 17:23:27,828 - INFO - Updated result for CNTKPIT-T44 in cycle CNTKPIT-C1572
2026-05-27 17:23:28,110 - INFO - Fetched details for cycle CNTKPIT-C1571
2026-05-27 17:23:28,629 - INFO - Updated result for CNTKPIT-T44 in cycle CNTKPIT-C1571
2026-05-27 17:23:28,885 - INFO - Fetched details for cycle CNTKPIT-C1570
2026-05-27 17:23:29,412 - INFO - Updated result for CNTKPIT-T44 in cycle CNTKPIT-C1570
2026-05-27 17:23:29,678 - INFO - Fetched details for cycle CNTKPIT-C1569
2026-05-27 17:23:30,235 - INFO - Updated result for CNTKPIT-T44 in cycle CNTKPIT-C1569
2026-05-27 17:23:30,495 - INFO - Fetched details for cycle CNTKPIT-C1568
2026-05-27 17:23:31,381 - INFO - Updated result for CNTKPIT-T44 in cycle CNTKPIT-C1568
2026-05-27 17:23:31,654 - INFO - Fetched details for cycle CNTKPIT-C1567
2026-05-27 17:23:32,179 - INFO - Updated result for CNTKPIT-T44 in cycle CNTKPIT-C1567
2026-05-27 17:23:32,451 - INFO - Fetched details for cycle CNTKPIT-C1566
2026-05-27 17:23:32,972 - INFO - Updated result for CNTKPIT-T44 in cycle CNTKPIT-C1566
2026-05-27 17:23:33,227 - INFO - Fetched details for cycle CNTKPIT-C1565
2026-05-27 17:23:33,742 - INFO - Updated result for CNTKPIT-T44 in cycle CNTKPIT-C1565
2026-05-27 17:23:34,034 - INFO - Fetched details for cycle CNTKPIT-C1564
2026-05-27 17:23:34,560 - INFO - Updated result for CNTKPIT-T44 in cycle CNTKPIT-C1564
2026-05-27 17:23:34,822 - INFO - Fetched details for cycle CNTKPIT-C1563
2026-05-27 17:23:35,361 - INFO - Updated result for CNTKPIT-T44 in cycle CNTKPIT-C1563
2026-05-27 17:23:35,635 - INFO - Fetched details for cycle CNTKPIT-C1562
2026-05-27 17:23:36,152 - INFO - Updated result for CNTKPIT-T44 in cycle CNTKPIT-C1562
2026-05-27 17:23:36,411 - INFO - Fetched details for cycle CNTKPIT-C1561
2026-05-27 17:23:36,943 - INFO - Updated result for CNTKPIT-T44 in cycle CNTKPIT-C1561
2026-05-27 17:23:37,218 - INFO - Fetched details for cycle CNTKPIT-C1560
2026-05-27 17:23:37,756 - INFO - Updated result for CNTKPIT-T44 in cycle CNTKPIT-C1560
2026-05-27 17:23:38,020 - INFO - Fetched details for cycle CNTKPIT-C1559
2026-05-27 17:23:38,555 - INFO - Updated result for CNTKPIT-T44 in cycle CNTKPIT-C1559
2026-05-27 17:23:38,852 - INFO - Fetched details for cycle CNTKPIT-C1558
2026-05-27 17:23:39,371 - INFO - Updated result for CNTKPIT-T44 in cycle CNTKPIT-C1558
2026-05-27 17:23:39,761 - INFO - Fetched details for cycle CNTKPIT-C1557
2026-05-27 17:23:40,280 - INFO - Updated result for CNTKPIT-T44 in cycle CNTKPIT-C1557
2026-05-27 17:23:40,565 - INFO - Fetched details for cycle CNTKPIT-C1556
2026-05-27 17:23:41,095 - INFO - Updated result for CNTKPIT-T44 in cycle CNTKPIT-C1556
2026-05-27 17:23:41,368 - INFO - Fetched details for cycle CNTKPIT-C1555
2026-05-27 17:23:41,888 - INFO - Updated result for CNTKPIT-T44 in cycle CNTKPIT-C1555
2026-05-27 17:23:42,160 - INFO - Fetched details for cycle CNTKPIT-C1554
2026-05-27 17:23:42,692 - INFO - Updated result for CNTKPIT-T44 in cycle CNTKPIT-C1554
2026-05-27 17:23:42,952 - INFO - Fetched details for cycle CNTKPIT-C1553
2026-05-27 17:23:43,467 - INFO - Updated result for CNTKPIT-T44 in cycle CNTKPIT-C1553
2026-05-27 17:23:43,750 - INFO - Fetched details for cycle CNTKPIT-C1552
2026-05-27 17:23:44,288 - INFO - Updated result for CNTKPIT-T44 in cycle CNTKPIT-C1552
2026-05-27 17:23:44,563 - INFO - Fetched details for cycle CNTKPIT-C1551
2026-05-27 17:23:45,085 - INFO - Updated result for CNTKPIT-T44 in cycle CNTKPIT-C1551
2026-05-27 17:23:45,358 - INFO - Fetched details for cycle CNTKPIT-C1550
2026-05-27 17:23:45,896 - INFO - Updated result for CNTKPIT-T44 in cycle CNTKPIT-C1550
2026-05-27 17:23:46,169 - INFO - Fetched details for cycle CNTKPIT-C1549
2026-05-27 17:23:46,688 - INFO - Updated result for CNTKPIT-T44 in cycle CNTKPIT-C1549
2026-05-27 17:23:46,957 - INFO - Fetched details for cycle CNTKPIT-C1548
2026-05-27 17:23:47,484 - INFO - Updated result for CNTKPIT-T44 in cycle CNTKPIT-C1548
2026-05-27 17:23:47,744 - INFO - Fetched details for cycle CNTKPIT-C1547
2026-05-27 17:23:48,306 - INFO - Updated result for CNTKPIT-T44 in cycle CNTKPIT-C1547
2026-05-27 17:23:48,568 - INFO - Fetched details for cycle CNTKPIT-C1546
2026-05-27 17:23:49,086 - INFO - Updated result for CNTKPIT-T44 in cycle CNTKPIT-C1546
2026-05-27 17:23:49,387 - INFO - Fetched details for cycle CNTKPIT-C1545
2026-05-27 17:23:49,987 - INFO - Updated result for CNTKPIT-T44 in cycle CNTKPIT-C1545
2026-05-27 17:23:50,245 - INFO - Fetched details for cycle CNTKPIT-C1544
2026-05-27 17:23:50,794 - INFO - Updated result for CNTKPIT-T44 in cycle CNTKPIT-C1544
2026-05-27 17:23:51,066 - INFO - Fetched details for cycle CNTKPIT-C1543
2026-05-27 17:23:51,640 - INFO - Updated result for CNTKPIT-T44 in cycle CNTKPIT-C1543
2026-05-27 17:23:51,913 - INFO - Fetched details for cycle CNTKPIT-C1542
2026-05-27 17:23:52,466 - INFO - Updated result for CNTKPIT-T44 in cycle CNTKPIT-C1542
2026-05-27 17:23:52,727 - INFO - Fetched details for cycle CNTKPIT-C1541
2026-05-27 17:23:53,237 - INFO - Updated result for CNTKPIT-T44 in cycle CNTKPIT-C1541
2026-05-27 17:23:53,496 - INFO - Fetched details for cycle CNTKPIT-C1540
2026-05-27 17:23:54,010 - INFO - Updated result for CNTKPIT-T44 in cycle CNTKPIT-C1540
2026-05-27 17:23:54,263 - INFO - Fetched details for cycle CNTKPIT-C1539
2026-05-27 17:23:54,767 - INFO - Updated result for CNTKPIT-T44 in cycle CNTKPIT-C1539
2026-05-27 17:23:55,025 - INFO - Fetched details for cycle CNTKPIT-C1538
2026-05-27 17:23:55,538 - INFO - Updated result for CNTKPIT-T44 in cycle CNTKPIT-C1538
2026-05-27 17:23:55,812 - INFO - Fetched details for cycle CNTKPIT-C1537
2026-05-27 17:23:56,377 - INFO - Updated result for CNTKPIT-T44 in cycle CNTKPIT-C1537
2026-05-27 17:23:56,654 - INFO - Fetched details for cycle CNTKPIT-C1536
2026-05-27 17:23:57,172 - INFO - Updated result for CNTKPIT-T44 in cycle CNTKPIT-C1536
2026-05-27 17:23:57,430 - INFO - Fetched details for cycle CNTKPIT-C1535
2026-05-27 17:23:57,950 - INFO - Updated result for CNTKPIT-T44 in cycle CNTKPIT-C1535
2026-05-27 17:23:58,248 - INFO - Fetched details for cycle CNTKPIT-C1534
2026-05-27 17:23:58,775 - INFO - Updated result for CNTKPIT-T44 in cycle CNTKPIT-C1534
2026-05-27 17:23:59,046 - INFO - Fetched details for cycle CNTKPIT-C1533
2026-05-27 17:23:59,574 - INFO - Updated result for CNTKPIT-T44 in cycle CNTKPIT-C1533
2026-05-27 17:23:59,838 - INFO - Fetched details for cycle CNTKPIT-C1532
2026-05-27 17:24:00,367 - INFO - Updated result for CNTKPIT-T44 in cycle CNTKPIT-C1532
2026-05-27 17:24:00,657 - INFO - Fetched details for cycle CNTKPIT-C1531
2026-05-27 17:24:01,202 - INFO - Updated result for CNTKPIT-T44 in cycle CNTKPIT-C1531
2026-05-27 17:24:01,498 - INFO - Fetched details for cycle CNTKPIT-C1530
2026-05-27 17:24:02,060 - INFO - Updated result for CNTKPIT-T44 in cycle CNTKPIT-C1530
2026-05-27 17:24:02,341 - INFO - Fetched details for cycle CNTKPIT-C1529
2026-05-27 17:24:02,894 - INFO - Updated result for CNTKPIT-T44 in cycle CNTKPIT-C1529
2026-05-27 17:24:03,172 - INFO - Fetched details for cycle CNTKPIT-C1528
2026-05-27 17:24:03,711 - INFO - Updated result for CNTKPIT-T44 in cycle CNTKPIT-C1528
2026-05-27 17:24:03,995 - INFO - Fetched details for cycle CNTKPIT-C1527
2026-05-27 17:24:04,519 - INFO - Updated result for CNTKPIT-T44 in cycle CNTKPIT-C1527
2026-05-27 17:24:04,791 - INFO - Fetched details for cycle CNTKPIT-C1526
2026-05-27 17:24:05,339 - INFO - Updated result for CNTKPIT-T44 in cycle CNTKPIT-C1526
2026-05-27 17:24:05,603 - INFO - Fetched details for cycle CNTKPIT-C1525
2026-05-27 17:24:06,126 - INFO - Updated result for CNTKPIT-T44 in cycle CNTKPIT-C1525
2026-05-27 17:24:06,392 - INFO - Fetched details for cycle CNTKPIT-C1524
2026-05-27 17:24:06,926 - INFO - Updated result for CNTKPIT-T44 in cycle CNTKPIT-C1524
2026-05-27 17:24:07,185 - INFO - Fetched details for cycle CNTKPIT-C1523
2026-05-27 17:24:07,712 - INFO - Updated result for CNTKPIT-T44 in cycle CNTKPIT-C1523
2026-05-27 17:24:07,980 - INFO - Fetched details for cycle CNTKPIT-C1522
2026-05-27 17:24:08,516 - INFO - Updated result for CNTKPIT-T44 in cycle CNTKPIT-C1522
2026-05-27 17:24:08,796 - INFO - Fetched details for cycle CNTKPIT-C1521
2026-05-27 17:24:09,317 - INFO - Updated result for CNTKPIT-T44 in cycle CNTKPIT-C1521
2026-05-27 17:24:09,574 - INFO - Fetched details for cycle CNTKPIT-C1520
2026-05-27 17:24:10,106 - INFO - Updated result for CNTKPIT-T44 in cycle CNTKPIT-C1520
2026-05-27 17:24:10,364 - INFO - Fetched details for cycle CNTKPIT-C1519
2026-05-27 17:24:10,946 - INFO - Updated result for CNTKPIT-T44 in cycle CNTKPIT-C1519
2026-05-27 17:24:11,218 - INFO - Fetched details for cycle CNTKPIT-C1518
2026-05-27 17:24:11,730 - INFO - Updated result for CNTKPIT-T44 in cycle CNTKPIT-C1518
2026-05-27 17:24:11,991 - INFO - Fetched details for cycle CNTKPIT-C1517
2026-05-27 17:24:12,563 - INFO - Updated result for CNTKPIT-T44 in cycle CNTKPIT-C1517
2026-05-27 17:24:12,820 - INFO - Fetched details for cycle CNTKPIT-C1516
2026-05-27 17:24:13,356 - INFO - Updated result for CNTKPIT-T44 in cycle CNTKPIT-C1516
2026-05-27 17:24:13,616 - INFO - Fetched details for cycle CNTKPIT-C1515
2026-05-27 17:24:14,137 - INFO - Updated result for CNTKPIT-T44 in cycle CNTKPIT-C1515
2026-05-27 17:24:14,422 - INFO - Fetched details for cycle CNTKPIT-C1514
2026-05-27 17:24:14,945 - INFO - Updated result for CNTKPIT-T44 in cycle CNTKPIT-C1514
2026-05-27 17:24:15,246 - INFO - Fetched details for cycle CNTKPIT-C1513
2026-05-27 17:24:15,777 - INFO - Updated result for CNTKPIT-T44 in cycle CNTKPIT-C1513
2026-05-27 17:24:16,048 - INFO - Fetched details for cycle CNTKPIT-C1512
2026-05-27 17:24:16,582 - INFO - Updated result for CNTKPIT-T44 in cycle CNTKPIT-C1512
2026-05-27 17:24:16,875 - INFO - Fetched details for cycle CNTKPIT-C1511
2026-05-27 17:24:17,391 - INFO - Updated result for CNTKPIT-T44 in cycle CNTKPIT-C1511
2026-05-27 17:24:17,992 - INFO - Fetched details for cycle CNTKPIT-C1510
2026-05-27 17:24:18,565 - INFO - Updated result for CNTKPIT-T44 in cycle CNTKPIT-C1510
2026-05-27 17:24:18,841 - INFO - Fetched details for cycle CNTKPIT-C1509
2026-05-27 17:24:19,395 - INFO - Updated result for CNTKPIT-T44 in cycle CNTKPIT-C1509
2026-05-27 17:24:19,689 - INFO - Fetched details for cycle CNTKPIT-C1508
2026-05-27 17:24:20,288 - INFO - Updated result for CNTKPIT-T44 in cycle CNTKPIT-C1508
2026-05-27 17:24:20,578 - INFO - Fetched details for cycle CNTKPIT-C1507
2026-05-27 17:24:21,146 - INFO - Updated result for CNTKPIT-T44 in cycle CNTKPIT-C1507
2026-05-27 17:24:21,431 - INFO - Fetched details for cycle CNTKPIT-C1506
2026-05-27 17:24:21,978 - INFO - Updated result for CNTKPIT-T44 in cycle CNTKPIT-C1506
2026-05-27 17:26:33,315 - INFO - Found 75 cycles matching AEA1415R1.260514.1
2026-05-27 17:26:47,230 - INFO - Fetched details for cycle CNTKPIT-C1505
2026-05-27 17:26:47,854 - INFO - Updated result for CNTKPIT-T49 in cycle CNTKPIT-C1505
2026-05-27 17:26:48,424 - INFO - Updated result for CNTKPIT-T80 in cycle CNTKPIT-C1505
2026-05-27 17:26:49,002 - INFO - Updated result for CNTKPIT-T50 in cycle CNTKPIT-C1505
2026-05-27 17:26:49,252 - INFO - Fetched details for cycle CNTKPIT-C1504
2026-05-27 17:26:49,836 - INFO - Updated result for CNTKPIT-T49 in cycle CNTKPIT-C1504
2026-05-27 17:26:50,450 - INFO - Updated result for CNTKPIT-T80 in cycle CNTKPIT-C1504
2026-05-27 17:26:51,031 - INFO - Updated result for CNTKPIT-T50 in cycle CNTKPIT-C1504
2026-05-27 17:26:51,279 - INFO - Fetched details for cycle CNTKPIT-C1503
2026-05-27 17:26:51,833 - INFO - Updated result for CNTKPIT-T49 in cycle CNTKPIT-C1503
2026-05-27 17:26:52,436 - INFO - Updated result for CNTKPIT-T80 in cycle CNTKPIT-C1503
2026-05-27 17:26:52,999 - INFO - Updated result for CNTKPIT-T50 in cycle CNTKPIT-C1503
2026-05-27 17:26:53,246 - INFO - Fetched details for cycle CNTKPIT-C1502
2026-05-27 17:26:53,799 - INFO - Updated result for CNTKPIT-T49 in cycle CNTKPIT-C1502
2026-05-27 17:26:54,384 - INFO - Updated result for CNTKPIT-T80 in cycle CNTKPIT-C1502
2026-05-27 17:26:54,951 - INFO - Updated result for CNTKPIT-T50 in cycle CNTKPIT-C1502
2026-05-27 17:26:55,198 - INFO - Fetched details for cycle CNTKPIT-C1501
2026-05-27 17:26:55,765 - INFO - Updated result for CNTKPIT-T49 in cycle CNTKPIT-C1501
2026-05-27 17:26:56,336 - INFO - Updated result for CNTKPIT-T80 in cycle CNTKPIT-C1501
2026-05-27 17:26:56,890 - INFO - Updated result for CNTKPIT-T50 in cycle CNTKPIT-C1501
2026-05-27 17:26:57,141 - INFO - Fetched details for cycle CNTKPIT-C1500
2026-05-27 17:26:57,697 - INFO - Updated result for CNTKPIT-T49 in cycle CNTKPIT-C1500
2026-05-27 17:26:58,273 - INFO - Updated result for CNTKPIT-T80 in cycle CNTKPIT-C1500
2026-05-27 17:26:58,831 - INFO - Updated result for CNTKPIT-T50 in cycle CNTKPIT-C1500
2026-05-27 17:26:59,079 - INFO - Fetched details for cycle CNTKPIT-C1499
2026-05-27 17:26:59,629 - INFO - Updated result for CNTKPIT-T49 in cycle CNTKPIT-C1499
2026-05-27 17:27:00,211 - INFO - Updated result for CNTKPIT-T80 in cycle CNTKPIT-C1499
2026-05-27 17:27:00,852 - INFO - Updated result for CNTKPIT-T50 in cycle CNTKPIT-C1499
2026-05-27 17:27:01,102 - INFO - Fetched details for cycle CNTKPIT-C1498
2026-05-27 17:27:01,659 - INFO - Updated result for CNTKPIT-T49 in cycle CNTKPIT-C1498
2026-05-27 17:27:02,256 - INFO - Updated result for CNTKPIT-T80 in cycle CNTKPIT-C1498
2026-05-27 17:27:02,818 - INFO - Updated result for CNTKPIT-T50 in cycle CNTKPIT-C1498
2026-05-27 17:27:03,071 - INFO - Fetched details for cycle CNTKPIT-C1497
2026-05-27 17:27:03,621 - INFO - Updated result for CNTKPIT-T49 in cycle CNTKPIT-C1497
2026-05-27 17:27:04,209 - INFO - Updated result for CNTKPIT-T80 in cycle CNTKPIT-C1497
2026-05-27 17:27:04,781 - INFO - Updated result for CNTKPIT-T50 in cycle CNTKPIT-C1497
2026-05-27 17:27:05,031 - INFO - Fetched details for cycle CNTKPIT-C1496
2026-05-27 17:27:05,585 - INFO - Updated result for CNTKPIT-T49 in cycle CNTKPIT-C1496
2026-05-27 17:27:06,199 - INFO - Updated result for CNTKPIT-T80 in cycle CNTKPIT-C1496
2026-05-27 17:27:06,776 - INFO - Updated result for CNTKPIT-T50 in cycle CNTKPIT-C1496
2026-05-27 17:27:07,026 - INFO - Fetched details for cycle CNTKPIT-C1495
2026-05-27 17:27:07,581 - INFO - Updated result for CNTKPIT-T49 in cycle CNTKPIT-C1495
2026-05-27 17:27:08,155 - INFO - Updated result for CNTKPIT-T80 in cycle CNTKPIT-C1495
2026-05-27 17:27:08,724 - INFO - Updated result for CNTKPIT-T50 in cycle CNTKPIT-C1495
2026-05-27 17:27:08,984 - INFO - Fetched details for cycle CNTKPIT-C1494
2026-05-27 17:27:09,532 - INFO - Updated result for CNTKPIT-T49 in cycle CNTKPIT-C1494
2026-05-27 17:27:10,108 - INFO - Updated result for CNTKPIT-T80 in cycle CNTKPIT-C1494
2026-05-27 17:27:10,671 - INFO - Updated result for CNTKPIT-T50 in cycle CNTKPIT-C1494
2026-05-27 17:27:10,933 - INFO - Fetched details for cycle CNTKPIT-C1493
2026-05-27 17:27:11,496 - INFO - Updated result for CNTKPIT-T49 in cycle CNTKPIT-C1493
2026-05-27 17:27:12,103 - INFO - Updated result for CNTKPIT-T80 in cycle CNTKPIT-C1493
2026-05-27 17:27:12,664 - INFO - Updated result for CNTKPIT-T50 in cycle CNTKPIT-C1493
2026-05-27 17:27:12,913 - INFO - Fetched details for cycle CNTKPIT-C1492
2026-05-27 17:27:13,465 - INFO - Updated result for CNTKPIT-T49 in cycle CNTKPIT-C1492
2026-05-27 17:27:14,052 - INFO - Updated result for CNTKPIT-T80 in cycle CNTKPIT-C1492
2026-05-27 17:27:14,610 - INFO - Updated result for CNTKPIT-T50 in cycle CNTKPIT-C1492
2026-05-27 17:27:14,861 - INFO - Fetched details for cycle CNTKPIT-C1491
2026-05-27 17:27:15,419 - INFO - Updated result for CNTKPIT-T49 in cycle CNTKPIT-C1491
2026-05-27 17:27:15,995 - INFO - Updated result for CNTKPIT-T80 in cycle CNTKPIT-C1491
2026-05-27 17:27:16,576 - INFO - Updated result for CNTKPIT-T50 in cycle CNTKPIT-C1491
2026-05-27 17:27:16,834 - INFO - Fetched details for cycle CNTKPIT-C1490
2026-05-27 17:27:17,388 - INFO - Updated result for CNTKPIT-T49 in cycle CNTKPIT-C1490
2026-05-27 17:27:17,970 - INFO - Updated result for CNTKPIT-T80 in cycle CNTKPIT-C1490
2026-05-27 17:27:18,565 - INFO - Updated result for CNTKPIT-T50 in cycle CNTKPIT-C1490
2026-05-27 17:27:18,816 - INFO - Fetched details for cycle CNTKPIT-C1489
2026-05-27 17:27:19,524 - INFO - Updated result for CNTKPIT-T49 in cycle CNTKPIT-C1489
2026-05-27 17:27:20,169 - INFO - Updated result for CNTKPIT-T80 in cycle CNTKPIT-C1489
2026-05-27 17:27:20,791 - INFO - Updated result for CNTKPIT-T50 in cycle CNTKPIT-C1489
2026-05-27 17:27:21,041 - INFO - Fetched details for cycle CNTKPIT-C1488
2026-05-27 17:27:21,613 - INFO - Updated result for CNTKPIT-T49 in cycle CNTKPIT-C1488
2026-05-27 17:27:22,226 - INFO - Updated result for CNTKPIT-T80 in cycle CNTKPIT-C1488
2026-05-27 17:27:22,814 - INFO - Updated result for CNTKPIT-T50 in cycle CNTKPIT-C1488
2026-05-27 17:27:23,064 - INFO - Fetched details for cycle CNTKPIT-C1487
2026-05-27 17:27:23,619 - INFO - Updated result for CNTKPIT-T49 in cycle CNTKPIT-C1487
2026-05-27 17:27:24,184 - INFO - Updated result for CNTKPIT-T80 in cycle CNTKPIT-C1487
2026-05-27 17:27:24,760 - INFO - Updated result for CNTKPIT-T50 in cycle CNTKPIT-C1487
2026-05-27 17:27:25,015 - INFO - Fetched details for cycle CNTKPIT-C1486
2026-05-27 17:27:25,566 - INFO - Updated result for CNTKPIT-T49 in cycle CNTKPIT-C1486
2026-05-27 17:27:26,142 - INFO - Updated result for CNTKPIT-T80 in cycle CNTKPIT-C1486
2026-05-27 17:27:26,724 - INFO - Updated result for CNTKPIT-T50 in cycle CNTKPIT-C1486
2026-05-27 17:27:26,971 - INFO - Fetched details for cycle CNTKPIT-C1485
2026-05-27 17:27:27,545 - INFO - Updated result for CNTKPIT-T49 in cycle CNTKPIT-C1485
2026-05-27 17:27:28,115 - INFO - Updated result for CNTKPIT-T80 in cycle CNTKPIT-C1485
2026-05-27 17:27:28,669 - INFO - Updated result for CNTKPIT-T50 in cycle CNTKPIT-C1485
2026-05-27 17:27:28,924 - INFO - Fetched details for cycle CNTKPIT-C1484
2026-05-27 17:27:29,478 - INFO - Updated result for CNTKPIT-T49 in cycle CNTKPIT-C1484
2026-05-27 17:27:30,047 - INFO - Updated result for CNTKPIT-T80 in cycle CNTKPIT-C1484
2026-05-27 17:27:30,621 - INFO - Updated result for CNTKPIT-T50 in cycle CNTKPIT-C1484
2026-05-27 17:27:30,869 - INFO - Fetched details for cycle CNTKPIT-C1483
2026-05-27 17:27:31,422 - INFO - Updated result for CNTKPIT-T49 in cycle CNTKPIT-C1483
2026-05-27 17:27:32,007 - INFO - Updated result for CNTKPIT-T80 in cycle CNTKPIT-C1483
2026-05-27 17:27:32,575 - INFO - Updated result for CNTKPIT-T50 in cycle CNTKPIT-C1483
2026-05-27 17:27:32,827 - INFO - Fetched details for cycle CNTKPIT-C1482
2026-05-27 17:27:33,395 - INFO - Updated result for CNTKPIT-T49 in cycle CNTKPIT-C1482
2026-05-27 17:27:33,980 - INFO - Updated result for CNTKPIT-T80 in cycle CNTKPIT-C1482
2026-05-27 17:27:34,544 - INFO - Updated result for CNTKPIT-T50 in cycle CNTKPIT-C1482
2026-05-27 17:27:34,798 - INFO - Fetched details for cycle CNTKPIT-C1481
2026-05-27 17:27:35,376 - INFO - Updated result for CNTKPIT-T49 in cycle CNTKPIT-C1481
2026-05-27 17:27:35,944 - INFO - Updated result for CNTKPIT-T80 in cycle CNTKPIT-C1481
2026-05-27 17:27:36,501 - INFO - Updated result for CNTKPIT-T50 in cycle CNTKPIT-C1481
2026-05-27 17:27:36,750 - INFO - Fetched details for cycle CNTKPIT-C1480
2026-05-27 17:27:37,292 - INFO - Updated result for CNTKPIT-T49 in cycle CNTKPIT-C1480
2026-05-27 17:27:37,869 - INFO - Updated result for CNTKPIT-T80 in cycle CNTKPIT-C1480
2026-05-27 17:27:38,501 - INFO - Updated result for CNTKPIT-T50 in cycle CNTKPIT-C1480
2026-05-27 17:27:38,761 - INFO - Fetched details for cycle CNTKPIT-C1479
2026-05-27 17:27:39,336 - INFO - Updated result for CNTKPIT-T49 in cycle CNTKPIT-C1479
2026-05-27 17:27:39,950 - INFO - Updated result for CNTKPIT-T80 in cycle CNTKPIT-C1479
2026-05-27 17:27:40,522 - INFO - Updated result for CNTKPIT-T50 in cycle CNTKPIT-C1479
2026-05-27 17:27:40,847 - INFO - Fetched details for cycle CNTKPIT-C1478
2026-05-27 17:27:41,409 - INFO - Updated result for CNTKPIT-T49 in cycle CNTKPIT-C1478
2026-05-27 17:27:42,010 - INFO - Updated result for CNTKPIT-T80 in cycle CNTKPIT-C1478
2026-05-27 17:27:42,585 - INFO - Updated result for CNTKPIT-T50 in cycle CNTKPIT-C1478
2026-05-27 17:27:42,838 - INFO - Fetched details for cycle CNTKPIT-C1477
2026-05-27 17:27:43,394 - INFO - Updated result for CNTKPIT-T49 in cycle CNTKPIT-C1477
2026-05-27 17:27:43,973 - INFO - Updated result for CNTKPIT-T80 in cycle CNTKPIT-C1477
2026-05-27 17:27:44,548 - INFO - Updated result for CNTKPIT-T50 in cycle CNTKPIT-C1477
2026-05-27 17:27:44,797 - INFO - Fetched details for cycle CNTKPIT-C1476
2026-05-27 17:27:45,354 - INFO - Updated result for CNTKPIT-T49 in cycle CNTKPIT-C1476
2026-05-27 17:27:45,929 - INFO - Updated result for CNTKPIT-T80 in cycle CNTKPIT-C1476
2026-05-27 17:27:46,486 - INFO - Updated result for CNTKPIT-T50 in cycle CNTKPIT-C1476
2026-05-27 17:27:46,735 - INFO - Fetched details for cycle CNTKPIT-C1475
2026-05-27 17:27:47,291 - INFO - Updated result for CNTKPIT-T49 in cycle CNTKPIT-C1475
2026-05-27 17:27:47,863 - INFO - Updated result for CNTKPIT-T80 in cycle CNTKPIT-C1475
2026-05-27 17:27:48,422 - INFO - Updated result for CNTKPIT-T50 in cycle CNTKPIT-C1475
2026-05-27 17:27:48,670 - INFO - Fetched details for cycle CNTKPIT-C1474
2026-05-27 17:27:49,229 - INFO - Updated result for CNTKPIT-T49 in cycle CNTKPIT-C1474
2026-05-27 17:27:50,225 - INFO - Updated result for CNTKPIT-T80 in cycle CNTKPIT-C1474
2026-05-27 17:27:50,840 - INFO - Updated result for CNTKPIT-T50 in cycle CNTKPIT-C1474
2026-05-27 17:27:51,127 - INFO - Fetched details for cycle CNTKPIT-C1473
2026-05-27 17:27:51,746 - INFO - Updated result for CNTKPIT-T49 in cycle CNTKPIT-C1473
2026-05-27 17:27:52,365 - INFO - Updated result for CNTKPIT-T80 in cycle CNTKPIT-C1473
2026-05-27 17:27:52,961 - INFO - Updated result for CNTKPIT-T50 in cycle CNTKPIT-C1473
2026-05-27 17:27:53,213 - INFO - Fetched details for cycle CNTKPIT-C1472
2026-05-27 17:27:53,800 - INFO - Updated result for CNTKPIT-T49 in cycle CNTKPIT-C1472
2026-05-27 17:27:54,394 - INFO - Updated result for CNTKPIT-T80 in cycle CNTKPIT-C1472
2026-05-27 17:27:54,960 - INFO - Updated result for CNTKPIT-T50 in cycle CNTKPIT-C1472
2026-05-27 17:27:55,210 - INFO - Fetched details for cycle CNTKPIT-C1471
2026-05-27 17:27:55,765 - INFO - Updated result for CNTKPIT-T49 in cycle CNTKPIT-C1471
2026-05-27 17:27:56,360 - INFO - Updated result for CNTKPIT-T80 in cycle CNTKPIT-C1471
2026-05-27 17:27:56,920 - INFO - Updated result for CNTKPIT-T50 in cycle CNTKPIT-C1471
2026-05-27 17:27:57,172 - INFO - Fetched details for cycle CNTKPIT-C1470
2026-05-27 17:27:57,727 - INFO - Updated result for CNTKPIT-T49 in cycle CNTKPIT-C1470
2026-05-27 17:27:58,303 - INFO - Updated result for CNTKPIT-T80 in cycle CNTKPIT-C1470
2026-05-27 17:27:58,865 - INFO - Updated result for CNTKPIT-T50 in cycle CNTKPIT-C1470
2026-05-27 17:27:59,459 - INFO - Fetched details for cycle CNTKPIT-C1469
2026-05-27 17:28:00,025 - INFO - Updated result for CNTKPIT-T49 in cycle CNTKPIT-C1469
2026-05-27 17:28:00,608 - INFO - Updated result for CNTKPIT-T80 in cycle CNTKPIT-C1469
2026-05-27 17:28:01,187 - INFO - Updated result for CNTKPIT-T50 in cycle CNTKPIT-C1469
2026-05-27 17:28:01,434 - INFO - Fetched details for cycle CNTKPIT-C1468
2026-05-27 17:28:02,000 - INFO - Updated result for CNTKPIT-T49 in cycle CNTKPIT-C1468
2026-05-27 17:28:02,575 - INFO - Updated result for CNTKPIT-T80 in cycle CNTKPIT-C1468
2026-05-27 17:28:03,157 - INFO - Updated result for CNTKPIT-T50 in cycle CNTKPIT-C1468
2026-05-27 17:28:03,407 - INFO - Fetched details for cycle CNTKPIT-C1467
2026-05-27 17:28:03,969 - INFO - Updated result for CNTKPIT-T49 in cycle CNTKPIT-C1467
2026-05-27 17:28:04,580 - INFO - Updated result for CNTKPIT-T80 in cycle CNTKPIT-C1467
2026-05-27 17:28:05,145 - INFO - Updated result for CNTKPIT-T50 in cycle CNTKPIT-C1467
2026-05-27 17:28:05,400 - INFO - Fetched details for cycle CNTKPIT-C1466
2026-05-27 17:28:05,946 - INFO - Updated result for CNTKPIT-T49 in cycle CNTKPIT-C1466
2026-05-27 17:28:06,524 - INFO - Updated result for CNTKPIT-T80 in cycle CNTKPIT-C1466
2026-05-27 17:28:07,086 - INFO - Updated result for CNTKPIT-T50 in cycle CNTKPIT-C1466
2026-05-27 17:28:07,338 - INFO - Fetched details for cycle CNTKPIT-C1465
2026-05-27 17:28:07,890 - INFO - Updated result for CNTKPIT-T49 in cycle CNTKPIT-C1465
2026-05-27 17:28:08,455 - INFO - Updated result for CNTKPIT-T80 in cycle CNTKPIT-C1465
2026-05-27 17:28:09,024 - INFO - Updated result for CNTKPIT-T50 in cycle CNTKPIT-C1465
2026-05-27 17:28:09,275 - INFO - Fetched details for cycle CNTKPIT-C1464
2026-05-27 17:28:09,832 - INFO - Updated result for CNTKPIT-T49 in cycle CNTKPIT-C1464
2026-05-27 17:28:10,407 - INFO - Updated result for CNTKPIT-T80 in cycle CNTKPIT-C1464
2026-05-27 17:28:10,984 - INFO - Updated result for CNTKPIT-T50 in cycle CNTKPIT-C1464
2026-05-27 17:28:11,235 - INFO - Fetched details for cycle CNTKPIT-C1463
2026-05-27 17:28:11,780 - INFO - Updated result for CNTKPIT-T49 in cycle CNTKPIT-C1463
2026-05-27 17:28:12,368 - INFO - Updated result for CNTKPIT-T80 in cycle CNTKPIT-C1463
2026-05-27 17:28:12,919 - INFO - Updated result for CNTKPIT-T50 in cycle CNTKPIT-C1463
2026-05-27 17:28:13,170 - INFO - Fetched details for cycle CNTKPIT-C1462
2026-05-27 17:28:13,721 - INFO - Updated result for CNTKPIT-T49 in cycle CNTKPIT-C1462
2026-05-27 17:28:14,303 - INFO - Updated result for CNTKPIT-T80 in cycle CNTKPIT-C1462
2026-05-27 17:28:14,893 - INFO - Updated result for CNTKPIT-T50 in cycle CNTKPIT-C1462
2026-05-27 17:28:15,179 - INFO - Fetched details for cycle CNTKPIT-C1461
2026-05-27 17:28:15,738 - INFO - Updated result for CNTKPIT-T49 in cycle CNTKPIT-C1461
2026-05-27 17:28:16,325 - INFO - Updated result for CNTKPIT-T80 in cycle CNTKPIT-C1461
2026-05-27 17:28:16,938 - INFO - Updated result for CNTKPIT-T50 in cycle CNTKPIT-C1461
2026-05-27 17:28:17,212 - INFO - Fetched details for cycle CNTKPIT-C1460
2026-05-27 17:28:17,836 - INFO - Updated result for CNTKPIT-T49 in cycle CNTKPIT-C1460
2026-05-27 17:28:18,438 - INFO - Updated result for CNTKPIT-T80 in cycle CNTKPIT-C1460
2026-05-27 17:28:19,000 - INFO - Updated result for CNTKPIT-T50 in cycle CNTKPIT-C1460
2026-05-27 17:28:19,259 - INFO - Fetched details for cycle CNTKPIT-C1459
2026-05-27 17:28:19,887 - INFO - Updated result for CNTKPIT-T49 in cycle CNTKPIT-C1459
2026-05-27 17:28:20,591 - INFO - Updated result for CNTKPIT-T80 in cycle CNTKPIT-C1459
2026-05-27 17:28:21,265 - INFO - Updated result for CNTKPIT-T50 in cycle CNTKPIT-C1459
2026-05-27 17:28:21,518 - INFO - Fetched details for cycle CNTKPIT-C1458
2026-05-27 17:28:22,085 - INFO - Updated result for CNTKPIT-T49 in cycle CNTKPIT-C1458
2026-05-27 17:28:22,687 - INFO - Updated result for CNTKPIT-T80 in cycle CNTKPIT-C1458
2026-05-27 17:28:23,251 - INFO - Updated result for CNTKPIT-T50 in cycle CNTKPIT-C1458
2026-05-27 17:28:23,506 - INFO - Fetched details for cycle CNTKPIT-C1457
2026-05-27 17:28:24,083 - INFO - Updated result for CNTKPIT-T49 in cycle CNTKPIT-C1457
2026-05-27 17:28:24,689 - INFO - Updated result for CNTKPIT-T80 in cycle CNTKPIT-C1457
2026-05-27 17:28:25,262 - INFO - Updated result for CNTKPIT-T50 in cycle CNTKPIT-C1457
2026-05-27 17:28:25,511 - INFO - Fetched details for cycle CNTKPIT-C1456
2026-05-27 17:28:26,061 - INFO - Updated result for CNTKPIT-T49 in cycle CNTKPIT-C1456
2026-05-27 17:28:26,637 - INFO - Updated result for CNTKPIT-T80 in cycle CNTKPIT-C1456
2026-05-27 17:28:27,204 - INFO - Updated result for CNTKPIT-T50 in cycle CNTKPIT-C1456
2026-05-27 17:28:27,452 - INFO - Fetched details for cycle CNTKPIT-C1455
2026-05-27 17:28:28,004 - INFO - Updated result for CNTKPIT-T49 in cycle CNTKPIT-C1455
2026-05-27 17:28:28,577 - INFO - Updated result for CNTKPIT-T80 in cycle CNTKPIT-C1455
2026-05-27 17:28:29,146 - INFO - Updated result for CNTKPIT-T50 in cycle CNTKPIT-C1455
2026-05-27 17:28:29,401 - INFO - Fetched details for cycle CNTKPIT-C1454
2026-05-27 17:28:29,970 - INFO - Updated result for CNTKPIT-T49 in cycle CNTKPIT-C1454
2026-05-27 17:28:30,541 - INFO - Updated result for CNTKPIT-T80 in cycle CNTKPIT-C1454
2026-05-27 17:28:31,105 - INFO - Updated result for CNTKPIT-T50 in cycle CNTKPIT-C1454
2026-05-27 17:28:31,356 - INFO - Fetched details for cycle CNTKPIT-C1453
2026-05-27 17:28:31,919 - INFO - Updated result for CNTKPIT-T49 in cycle CNTKPIT-C1453
2026-05-27 17:28:32,499 - INFO - Updated result for CNTKPIT-T80 in cycle CNTKPIT-C1453
2026-05-27 17:28:33,066 - INFO - Updated result for CNTKPIT-T50 in cycle CNTKPIT-C1453
2026-05-27 17:28:33,319 - INFO - Fetched details for cycle CNTKPIT-C1452
2026-05-27 17:28:33,877 - INFO - Updated result for CNTKPIT-T49 in cycle CNTKPIT-C1452
2026-05-27 17:28:34,464 - INFO - Updated result for CNTKPIT-T80 in cycle CNTKPIT-C1452
2026-05-27 17:28:35,023 - INFO - Updated result for CNTKPIT-T50 in cycle CNTKPIT-C1452
2026-05-27 17:28:35,278 - INFO - Fetched details for cycle CNTKPIT-C1451
2026-05-27 17:28:35,827 - INFO - Updated result for CNTKPIT-T49 in cycle CNTKPIT-C1451
2026-05-27 17:28:36,408 - INFO - Updated result for CNTKPIT-T80 in cycle CNTKPIT-C1451
2026-05-27 17:28:36,963 - INFO - Updated result for CNTKPIT-T50 in cycle CNTKPIT-C1451
2026-05-27 17:28:37,219 - INFO - Fetched details for cycle CNTKPIT-C1450
2026-05-27 17:28:37,758 - INFO - Updated result for CNTKPIT-T49 in cycle CNTKPIT-C1450
2026-05-27 17:28:38,327 - INFO - Updated result for CNTKPIT-T80 in cycle CNTKPIT-C1450
2026-05-27 17:28:38,878 - INFO - Updated result for CNTKPIT-T50 in cycle CNTKPIT-C1450
2026-05-27 17:28:39,126 - INFO - Fetched details for cycle CNTKPIT-C1449
2026-05-27 17:28:39,673 - INFO - Updated result for CNTKPIT-T49 in cycle CNTKPIT-C1449
2026-05-27 17:28:40,245 - INFO - Updated result for CNTKPIT-T80 in cycle CNTKPIT-C1449
2026-05-27 17:28:40,813 - INFO - Updated result for CNTKPIT-T50 in cycle CNTKPIT-C1449
2026-05-27 17:28:41,073 - INFO - Fetched details for cycle CNTKPIT-C1448
2026-05-27 17:28:41,620 - INFO - Updated result for CNTKPIT-T49 in cycle CNTKPIT-C1448
2026-05-27 17:28:42,200 - INFO - Updated result for CNTKPIT-T80 in cycle CNTKPIT-C1448
2026-05-27 17:28:42,774 - INFO - Updated result for CNTKPIT-T50 in cycle CNTKPIT-C1448
2026-05-27 17:28:43,023 - INFO - Fetched details for cycle CNTKPIT-C1447
2026-05-27 17:28:43,569 - INFO - Updated result for CNTKPIT-T49 in cycle CNTKPIT-C1447
2026-05-27 17:28:44,140 - INFO - Updated result for CNTKPIT-T80 in cycle CNTKPIT-C1447
2026-05-27 17:28:44,711 - INFO - Updated result for CNTKPIT-T50 in cycle CNTKPIT-C1447
2026-05-27 17:28:44,963 - INFO - Fetched details for cycle CNTKPIT-C1446
2026-05-27 17:28:45,501 - INFO - Updated result for CNTKPIT-T49 in cycle CNTKPIT-C1446
2026-05-27 17:28:46,079 - INFO - Updated result for CNTKPIT-T80 in cycle CNTKPIT-C1446
2026-05-27 17:28:46,643 - INFO - Updated result for CNTKPIT-T50 in cycle CNTKPIT-C1446
2026-05-27 17:28:46,891 - INFO - Fetched details for cycle CNTKPIT-C1445
2026-05-27 17:28:47,429 - INFO - Updated result for CNTKPIT-T49 in cycle CNTKPIT-C1445
2026-05-27 17:28:48,000 - INFO - Updated result for CNTKPIT-T80 in cycle CNTKPIT-C1445
2026-05-27 17:28:48,559 - INFO - Updated result for CNTKPIT-T50 in cycle CNTKPIT-C1445
2026-05-27 17:28:48,809 - INFO - Fetched details for cycle CNTKPIT-C1444
2026-05-27 17:28:49,395 - INFO - Updated result for CNTKPIT-T49 in cycle CNTKPIT-C1444
2026-05-27 17:28:50,034 - INFO - Updated result for CNTKPIT-T80 in cycle CNTKPIT-C1444
2026-05-27 17:28:50,590 - INFO - Updated result for CNTKPIT-T50 in cycle CNTKPIT-C1444
2026-05-27 17:28:50,845 - INFO - Fetched details for cycle CNTKPIT-C1443
2026-05-27 17:28:51,406 - INFO - Updated result for CNTKPIT-T49 in cycle CNTKPIT-C1443
2026-05-27 17:28:51,977 - INFO - Updated result for CNTKPIT-T80 in cycle CNTKPIT-C1443
2026-05-27 17:28:52,549 - INFO - Updated result for CNTKPIT-T50 in cycle CNTKPIT-C1443
2026-05-27 17:28:52,801 - INFO - Fetched details for cycle CNTKPIT-C1442
2026-05-27 17:28:53,400 - INFO - Updated result for CNTKPIT-T49 in cycle CNTKPIT-C1442
2026-05-27 17:28:53,996 - INFO - Updated result for CNTKPIT-T80 in cycle CNTKPIT-C1442
2026-05-27 17:28:54,575 - INFO - Updated result for CNTKPIT-T50 in cycle CNTKPIT-C1442
2026-05-27 17:28:54,855 - INFO - Fetched details for cycle CNTKPIT-C1441
2026-05-27 17:28:55,472 - INFO - Updated result for CNTKPIT-T49 in cycle CNTKPIT-C1441
2026-05-27 17:28:56,051 - INFO - Updated result for CNTKPIT-T80 in cycle CNTKPIT-C1441
2026-05-27 17:28:56,628 - INFO - Updated result for CNTKPIT-T50 in cycle CNTKPIT-C1441
2026-05-27 17:28:56,871 - INFO - Fetched details for cycle CNTKPIT-C1440
2026-05-27 17:28:57,428 - INFO - Updated result for CNTKPIT-T49 in cycle CNTKPIT-C1440
2026-05-27 17:28:58,005 - INFO - Updated result for CNTKPIT-T80 in cycle CNTKPIT-C1440
2026-05-27 17:28:58,573 - INFO - Updated result for CNTKPIT-T50 in cycle CNTKPIT-C1440
2026-05-27 17:28:58,827 - INFO - Fetched details for cycle CNTKPIT-C1439
2026-05-27 17:28:59,380 - INFO - Updated result for CNTKPIT-T49 in cycle CNTKPIT-C1439
2026-05-27 17:28:59,984 - INFO - Updated result for CNTKPIT-T80 in cycle CNTKPIT-C1439
2026-05-27 17:29:00,564 - INFO - Updated result for CNTKPIT-T50 in cycle CNTKPIT-C1439
2026-05-27 17:29:00,824 - INFO - Fetched details for cycle CNTKPIT-C1438
2026-05-27 17:29:01,378 - INFO - Updated result for CNTKPIT-T49 in cycle CNTKPIT-C1438
2026-05-27 17:29:01,965 - INFO - Updated result for CNTKPIT-T80 in cycle CNTKPIT-C1438
2026-05-27 17:29:02,538 - INFO - Updated result for CNTKPIT-T50 in cycle CNTKPIT-C1438
2026-05-27 17:29:02,788 - INFO - Fetched details for cycle CNTKPIT-C1437
2026-05-27 17:29:03,356 - INFO - Updated result for CNTKPIT-T49 in cycle CNTKPIT-C1437
2026-05-27 17:29:03,933 - INFO - Updated result for CNTKPIT-T80 in cycle CNTKPIT-C1437
2026-05-27 17:29:04,492 - INFO - Updated result for CNTKPIT-T50 in cycle CNTKPIT-C1437
2026-05-27 17:29:04,795 - INFO - Fetched details for cycle CNTKPIT-C1436
2026-05-27 17:29:05,360 - INFO - Updated result for CNTKPIT-T49 in cycle CNTKPIT-C1436
2026-05-27 17:29:05,941 - INFO - Updated result for CNTKPIT-T80 in cycle CNTKPIT-C1436
2026-05-27 17:29:06,505 - INFO - Updated result for CNTKPIT-T50 in cycle CNTKPIT-C1436
2026-05-27 17:29:06,754 - INFO - Fetched details for cycle CNTKPIT-C1435
2026-05-27 17:29:07,310 - INFO - Updated result for CNTKPIT-T49 in cycle CNTKPIT-C1435
2026-05-27 17:29:07,901 - INFO - Updated result for CNTKPIT-T80 in cycle CNTKPIT-C1435
2026-05-27 17:29:08,456 - INFO - Updated result for CNTKPIT-T50 in cycle CNTKPIT-C1435
2026-05-27 17:29:08,703 - INFO - Fetched details for cycle CNTKPIT-C1434
2026-05-27 17:29:09,264 - INFO - Updated result for CNTKPIT-T49 in cycle CNTKPIT-C1434
2026-05-27 17:29:09,875 - INFO - Updated result for CNTKPIT-T80 in cycle CNTKPIT-C1434
2026-05-27 17:29:10,433 - INFO - Updated result for CNTKPIT-T50 in cycle CNTKPIT-C1434
2026-05-27 17:29:10,689 - INFO - Fetched details for cycle CNTKPIT-C1433
2026-05-27 17:29:11,613 - INFO - Updated result for CNTKPIT-T49 in cycle CNTKPIT-C1433
2026-05-27 17:29:12,183 - INFO - Updated result for CNTKPIT-T80 in cycle CNTKPIT-C1433
2026-05-27 17:29:12,755 - INFO - Updated result for CNTKPIT-T50 in cycle CNTKPIT-C1433
2026-05-27 17:29:13,004 - INFO - Fetched details for cycle CNTKPIT-C1432
2026-05-27 17:29:13,549 - INFO - Updated result for CNTKPIT-T49 in cycle CNTKPIT-C1432
2026-05-27 17:29:14,111 - INFO - Updated result for CNTKPIT-T80 in cycle CNTKPIT-C1432
2026-05-27 17:29:14,690 - INFO - Updated result for CNTKPIT-T50 in cycle CNTKPIT-C1432
2026-05-27 17:29:14,950 - INFO - Fetched details for cycle CNTKPIT-C1431
2026-05-27 17:29:15,539 - INFO - Updated result for CNTKPIT-T49 in cycle CNTKPIT-C1431
2026-05-27 17:29:16,121 - INFO - Updated result for CNTKPIT-T80 in cycle CNTKPIT-C1431
2026-05-27 17:29:16,715 - INFO - Updated result for CNTKPIT-T50 in cycle CNTKPIT-C1431
2026-05-27 17:34:40,971 - INFO - Found 75 cycles matching AEA1415R1.260514.1
2026-05-27 17:34:44,997 - INFO - Fetched details for cycle CNTKPIT-C1505
2026-05-27 17:34:45,562 - INFO - Updated result for CNTKPIT-T71 in cycle CNTKPIT-C1505
2026-05-27 17:34:45,812 - INFO - Fetched details for cycle CNTKPIT-C1504
2026-05-27 17:34:46,315 - INFO - Updated result for CNTKPIT-T71 in cycle CNTKPIT-C1504
2026-05-27 17:34:46,587 - INFO - Fetched details for cycle CNTKPIT-C1503
2026-05-27 17:34:47,077 - INFO - Updated result for CNTKPIT-T71 in cycle CNTKPIT-C1503
2026-05-27 17:34:47,324 - INFO - Fetched details for cycle CNTKPIT-C1502
2026-05-27 17:34:47,817 - INFO - Updated result for CNTKPIT-T71 in cycle CNTKPIT-C1502
2026-05-27 17:34:48,081 - INFO - Fetched details for cycle CNTKPIT-C1501
2026-05-27 17:34:48,582 - INFO - Updated result for CNTKPIT-T71 in cycle CNTKPIT-C1501
2026-05-27 17:34:48,841 - INFO - Fetched details for cycle CNTKPIT-C1500
2026-05-27 17:34:49,347 - INFO - Updated result for CNTKPIT-T71 in cycle CNTKPIT-C1500
2026-05-27 17:34:49,595 - INFO - Fetched details for cycle CNTKPIT-C1499
2026-05-27 17:34:50,078 - INFO - Updated result for CNTKPIT-T71 in cycle CNTKPIT-C1499
2026-05-27 17:34:50,328 - INFO - Fetched details for cycle CNTKPIT-C1498
2026-05-27 17:34:50,819 - INFO - Updated result for CNTKPIT-T71 in cycle CNTKPIT-C1498
2026-05-27 17:34:51,147 - INFO - Fetched details for cycle CNTKPIT-C1497
2026-05-27 17:34:51,640 - INFO - Updated result for CNTKPIT-T71 in cycle CNTKPIT-C1497
2026-05-27 17:34:51,890 - INFO - Fetched details for cycle CNTKPIT-C1496
2026-05-27 17:34:52,424 - INFO - Updated result for CNTKPIT-T71 in cycle CNTKPIT-C1496
2026-05-27 17:34:52,725 - INFO - Fetched details for cycle CNTKPIT-C1495
2026-05-27 17:34:53,326 - INFO - Updated result for CNTKPIT-T71 in cycle CNTKPIT-C1495
2026-05-27 17:34:53,621 - INFO - Fetched details for cycle CNTKPIT-C1494
2026-05-27 17:34:54,168 - INFO - Updated result for CNTKPIT-T71 in cycle CNTKPIT-C1494
2026-05-27 17:34:54,421 - INFO - Fetched details for cycle CNTKPIT-C1493
2026-05-27 17:34:54,914 - INFO - Updated result for CNTKPIT-T71 in cycle CNTKPIT-C1493
2026-05-27 17:34:55,159 - INFO - Fetched details for cycle CNTKPIT-C1492
2026-05-27 17:34:55,668 - INFO - Updated result for CNTKPIT-T71 in cycle CNTKPIT-C1492
2026-05-27 17:34:55,918 - INFO - Fetched details for cycle CNTKPIT-C1491
2026-05-27 17:34:56,408 - INFO - Updated result for CNTKPIT-T71 in cycle CNTKPIT-C1491
2026-05-27 17:34:56,661 - INFO - Fetched details for cycle CNTKPIT-C1490
2026-05-27 17:34:57,144 - INFO - Updated result for CNTKPIT-T71 in cycle CNTKPIT-C1490
2026-05-27 17:34:57,398 - INFO - Fetched details for cycle CNTKPIT-C1489
2026-05-27 17:34:57,882 - INFO - Updated result for CNTKPIT-T71 in cycle CNTKPIT-C1489
2026-05-27 17:34:58,135 - INFO - Fetched details for cycle CNTKPIT-C1488
2026-05-27 17:34:58,628 - INFO - Updated result for CNTKPIT-T71 in cycle CNTKPIT-C1488
2026-05-27 17:34:58,877 - INFO - Fetched details for cycle CNTKPIT-C1487
2026-05-27 17:34:59,367 - INFO - Updated result for CNTKPIT-T71 in cycle CNTKPIT-C1487
2026-05-27 17:34:59,612 - INFO - Fetched details for cycle CNTKPIT-C1486
2026-05-27 17:35:00,097 - INFO - Updated result for CNTKPIT-T71 in cycle CNTKPIT-C1486
2026-05-27 17:35:00,346 - INFO - Fetched details for cycle CNTKPIT-C1485
2026-05-27 17:35:00,864 - INFO - Updated result for CNTKPIT-T71 in cycle CNTKPIT-C1485
2026-05-27 17:35:01,151 - INFO - Fetched details for cycle CNTKPIT-C1484
2026-05-27 17:35:01,650 - INFO - Updated result for CNTKPIT-T71 in cycle CNTKPIT-C1484
2026-05-27 17:35:01,907 - INFO - Fetched details for cycle CNTKPIT-C1483
2026-05-27 17:35:02,398 - INFO - Updated result for CNTKPIT-T71 in cycle CNTKPIT-C1483
2026-05-27 17:35:02,663 - INFO - Fetched details for cycle CNTKPIT-C1482
2026-05-27 17:35:03,173 - INFO - Updated result for CNTKPIT-T71 in cycle CNTKPIT-C1482
2026-05-27 17:35:03,424 - INFO - Fetched details for cycle CNTKPIT-C1481
2026-05-27 17:35:03,919 - INFO - Updated result for CNTKPIT-T71 in cycle CNTKPIT-C1481
2026-05-27 17:35:04,170 - INFO - Fetched details for cycle CNTKPIT-C1480
2026-05-27 17:35:04,680 - INFO - Updated result for CNTKPIT-T71 in cycle CNTKPIT-C1480
2026-05-27 17:35:04,965 - INFO - Fetched details for cycle CNTKPIT-C1479
2026-05-27 17:35:05,460 - INFO - Updated result for CNTKPIT-T71 in cycle CNTKPIT-C1479
2026-05-27 17:35:05,725 - INFO - Fetched details for cycle CNTKPIT-C1478
2026-05-27 17:35:06,254 - INFO - Updated result for CNTKPIT-T71 in cycle CNTKPIT-C1478
2026-05-27 17:35:06,511 - INFO - Fetched details for cycle CNTKPIT-C1477
2026-05-27 17:35:07,028 - INFO - Updated result for CNTKPIT-T71 in cycle CNTKPIT-C1477
2026-05-27 17:35:07,279 - INFO - Fetched details for cycle CNTKPIT-C1476
2026-05-27 17:35:07,772 - INFO - Updated result for CNTKPIT-T71 in cycle CNTKPIT-C1476
2026-05-27 17:35:08,035 - INFO - Fetched details for cycle CNTKPIT-C1475
2026-05-27 17:35:08,523 - INFO - Updated result for CNTKPIT-T71 in cycle CNTKPIT-C1475
2026-05-27 17:35:08,768 - INFO - Fetched details for cycle CNTKPIT-C1474
2026-05-27 17:35:09,268 - INFO - Updated result for CNTKPIT-T71 in cycle CNTKPIT-C1474
2026-05-27 17:35:09,518 - INFO - Fetched details for cycle CNTKPIT-C1473
2026-05-27 17:35:10,009 - INFO - Updated result for CNTKPIT-T71 in cycle CNTKPIT-C1473
2026-05-27 17:35:10,259 - INFO - Fetched details for cycle CNTKPIT-C1472
2026-05-27 17:35:10,760 - INFO - Updated result for CNTKPIT-T71 in cycle CNTKPIT-C1472
2026-05-27 17:35:11,020 - INFO - Fetched details for cycle CNTKPIT-C1471
2026-05-27 17:35:11,513 - INFO - Updated result for CNTKPIT-T71 in cycle CNTKPIT-C1471
2026-05-27 17:35:11,764 - INFO - Fetched details for cycle CNTKPIT-C1470
2026-05-27 17:35:12,254 - INFO - Updated result for CNTKPIT-T71 in cycle CNTKPIT-C1470
2026-05-27 17:35:12,501 - INFO - Fetched details for cycle CNTKPIT-C1469
2026-05-27 17:35:13,004 - INFO - Updated result for CNTKPIT-T71 in cycle CNTKPIT-C1469
2026-05-27 17:35:13,258 - INFO - Fetched details for cycle CNTKPIT-C1468
2026-05-27 17:35:13,754 - INFO - Updated result for CNTKPIT-T71 in cycle CNTKPIT-C1468
2026-05-27 17:35:14,014 - INFO - Fetched details for cycle CNTKPIT-C1467
2026-05-27 17:35:14,508 - INFO - Updated result for CNTKPIT-T71 in cycle CNTKPIT-C1467
2026-05-27 17:35:14,755 - INFO - Fetched details for cycle CNTKPIT-C1466
2026-05-27 17:35:15,256 - INFO - Updated result for CNTKPIT-T71 in cycle CNTKPIT-C1466
2026-05-27 17:35:15,524 - INFO - Fetched details for cycle CNTKPIT-C1465
2026-05-27 17:35:16,021 - INFO - Updated result for CNTKPIT-T71 in cycle CNTKPIT-C1465
2026-05-27 17:35:16,292 - INFO - Fetched details for cycle CNTKPIT-C1464
2026-05-27 17:35:16,802 - INFO - Updated result for CNTKPIT-T71 in cycle CNTKPIT-C1464
2026-05-27 17:35:17,045 - INFO - Fetched details for cycle CNTKPIT-C1463
2026-05-27 17:35:17,542 - INFO - Updated result for CNTKPIT-T71 in cycle CNTKPIT-C1463
2026-05-27 17:35:17,797 - INFO - Fetched details for cycle CNTKPIT-C1462
2026-05-27 17:35:18,333 - INFO - Updated result for CNTKPIT-T71 in cycle CNTKPIT-C1462
2026-05-27 17:35:18,580 - INFO - Fetched details for cycle CNTKPIT-C1461
2026-05-27 17:35:19,074 - INFO - Updated result for CNTKPIT-T71 in cycle CNTKPIT-C1461
2026-05-27 17:35:19,350 - INFO - Fetched details for cycle CNTKPIT-C1460
2026-05-27 17:35:19,844 - INFO - Updated result for CNTKPIT-T71 in cycle CNTKPIT-C1460
2026-05-27 17:35:20,105 - INFO - Fetched details for cycle CNTKPIT-C1459
2026-05-27 17:35:20,628 - INFO - Updated result for CNTKPIT-T71 in cycle CNTKPIT-C1459
2026-05-27 17:35:20,895 - INFO - Fetched details for cycle CNTKPIT-C1458
2026-05-27 17:35:21,408 - INFO - Updated result for CNTKPIT-T71 in cycle CNTKPIT-C1458
2026-05-27 17:35:21,665 - INFO - Fetched details for cycle CNTKPIT-C1457
2026-05-27 17:35:22,193 - INFO - Updated result for CNTKPIT-T71 in cycle CNTKPIT-C1457
2026-05-27 17:35:22,511 - INFO - Fetched details for cycle CNTKPIT-C1456
2026-05-27 17:35:23,154 - INFO - Updated result for CNTKPIT-T71 in cycle CNTKPIT-C1456
2026-05-27 17:35:23,409 - INFO - Fetched details for cycle CNTKPIT-C1455
2026-05-27 17:35:23,904 - INFO - Updated result for CNTKPIT-T71 in cycle CNTKPIT-C1455
2026-05-27 17:35:24,168 - INFO - Fetched details for cycle CNTKPIT-C1454
2026-05-27 17:35:24,657 - INFO - Updated result for CNTKPIT-T71 in cycle CNTKPIT-C1454
2026-05-27 17:35:24,909 - INFO - Fetched details for cycle CNTKPIT-C1453
2026-05-27 17:35:25,410 - INFO - Updated result for CNTKPIT-T71 in cycle CNTKPIT-C1453
2026-05-27 17:35:25,668 - INFO - Fetched details for cycle CNTKPIT-C1452
2026-05-27 17:35:26,158 - INFO - Updated result for CNTKPIT-T71 in cycle CNTKPIT-C1452
2026-05-27 17:35:26,421 - INFO - Fetched details for cycle CNTKPIT-C1451
2026-05-27 17:35:26,913 - INFO - Updated result for CNTKPIT-T71 in cycle CNTKPIT-C1451
2026-05-27 17:35:27,164 - INFO - Fetched details for cycle CNTKPIT-C1450
2026-05-27 17:35:27,662 - INFO - Updated result for CNTKPIT-T71 in cycle CNTKPIT-C1450
2026-05-27 17:35:27,906 - INFO - Fetched details for cycle CNTKPIT-C1449
2026-05-27 17:35:28,386 - INFO - Updated result for CNTKPIT-T71 in cycle CNTKPIT-C1449
2026-05-27 17:35:28,636 - INFO - Fetched details for cycle CNTKPIT-C1448
2026-05-27 17:35:29,118 - INFO - Updated result for CNTKPIT-T71 in cycle CNTKPIT-C1448
2026-05-27 17:35:29,368 - INFO - Fetched details for cycle CNTKPIT-C1447
2026-05-27 17:35:29,861 - INFO - Updated result for CNTKPIT-T71 in cycle CNTKPIT-C1447
2026-05-27 17:35:30,108 - INFO - Fetched details for cycle CNTKPIT-C1446
2026-05-27 17:35:30,600 - INFO - Updated result for CNTKPIT-T71 in cycle CNTKPIT-C1446
2026-05-27 17:35:30,847 - INFO - Fetched details for cycle CNTKPIT-C1445
2026-05-27 17:35:31,333 - INFO - Updated result for CNTKPIT-T71 in cycle CNTKPIT-C1445
2026-05-27 17:35:31,577 - INFO - Fetched details for cycle CNTKPIT-C1444
2026-05-27 17:35:32,073 - INFO - Updated result for CNTKPIT-T71 in cycle CNTKPIT-C1444
2026-05-27 17:35:32,320 - INFO - Fetched details for cycle CNTKPIT-C1443
2026-05-27 17:35:32,807 - INFO - Updated result for CNTKPIT-T71 in cycle CNTKPIT-C1443
2026-05-27 17:35:33,055 - INFO - Fetched details for cycle CNTKPIT-C1442
2026-05-27 17:35:33,551 - INFO - Updated result for CNTKPIT-T71 in cycle CNTKPIT-C1442
2026-05-27 17:35:33,803 - INFO - Fetched details for cycle CNTKPIT-C1441
2026-05-27 17:35:34,293 - INFO - Updated result for CNTKPIT-T71 in cycle CNTKPIT-C1441
2026-05-27 17:35:34,540 - INFO - Fetched details for cycle CNTKPIT-C1440
2026-05-27 17:35:35,036 - INFO - Updated result for CNTKPIT-T71 in cycle CNTKPIT-C1440
2026-05-27 17:35:35,283 - INFO - Fetched details for cycle CNTKPIT-C1439
2026-05-27 17:35:35,779 - INFO - Updated result for CNTKPIT-T71 in cycle CNTKPIT-C1439
2026-05-27 17:35:36,025 - INFO - Fetched details for cycle CNTKPIT-C1438
2026-05-27 17:35:36,514 - INFO - Updated result for CNTKPIT-T71 in cycle CNTKPIT-C1438
2026-05-27 17:35:36,779 - INFO - Fetched details for cycle CNTKPIT-C1437
2026-05-27 17:35:37,272 - INFO - Updated result for CNTKPIT-T71 in cycle CNTKPIT-C1437
2026-05-27 17:35:37,545 - INFO - Fetched details for cycle CNTKPIT-C1436
2026-05-27 17:35:38,048 - INFO - Updated result for CNTKPIT-T71 in cycle CNTKPIT-C1436
2026-05-27 17:35:38,292 - INFO - Fetched details for cycle CNTKPIT-C1435
2026-05-27 17:35:38,779 - INFO - Updated result for CNTKPIT-T71 in cycle CNTKPIT-C1435
2026-05-27 17:35:39,030 - INFO - Fetched details for cycle CNTKPIT-C1434
2026-05-27 17:35:39,525 - INFO - Updated result for CNTKPIT-T71 in cycle CNTKPIT-C1434
2026-05-27 17:35:39,777 - INFO - Fetched details for cycle CNTKPIT-C1433
2026-05-27 17:35:40,260 - INFO - Updated result for CNTKPIT-T71 in cycle CNTKPIT-C1433
2026-05-27 17:35:40,506 - INFO - Fetched details for cycle CNTKPIT-C1432
2026-05-27 17:35:40,999 - INFO - Updated result for CNTKPIT-T71 in cycle CNTKPIT-C1432
2026-05-27 17:35:41,258 - INFO - Fetched details for cycle CNTKPIT-C1431
2026-05-27 17:35:41,744 - INFO - Updated result for CNTKPIT-T71 in cycle CNTKPIT-C1431
2026-05-27 17:37:30,055 - INFO - Found 75 cycles matching AEA1415R1.260514.1
2026-05-27 17:37:48,622 - INFO - Found 75 cycles matching AEA1415R1.260514.1
2026-05-27 17:38:12,766 - INFO - Fetched details for cycle CNTKPIT-C1430
2026-05-27 17:38:13,401 - INFO - Updated result for CNTKPIT-T45 in cycle CNTKPIT-C1430
2026-05-27 17:38:13,999 - INFO - Updated result for CNTKPIT-T47 in cycle CNTKPIT-C1430
2026-05-27 17:38:14,688 - INFO - Updated result for CNTKPIT-T81 in cycle CNTKPIT-C1430
2026-05-27 17:38:15,260 - INFO - Updated result for CNTKPIT-T50 in cycle CNTKPIT-C1430
2026-05-27 17:38:15,510 - INFO - Fetched details for cycle CNTKPIT-C1429
2026-05-27 17:38:16,074 - INFO - Updated result for CNTKPIT-T45 in cycle CNTKPIT-C1429
2026-05-27 17:38:16,705 - INFO - Updated result for CNTKPIT-T47 in cycle CNTKPIT-C1429
2026-05-27 17:38:17,502 - INFO - Updated result for CNTKPIT-T81 in cycle CNTKPIT-C1429
2026-05-27 17:38:18,089 - INFO - Updated result for CNTKPIT-T50 in cycle CNTKPIT-C1429
2026-05-27 17:38:18,357 - INFO - Fetched details for cycle CNTKPIT-C1428
2026-05-27 17:38:18,917 - INFO - Updated result for CNTKPIT-T45 in cycle CNTKPIT-C1428
2026-05-27 17:38:19,591 - INFO - Updated result for CNTKPIT-T47 in cycle CNTKPIT-C1428
2026-05-27 17:38:20,358 - INFO - Updated result for CNTKPIT-T81 in cycle CNTKPIT-C1428
2026-05-27 17:38:21,013 - INFO - Updated result for CNTKPIT-T50 in cycle CNTKPIT-C1428
2026-05-27 17:38:21,294 - INFO - Fetched details for cycle CNTKPIT-C1427
2026-05-27 17:38:21,856 - INFO - Updated result for CNTKPIT-T45 in cycle CNTKPIT-C1427
2026-05-27 17:38:22,494 - INFO - Updated result for CNTKPIT-T47 in cycle CNTKPIT-C1427
2026-05-27 17:38:23,281 - INFO - Updated result for CNTKPIT-T81 in cycle CNTKPIT-C1427
2026-05-27 17:38:23,849 - INFO - Updated result for CNTKPIT-T50 in cycle CNTKPIT-C1427
2026-05-27 17:38:24,096 - INFO - Fetched details for cycle CNTKPIT-C1426
2026-05-27 17:38:24,735 - INFO - Updated result for CNTKPIT-T45 in cycle CNTKPIT-C1426
2026-05-27 17:38:25,339 - INFO - Updated result for CNTKPIT-T47 in cycle CNTKPIT-C1426
2026-05-27 17:38:26,036 - INFO - Updated result for CNTKPIT-T81 in cycle CNTKPIT-C1426
2026-05-27 17:38:26,627 - INFO - Updated result for CNTKPIT-T50 in cycle CNTKPIT-C1426
2026-05-27 17:38:26,882 - INFO - Fetched details for cycle CNTKPIT-C1425
2026-05-27 17:38:27,456 - INFO - Updated result for CNTKPIT-T45 in cycle CNTKPIT-C1425
2026-05-27 17:38:28,059 - INFO - Updated result for CNTKPIT-T47 in cycle CNTKPIT-C1425
2026-05-27 17:38:28,761 - INFO - Updated result for CNTKPIT-T81 in cycle CNTKPIT-C1425
2026-05-27 17:38:29,330 - INFO - Updated result for CNTKPIT-T50 in cycle CNTKPIT-C1425
2026-05-27 17:38:29,583 - INFO - Fetched details for cycle CNTKPIT-C1424
2026-05-27 17:38:30,142 - INFO - Updated result for CNTKPIT-T45 in cycle CNTKPIT-C1424
2026-05-27 17:38:30,757 - INFO - Updated result for CNTKPIT-T47 in cycle CNTKPIT-C1424
2026-05-27 17:38:31,447 - INFO - Updated result for CNTKPIT-T81 in cycle CNTKPIT-C1424
2026-05-27 17:38:32,013 - INFO - Updated result for CNTKPIT-T50 in cycle CNTKPIT-C1424
2026-05-27 17:38:32,260 - INFO - Fetched details for cycle CNTKPIT-C1423
2026-05-27 17:38:32,826 - INFO - Updated result for CNTKPIT-T45 in cycle CNTKPIT-C1423
2026-05-27 17:38:33,459 - INFO - Updated result for CNTKPIT-T47 in cycle CNTKPIT-C1423
2026-05-27 17:38:34,146 - INFO - Updated result for CNTKPIT-T81 in cycle CNTKPIT-C1423
2026-05-27 17:38:34,730 - INFO - Updated result for CNTKPIT-T50 in cycle CNTKPIT-C1423
2026-05-27 17:38:34,985 - INFO - Fetched details for cycle CNTKPIT-C1422
2026-05-27 17:38:35,580 - INFO - Updated result for CNTKPIT-T45 in cycle CNTKPIT-C1422
2026-05-27 17:38:36,187 - INFO - Updated result for CNTKPIT-T47 in cycle CNTKPIT-C1422
2026-05-27 17:38:36,881 - INFO - Updated result for CNTKPIT-T81 in cycle CNTKPIT-C1422
2026-05-27 17:38:37,492 - INFO - Updated result for CNTKPIT-T50 in cycle CNTKPIT-C1422
2026-05-27 17:38:37,746 - INFO - Fetched details for cycle CNTKPIT-C1421
2026-05-27 17:38:38,316 - INFO - Updated result for CNTKPIT-T45 in cycle CNTKPIT-C1421
2026-05-27 17:38:38,922 - INFO - Updated result for CNTKPIT-T47 in cycle CNTKPIT-C1421
2026-05-27 17:38:39,611 - INFO - Updated result for CNTKPIT-T81 in cycle CNTKPIT-C1421
2026-05-27 17:38:40,180 - INFO - Updated result for CNTKPIT-T50 in cycle CNTKPIT-C1421
2026-05-27 17:38:40,426 - INFO - Fetched details for cycle CNTKPIT-C1420
2026-05-27 17:38:40,984 - INFO - Updated result for CNTKPIT-T45 in cycle CNTKPIT-C1420
2026-05-27 17:38:41,569 - INFO - Updated result for CNTKPIT-T47 in cycle CNTKPIT-C1420
2026-05-27 17:38:42,254 - INFO - Updated result for CNTKPIT-T81 in cycle CNTKPIT-C1420
2026-05-27 17:38:42,811 - INFO - Updated result for CNTKPIT-T50 in cycle CNTKPIT-C1420
2026-05-27 17:38:43,059 - INFO - Fetched details for cycle CNTKPIT-C1419
2026-05-27 17:38:43,617 - INFO - Updated result for CNTKPIT-T45 in cycle CNTKPIT-C1419
2026-05-27 17:38:44,220 - INFO - Updated result for CNTKPIT-T47 in cycle CNTKPIT-C1419
2026-05-27 17:38:44,903 - INFO - Updated result for CNTKPIT-T81 in cycle CNTKPIT-C1419
2026-05-27 17:38:45,465 - INFO - Updated result for CNTKPIT-T50 in cycle CNTKPIT-C1419
2026-05-27 17:38:45,729 - INFO - Fetched details for cycle CNTKPIT-C1418
2026-05-27 17:38:46,292 - INFO - Updated result for CNTKPIT-T45 in cycle CNTKPIT-C1418
2026-05-27 17:38:46,890 - INFO - Updated result for CNTKPIT-T47 in cycle CNTKPIT-C1418
2026-05-27 17:38:47,579 - INFO - Updated result for CNTKPIT-T81 in cycle CNTKPIT-C1418
2026-05-27 17:38:48,140 - INFO - Updated result for CNTKPIT-T50 in cycle CNTKPIT-C1418
2026-05-27 17:38:48,385 - INFO - Fetched details for cycle CNTKPIT-C1417
2026-05-27 17:38:48,949 - INFO - Updated result for CNTKPIT-T45 in cycle CNTKPIT-C1417
2026-05-27 17:38:49,579 - INFO - Updated result for CNTKPIT-T47 in cycle CNTKPIT-C1417
2026-05-27 17:38:50,253 - INFO - Updated result for CNTKPIT-T81 in cycle CNTKPIT-C1417
2026-05-27 17:38:50,847 - INFO - Updated result for CNTKPIT-T50 in cycle CNTKPIT-C1417
2026-05-27 17:38:51,115 - INFO - Fetched details for cycle CNTKPIT-C1416
2026-05-27 17:38:51,681 - INFO - Updated result for CNTKPIT-T45 in cycle CNTKPIT-C1416
2026-05-27 17:38:52,325 - INFO - Updated result for CNTKPIT-T47 in cycle CNTKPIT-C1416
2026-05-27 17:38:53,082 - INFO - Updated result for CNTKPIT-T81 in cycle CNTKPIT-C1416
2026-05-27 17:38:53,635 - INFO - Updated result for CNTKPIT-T50 in cycle CNTKPIT-C1416
2026-05-27 17:38:53,883 - INFO - Fetched details for cycle CNTKPIT-C1415
2026-05-27 17:38:54,452 - INFO - Updated result for CNTKPIT-T45 in cycle CNTKPIT-C1415
2026-05-27 17:38:55,038 - INFO - Updated result for CNTKPIT-T47 in cycle CNTKPIT-C1415
2026-05-27 17:38:55,757 - INFO - Updated result for CNTKPIT-T81 in cycle CNTKPIT-C1415
2026-05-27 17:38:56,448 - INFO - Updated result for CNTKPIT-T50 in cycle CNTKPIT-C1415
2026-05-27 17:38:56,716 - INFO - Fetched details for cycle CNTKPIT-C1414
2026-05-27 17:38:57,307 - INFO - Updated result for CNTKPIT-T45 in cycle CNTKPIT-C1414
2026-05-27 17:38:57,916 - INFO - Updated result for CNTKPIT-T47 in cycle CNTKPIT-C1414
2026-05-27 17:38:58,632 - INFO - Updated result for CNTKPIT-T81 in cycle CNTKPIT-C1414
2026-05-27 17:38:59,276 - INFO - Updated result for CNTKPIT-T50 in cycle CNTKPIT-C1414
2026-05-27 17:38:59,541 - INFO - Fetched details for cycle CNTKPIT-C1413
2026-05-27 17:39:00,147 - INFO - Updated result for CNTKPIT-T45 in cycle CNTKPIT-C1413
2026-05-27 17:39:00,835 - INFO - Updated result for CNTKPIT-T47 in cycle CNTKPIT-C1413
2026-05-27 17:39:01,617 - INFO - Updated result for CNTKPIT-T81 in cycle CNTKPIT-C1413
2026-05-27 17:39:02,268 - INFO - Updated result for CNTKPIT-T50 in cycle CNTKPIT-C1413
2026-05-27 17:39:02,545 - INFO - Fetched details for cycle CNTKPIT-C1412
2026-05-27 17:39:03,174 - INFO - Updated result for CNTKPIT-T45 in cycle CNTKPIT-C1412
2026-05-27 17:39:03,823 - INFO - Updated result for CNTKPIT-T47 in cycle CNTKPIT-C1412
2026-05-27 17:39:04,550 - INFO - Updated result for CNTKPIT-T81 in cycle CNTKPIT-C1412
2026-05-27 17:39:05,166 - INFO - Updated result for CNTKPIT-T50 in cycle CNTKPIT-C1412
2026-05-27 17:39:05,422 - INFO - Fetched details for cycle CNTKPIT-C1411
2026-05-27 17:39:06,055 - INFO - Updated result for CNTKPIT-T45 in cycle CNTKPIT-C1411
2026-05-27 17:39:06,783 - INFO - Updated result for CNTKPIT-T47 in cycle CNTKPIT-C1411
2026-05-27 17:39:07,540 - INFO - Updated result for CNTKPIT-T81 in cycle CNTKPIT-C1411
2026-05-27 17:39:08,117 - INFO - Updated result for CNTKPIT-T50 in cycle CNTKPIT-C1411
2026-05-27 17:39:08,368 - INFO - Fetched details for cycle CNTKPIT-C1410
2026-05-27 17:39:08,949 - INFO - Updated result for CNTKPIT-T45 in cycle CNTKPIT-C1410
2026-05-27 17:39:09,605 - INFO - Updated result for CNTKPIT-T47 in cycle CNTKPIT-C1410
2026-05-27 17:39:10,366 - INFO - Updated result for CNTKPIT-T81 in cycle CNTKPIT-C1410
2026-05-27 17:39:10,978 - INFO - Updated result for CNTKPIT-T50 in cycle CNTKPIT-C1410
2026-05-27 17:39:11,234 - INFO - Fetched details for cycle CNTKPIT-C1409
2026-05-27 17:39:11,789 - INFO - Updated result for CNTKPIT-T45 in cycle CNTKPIT-C1409
2026-05-27 17:39:12,382 - INFO - Updated result for CNTKPIT-T47 in cycle CNTKPIT-C1409
2026-05-27 17:39:13,067 - INFO - Updated result for CNTKPIT-T81 in cycle CNTKPIT-C1409
2026-05-27 17:39:13,621 - INFO - Updated result for CNTKPIT-T50 in cycle CNTKPIT-C1409
2026-05-27 17:39:13,868 - INFO - Fetched details for cycle CNTKPIT-C1408
2026-05-27 17:39:14,432 - INFO - Updated result for CNTKPIT-T45 in cycle CNTKPIT-C1408
2026-05-27 17:39:15,051 - INFO - Updated result for CNTKPIT-T47 in cycle CNTKPIT-C1408
2026-05-27 17:39:15,748 - INFO - Updated result for CNTKPIT-T81 in cycle CNTKPIT-C1408
2026-05-27 17:39:16,320 - INFO - Updated result for CNTKPIT-T50 in cycle CNTKPIT-C1408
2026-05-27 17:39:16,578 - INFO - Fetched details for cycle CNTKPIT-C1407
2026-05-27 17:39:17,147 - INFO - Updated result for CNTKPIT-T45 in cycle CNTKPIT-C1407
2026-05-27 17:39:17,751 - INFO - Updated result for CNTKPIT-T47 in cycle CNTKPIT-C1407
2026-05-27 17:39:18,494 - INFO - Updated result for CNTKPIT-T81 in cycle CNTKPIT-C1407
2026-05-27 17:39:19,111 - INFO - Updated result for CNTKPIT-T50 in cycle CNTKPIT-C1407
2026-05-27 17:39:19,393 - INFO - Fetched details for cycle CNTKPIT-C1406
2026-05-27 17:39:19,962 - INFO - Updated result for CNTKPIT-T45 in cycle CNTKPIT-C1406
2026-05-27 17:39:20,601 - INFO - Updated result for CNTKPIT-T47 in cycle CNTKPIT-C1406
2026-05-27 17:39:21,318 - INFO - Updated result for CNTKPIT-T81 in cycle CNTKPIT-C1406
2026-05-27 17:39:21,877 - INFO - Updated result for CNTKPIT-T50 in cycle CNTKPIT-C1406
2026-05-27 17:39:22,172 - INFO - Fetched details for cycle CNTKPIT-C1405
2026-05-27 17:39:22,839 - INFO - Updated result for CNTKPIT-T45 in cycle CNTKPIT-C1405
2026-05-27 17:39:23,450 - INFO - Updated result for CNTKPIT-T47 in cycle CNTKPIT-C1405
2026-05-27 17:39:24,152 - INFO - Updated result for CNTKPIT-T81 in cycle CNTKPIT-C1405
2026-05-27 17:39:24,715 - INFO - Updated result for CNTKPIT-T50 in cycle CNTKPIT-C1405
2026-05-27 17:39:24,961 - INFO - Fetched details for cycle CNTKPIT-C1404
2026-05-27 17:39:25,546 - INFO - Updated result for CNTKPIT-T45 in cycle CNTKPIT-C1404
2026-05-27 17:39:26,152 - INFO - Updated result for CNTKPIT-T47 in cycle CNTKPIT-C1404
2026-05-27 17:39:26,855 - INFO - Updated result for CNTKPIT-T81 in cycle CNTKPIT-C1404
2026-05-27 17:39:27,442 - INFO - Updated result for CNTKPIT-T50 in cycle CNTKPIT-C1404
2026-05-27 17:39:27,701 - INFO - Fetched details for cycle CNTKPIT-C1403
2026-05-27 17:39:28,278 - INFO - Updated result for CNTKPIT-T45 in cycle CNTKPIT-C1403
2026-05-27 17:39:29,048 - INFO - Updated result for CNTKPIT-T47 in cycle CNTKPIT-C1403
2026-05-27 17:39:29,794 - INFO - Updated result for CNTKPIT-T81 in cycle CNTKPIT-C1403
2026-05-27 17:39:30,351 - INFO - Updated result for CNTKPIT-T50 in cycle CNTKPIT-C1403
2026-05-27 17:39:30,610 - INFO - Fetched details for cycle CNTKPIT-C1402
2026-05-27 17:39:31,180 - INFO - Updated result for CNTKPIT-T45 in cycle CNTKPIT-C1402
2026-05-27 17:39:31,792 - INFO - Updated result for CNTKPIT-T47 in cycle CNTKPIT-C1402
2026-05-27 17:39:32,488 - INFO - Updated result for CNTKPIT-T81 in cycle CNTKPIT-C1402
2026-05-27 17:39:33,056 - INFO - Updated result for CNTKPIT-T50 in cycle CNTKPIT-C1402
2026-05-27 17:39:33,310 - INFO - Fetched details for cycle CNTKPIT-C1401
2026-05-27 17:39:33,879 - INFO - Updated result for CNTKPIT-T45 in cycle CNTKPIT-C1401
2026-05-27 17:39:34,476 - INFO - Updated result for CNTKPIT-T47 in cycle CNTKPIT-C1401
2026-05-27 17:39:35,177 - INFO - Updated result for CNTKPIT-T81 in cycle CNTKPIT-C1401
2026-05-27 17:39:35,739 - INFO - Updated result for CNTKPIT-T50 in cycle CNTKPIT-C1401
2026-05-27 17:39:35,988 - INFO - Fetched details for cycle CNTKPIT-C1400
2026-05-27 17:39:36,557 - INFO - Updated result for CNTKPIT-T45 in cycle CNTKPIT-C1400
2026-05-27 17:39:37,141 - INFO - Updated result for CNTKPIT-T47 in cycle CNTKPIT-C1400
2026-05-27 17:39:37,850 - INFO - Updated result for CNTKPIT-T81 in cycle CNTKPIT-C1400
2026-05-27 17:39:38,412 - INFO - Updated result for CNTKPIT-T50 in cycle CNTKPIT-C1400
2026-05-27 17:39:38,664 - INFO - Fetched details for cycle CNTKPIT-C1399
2026-05-27 17:39:39,217 - INFO - Updated result for CNTKPIT-T45 in cycle CNTKPIT-C1399
2026-05-27 17:39:39,849 - INFO - Updated result for CNTKPIT-T47 in cycle CNTKPIT-C1399
2026-05-27 17:39:40,519 - INFO - Updated result for CNTKPIT-T81 in cycle CNTKPIT-C1399
2026-05-27 17:39:41,084 - INFO - Updated result for CNTKPIT-T50 in cycle CNTKPIT-C1399
2026-05-27 17:39:41,331 - INFO - Fetched details for cycle CNTKPIT-C1398
2026-05-27 17:39:41,880 - INFO - Updated result for CNTKPIT-T45 in cycle CNTKPIT-C1398
2026-05-27 17:39:42,487 - INFO - Updated result for CNTKPIT-T47 in cycle CNTKPIT-C1398
2026-05-27 17:39:43,166 - INFO - Updated result for CNTKPIT-T81 in cycle CNTKPIT-C1398
2026-05-27 17:39:43,724 - INFO - Updated result for CNTKPIT-T50 in cycle CNTKPIT-C1398
2026-05-27 17:39:43,977 - INFO - Fetched details for cycle CNTKPIT-C1397
2026-05-27 17:39:44,550 - INFO - Updated result for CNTKPIT-T45 in cycle CNTKPIT-C1397
2026-05-27 17:39:45,145 - INFO - Updated result for CNTKPIT-T47 in cycle CNTKPIT-C1397
2026-05-27 17:39:45,856 - INFO - Updated result for CNTKPIT-T81 in cycle CNTKPIT-C1397
2026-05-27 17:39:46,422 - INFO - Updated result for CNTKPIT-T50 in cycle CNTKPIT-C1397
2026-05-27 17:39:46,671 - INFO - Fetched details for cycle CNTKPIT-C1396
2026-05-27 17:39:47,267 - INFO - Updated result for CNTKPIT-T45 in cycle CNTKPIT-C1396
2026-05-27 17:39:47,859 - INFO - Updated result for CNTKPIT-T47 in cycle CNTKPIT-C1396
2026-05-27 17:39:48,542 - INFO - Updated result for CNTKPIT-T81 in cycle CNTKPIT-C1396
2026-05-27 17:39:49,107 - INFO - Updated result for CNTKPIT-T50 in cycle CNTKPIT-C1396
2026-05-27 17:39:49,385 - INFO - Fetched details for cycle CNTKPIT-C1395
2026-05-27 17:39:49,949 - INFO - Updated result for CNTKPIT-T45 in cycle CNTKPIT-C1395
2026-05-27 17:39:50,550 - INFO - Updated result for CNTKPIT-T47 in cycle CNTKPIT-C1395
2026-05-27 17:39:51,232 - INFO - Updated result for CNTKPIT-T81 in cycle CNTKPIT-C1395
2026-05-27 17:39:51,858 - INFO - Updated result for CNTKPIT-T50 in cycle CNTKPIT-C1395
2026-05-27 17:39:52,129 - INFO - Fetched details for cycle CNTKPIT-C1394
2026-05-27 17:39:52,774 - INFO - Updated result for CNTKPIT-T45 in cycle CNTKPIT-C1394
2026-05-27 17:39:53,380 - INFO - Updated result for CNTKPIT-T47 in cycle CNTKPIT-C1394
2026-05-27 17:39:54,135 - INFO - Updated result for CNTKPIT-T81 in cycle CNTKPIT-C1394
2026-05-27 17:39:54,706 - INFO - Updated result for CNTKPIT-T50 in cycle CNTKPIT-C1394
2026-05-27 17:39:54,954 - INFO - Fetched details for cycle CNTKPIT-C1393
2026-05-27 17:39:55,530 - INFO - Updated result for CNTKPIT-T45 in cycle CNTKPIT-C1393
2026-05-27 17:39:56,133 - INFO - Updated result for CNTKPIT-T47 in cycle CNTKPIT-C1393
2026-05-27 17:39:56,857 - INFO - Updated result for CNTKPIT-T81 in cycle CNTKPIT-C1393
2026-05-27 17:39:57,405 - INFO - Updated result for CNTKPIT-T50 in cycle CNTKPIT-C1393
2026-05-27 17:39:57,657 - INFO - Fetched details for cycle CNTKPIT-C1392
2026-05-27 17:39:58,222 - INFO - Updated result for CNTKPIT-T45 in cycle CNTKPIT-C1392
2026-05-27 17:39:58,854 - INFO - Updated result for CNTKPIT-T47 in cycle CNTKPIT-C1392
2026-05-27 17:39:59,549 - INFO - Updated result for CNTKPIT-T81 in cycle CNTKPIT-C1392
2026-05-27 17:40:00,129 - INFO - Updated result for CNTKPIT-T50 in cycle CNTKPIT-C1392
2026-05-27 17:40:00,390 - INFO - Fetched details for cycle CNTKPIT-C1391
2026-05-27 17:40:00,983 - INFO - Updated result for CNTKPIT-T45 in cycle CNTKPIT-C1391
2026-05-27 17:40:01,608 - INFO - Updated result for CNTKPIT-T47 in cycle CNTKPIT-C1391
2026-05-27 17:40:02,321 - INFO - Updated result for CNTKPIT-T81 in cycle CNTKPIT-C1391
2026-05-27 17:40:02,899 - INFO - Updated result for CNTKPIT-T50 in cycle CNTKPIT-C1391
2026-05-27 17:40:03,178 - INFO - Fetched details for cycle CNTKPIT-C1390
2026-05-27 17:40:03,755 - INFO - Updated result for CNTKPIT-T45 in cycle CNTKPIT-C1390
2026-05-27 17:40:04,357 - INFO - Updated result for CNTKPIT-T47 in cycle CNTKPIT-C1390
2026-05-27 17:40:05,052 - INFO - Updated result for CNTKPIT-T81 in cycle CNTKPIT-C1390
2026-05-27 17:40:05,664 - INFO - Updated result for CNTKPIT-T50 in cycle CNTKPIT-C1390
2026-05-27 17:40:05,937 - INFO - Fetched details for cycle CNTKPIT-C1389
2026-05-27 17:40:06,512 - INFO - Updated result for CNTKPIT-T45 in cycle CNTKPIT-C1389
2026-05-27 17:40:07,128 - INFO - Updated result for CNTKPIT-T47 in cycle CNTKPIT-C1389
2026-05-27 17:40:07,822 - INFO - Updated result for CNTKPIT-T81 in cycle CNTKPIT-C1389
2026-05-27 17:40:08,378 - INFO - Updated result for CNTKPIT-T50 in cycle CNTKPIT-C1389
2026-05-27 17:40:08,625 - INFO - Fetched details for cycle CNTKPIT-C1388
2026-05-27 17:40:09,203 - INFO - Updated result for CNTKPIT-T45 in cycle CNTKPIT-C1388
2026-05-27 17:40:09,808 - INFO - Updated result for CNTKPIT-T47 in cycle CNTKPIT-C1388
2026-05-27 17:40:10,492 - INFO - Updated result for CNTKPIT-T81 in cycle CNTKPIT-C1388
2026-05-27 17:40:11,059 - INFO - Updated result for CNTKPIT-T50 in cycle CNTKPIT-C1388
2026-05-27 17:40:11,312 - INFO - Fetched details for cycle CNTKPIT-C1387
2026-05-27 17:40:11,893 - INFO - Updated result for CNTKPIT-T45 in cycle CNTKPIT-C1387
2026-05-27 17:40:12,513 - INFO - Updated result for CNTKPIT-T47 in cycle CNTKPIT-C1387
2026-05-27 17:40:13,185 - INFO - Updated result for CNTKPIT-T81 in cycle CNTKPIT-C1387
2026-05-27 17:40:13,744 - INFO - Updated result for CNTKPIT-T50 in cycle CNTKPIT-C1387
2026-05-27 17:40:13,995 - INFO - Fetched details for cycle CNTKPIT-C1386
2026-05-27 17:40:14,570 - INFO - Updated result for CNTKPIT-T45 in cycle CNTKPIT-C1386
2026-05-27 17:40:15,509 - INFO - Updated result for CNTKPIT-T47 in cycle CNTKPIT-C1386
2026-05-27 17:40:16,206 - INFO - Updated result for CNTKPIT-T81 in cycle CNTKPIT-C1386
2026-05-27 17:40:16,798 - INFO - Updated result for CNTKPIT-T50 in cycle CNTKPIT-C1386
2026-05-27 17:40:17,058 - INFO - Fetched details for cycle CNTKPIT-C1385
2026-05-27 17:40:17,612 - INFO - Updated result for CNTKPIT-T45 in cycle CNTKPIT-C1385
2026-05-27 17:40:18,572 - INFO - Updated result for CNTKPIT-T47 in cycle CNTKPIT-C1385
2026-05-27 17:40:19,264 - INFO - Updated result for CNTKPIT-T81 in cycle CNTKPIT-C1385
2026-05-27 17:40:19,833 - INFO - Updated result for CNTKPIT-T50 in cycle CNTKPIT-C1385
2026-05-27 17:40:20,083 - INFO - Fetched details for cycle CNTKPIT-C1384
2026-05-27 17:40:20,672 - INFO - Updated result for CNTKPIT-T45 in cycle CNTKPIT-C1384
2026-05-27 17:40:21,274 - INFO - Updated result for CNTKPIT-T47 in cycle CNTKPIT-C1384
2026-05-27 17:40:21,965 - INFO - Updated result for CNTKPIT-T81 in cycle CNTKPIT-C1384
2026-05-27 17:40:22,574 - INFO - Updated result for CNTKPIT-T50 in cycle CNTKPIT-C1384
2026-05-27 17:40:22,867 - INFO - Fetched details for cycle CNTKPIT-C1383
2026-05-27 17:40:23,424 - INFO - Updated result for CNTKPIT-T45 in cycle CNTKPIT-C1383
2026-05-27 17:40:24,013 - INFO - Updated result for CNTKPIT-T47 in cycle CNTKPIT-C1383
2026-05-27 17:40:24,682 - INFO - Updated result for CNTKPIT-T81 in cycle CNTKPIT-C1383
2026-05-27 17:40:25,238 - INFO - Updated result for CNTKPIT-T50 in cycle CNTKPIT-C1383
2026-05-27 17:40:25,512 - INFO - Fetched details for cycle CNTKPIT-C1382
2026-05-27 17:40:26,125 - INFO - Updated result for CNTKPIT-T45 in cycle CNTKPIT-C1382
2026-05-27 17:40:26,722 - INFO - Updated result for CNTKPIT-T47 in cycle CNTKPIT-C1382
2026-05-27 17:40:27,407 - INFO - Updated result for CNTKPIT-T81 in cycle CNTKPIT-C1382
2026-05-27 17:40:27,963 - INFO - Updated result for CNTKPIT-T50 in cycle CNTKPIT-C1382
2026-05-27 17:40:28,219 - INFO - Fetched details for cycle CNTKPIT-C1381
2026-05-27 17:40:28,787 - INFO - Updated result for CNTKPIT-T45 in cycle CNTKPIT-C1381
2026-05-27 17:40:29,385 - INFO - Updated result for CNTKPIT-T47 in cycle CNTKPIT-C1381
2026-05-27 17:40:30,066 - INFO - Updated result for CNTKPIT-T81 in cycle CNTKPIT-C1381
2026-05-27 17:40:30,657 - INFO - Updated result for CNTKPIT-T50 in cycle CNTKPIT-C1381
2026-05-27 17:40:30,914 - INFO - Fetched details for cycle CNTKPIT-C1380
2026-05-27 17:40:31,483 - INFO - Updated result for CNTKPIT-T45 in cycle CNTKPIT-C1380
2026-05-27 17:40:32,096 - INFO - Updated result for CNTKPIT-T47 in cycle CNTKPIT-C1380
2026-05-27 17:40:32,792 - INFO - Updated result for CNTKPIT-T81 in cycle CNTKPIT-C1380
2026-05-27 17:40:33,365 - INFO - Updated result for CNTKPIT-T50 in cycle CNTKPIT-C1380
2026-05-27 17:40:33,615 - INFO - Fetched details for cycle CNTKPIT-C1379
2026-05-27 17:40:34,189 - INFO - Updated result for CNTKPIT-T45 in cycle CNTKPIT-C1379
2026-05-27 17:40:34,792 - INFO - Updated result for CNTKPIT-T47 in cycle CNTKPIT-C1379
2026-05-27 17:40:35,494 - INFO - Updated result for CNTKPIT-T81 in cycle CNTKPIT-C1379
2026-05-27 17:40:36,066 - INFO - Updated result for CNTKPIT-T50 in cycle CNTKPIT-C1379
2026-05-27 17:40:36,327 - INFO - Fetched details for cycle CNTKPIT-C1378
2026-05-27 17:40:36,904 - INFO - Updated result for CNTKPIT-T45 in cycle CNTKPIT-C1378
2026-05-27 17:40:37,536 - INFO - Updated result for CNTKPIT-T47 in cycle CNTKPIT-C1378
2026-05-27 17:40:38,215 - INFO - Updated result for CNTKPIT-T81 in cycle CNTKPIT-C1378
2026-05-27 17:40:38,879 - INFO - Updated result for CNTKPIT-T50 in cycle CNTKPIT-C1378
2026-05-27 17:40:39,136 - INFO - Fetched details for cycle CNTKPIT-C1377
2026-05-27 17:40:39,714 - INFO - Updated result for CNTKPIT-T45 in cycle CNTKPIT-C1377
2026-05-27 17:40:40,306 - INFO - Updated result for CNTKPIT-T47 in cycle CNTKPIT-C1377
2026-05-27 17:40:41,011 - INFO - Updated result for CNTKPIT-T81 in cycle CNTKPIT-C1377
2026-05-27 17:40:41,583 - INFO - Updated result for CNTKPIT-T50 in cycle CNTKPIT-C1377
2026-05-27 17:40:41,837 - INFO - Fetched details for cycle CNTKPIT-C1376
2026-05-27 17:40:42,403 - INFO - Updated result for CNTKPIT-T45 in cycle CNTKPIT-C1376
2026-05-27 17:40:43,034 - INFO - Updated result for CNTKPIT-T47 in cycle CNTKPIT-C1376
2026-05-27 17:40:43,727 - INFO - Updated result for CNTKPIT-T81 in cycle CNTKPIT-C1376
2026-05-27 17:40:44,284 - INFO - Updated result for CNTKPIT-T50 in cycle CNTKPIT-C1376
2026-05-27 17:40:44,536 - INFO - Fetched details for cycle CNTKPIT-C1375
2026-05-27 17:40:45,118 - INFO - Updated result for CNTKPIT-T45 in cycle CNTKPIT-C1375
2026-05-27 17:40:45,720 - INFO - Updated result for CNTKPIT-T47 in cycle CNTKPIT-C1375
2026-05-27 17:40:46,435 - INFO - Updated result for CNTKPIT-T81 in cycle CNTKPIT-C1375
2026-05-27 17:40:47,039 - INFO - Updated result for CNTKPIT-T50 in cycle CNTKPIT-C1375
2026-05-27 17:40:47,298 - INFO - Fetched details for cycle CNTKPIT-C1374
2026-05-27 17:40:47,910 - INFO - Updated result for CNTKPIT-T45 in cycle CNTKPIT-C1374
2026-05-27 17:40:48,519 - INFO - Updated result for CNTKPIT-T47 in cycle CNTKPIT-C1374
2026-05-27 17:40:49,230 - INFO - Updated result for CNTKPIT-T81 in cycle CNTKPIT-C1374
2026-05-27 17:40:49,793 - INFO - Updated result for CNTKPIT-T50 in cycle CNTKPIT-C1374
2026-05-27 17:40:50,051 - INFO - Fetched details for cycle CNTKPIT-C1373
2026-05-27 17:40:50,621 - INFO - Updated result for CNTKPIT-T45 in cycle CNTKPIT-C1373
2026-05-27 17:40:51,284 - INFO - Updated result for CNTKPIT-T47 in cycle CNTKPIT-C1373
2026-05-27 17:40:51,988 - INFO - Updated result for CNTKPIT-T81 in cycle CNTKPIT-C1373
2026-05-27 17:40:52,639 - INFO - Updated result for CNTKPIT-T50 in cycle CNTKPIT-C1373
2026-05-27 17:40:52,932 - INFO - Fetched details for cycle CNTKPIT-C1372
2026-05-27 17:40:53,495 - INFO - Updated result for CNTKPIT-T45 in cycle CNTKPIT-C1372
2026-05-27 17:40:54,094 - INFO - Updated result for CNTKPIT-T47 in cycle CNTKPIT-C1372
2026-05-27 17:40:54,792 - INFO - Updated result for CNTKPIT-T81 in cycle CNTKPIT-C1372
2026-05-27 17:40:55,369 - INFO - Updated result for CNTKPIT-T50 in cycle CNTKPIT-C1372
2026-05-27 17:40:55,623 - INFO - Fetched details for cycle CNTKPIT-C1371
2026-05-27 17:40:56,199 - INFO - Updated result for CNTKPIT-T45 in cycle CNTKPIT-C1371
2026-05-27 17:40:56,851 - INFO - Updated result for CNTKPIT-T47 in cycle CNTKPIT-C1371
2026-05-27 17:40:57,553 - INFO - Updated result for CNTKPIT-T81 in cycle CNTKPIT-C1371
2026-05-27 17:40:58,118 - INFO - Updated result for CNTKPIT-T50 in cycle CNTKPIT-C1371
2026-05-27 17:40:58,366 - INFO - Fetched details for cycle CNTKPIT-C1370
2026-05-27 17:40:58,932 - INFO - Updated result for CNTKPIT-T45 in cycle CNTKPIT-C1370
2026-05-27 17:40:59,542 - INFO - Updated result for CNTKPIT-T47 in cycle CNTKPIT-C1370
2026-05-27 17:41:00,234 - INFO - Updated result for CNTKPIT-T81 in cycle CNTKPIT-C1370
2026-05-27 17:41:00,828 - INFO - Updated result for CNTKPIT-T50 in cycle CNTKPIT-C1370
2026-05-27 17:41:01,090 - INFO - Fetched details for cycle CNTKPIT-C1369
2026-05-27 17:41:01,681 - INFO - Updated result for CNTKPIT-T45 in cycle CNTKPIT-C1369
2026-05-27 17:41:02,289 - INFO - Updated result for CNTKPIT-T47 in cycle CNTKPIT-C1369
2026-05-27 17:41:02,986 - INFO - Updated result for CNTKPIT-T81 in cycle CNTKPIT-C1369
2026-05-27 17:41:03,544 - INFO - Updated result for CNTKPIT-T50 in cycle CNTKPIT-C1369
2026-05-27 17:41:03,800 - INFO - Fetched details for cycle CNTKPIT-C1368
2026-05-27 17:41:04,376 - INFO - Updated result for CNTKPIT-T45 in cycle CNTKPIT-C1368
2026-05-27 17:41:04,990 - INFO - Updated result for CNTKPIT-T47 in cycle CNTKPIT-C1368
2026-05-27 17:41:05,667 - INFO - Updated result for CNTKPIT-T81 in cycle CNTKPIT-C1368
2026-05-27 17:41:06,250 - INFO - Updated result for CNTKPIT-T50 in cycle CNTKPIT-C1368
2026-05-27 17:41:06,516 - INFO - Fetched details for cycle CNTKPIT-C1367
2026-05-27 17:41:07,083 - INFO - Updated result for CNTKPIT-T45 in cycle CNTKPIT-C1367
2026-05-27 17:41:07,673 - INFO - Updated result for CNTKPIT-T47 in cycle CNTKPIT-C1367
2026-05-27 17:41:08,367 - INFO - Updated result for CNTKPIT-T81 in cycle CNTKPIT-C1367
2026-05-27 17:41:08,927 - INFO - Updated result for CNTKPIT-T50 in cycle CNTKPIT-C1367
2026-05-27 17:41:09,182 - INFO - Fetched details for cycle CNTKPIT-C1366
2026-05-27 17:41:09,746 - INFO - Updated result for CNTKPIT-T45 in cycle CNTKPIT-C1366
2026-05-27 17:41:10,348 - INFO - Updated result for CNTKPIT-T47 in cycle CNTKPIT-C1366
2026-05-27 17:41:11,037 - INFO - Updated result for CNTKPIT-T81 in cycle CNTKPIT-C1366
2026-05-27 17:41:11,597 - INFO - Updated result for CNTKPIT-T50 in cycle CNTKPIT-C1366
2026-05-27 17:41:11,850 - INFO - Fetched details for cycle CNTKPIT-C1365
2026-05-27 17:41:12,423 - INFO - Updated result for CNTKPIT-T45 in cycle CNTKPIT-C1365
2026-05-27 17:41:13,020 - INFO - Updated result for CNTKPIT-T47 in cycle CNTKPIT-C1365
2026-05-27 17:41:13,710 - INFO - Updated result for CNTKPIT-T81 in cycle CNTKPIT-C1365
2026-05-27 17:41:14,300 - INFO - Updated result for CNTKPIT-T50 in cycle CNTKPIT-C1365
2026-05-27 17:41:14,565 - INFO - Fetched details for cycle CNTKPIT-C1364
2026-05-27 17:41:15,131 - INFO - Updated result for CNTKPIT-T45 in cycle CNTKPIT-C1364
2026-05-27 17:41:15,743 - INFO - Updated result for CNTKPIT-T47 in cycle CNTKPIT-C1364
2026-05-27 17:41:16,432 - INFO - Updated result for CNTKPIT-T81 in cycle CNTKPIT-C1364
2026-05-27 17:41:17,013 - INFO - Updated result for CNTKPIT-T50 in cycle CNTKPIT-C1364
2026-05-27 17:41:17,269 - INFO - Fetched details for cycle CNTKPIT-C1363
2026-05-27 17:41:17,865 - INFO - Updated result for CNTKPIT-T45 in cycle CNTKPIT-C1363
2026-05-27 17:41:18,531 - INFO - Updated result for CNTKPIT-T47 in cycle CNTKPIT-C1363
2026-05-27 17:41:19,244 - INFO - Updated result for CNTKPIT-T81 in cycle CNTKPIT-C1363
2026-05-27 17:41:19,827 - INFO - Updated result for CNTKPIT-T50 in cycle CNTKPIT-C1363
2026-05-27 17:41:20,075 - INFO - Fetched details for cycle CNTKPIT-C1362
2026-05-27 17:41:20,650 - INFO - Updated result for CNTKPIT-T45 in cycle CNTKPIT-C1362
2026-05-27 17:41:21,267 - INFO - Updated result for CNTKPIT-T47 in cycle CNTKPIT-C1362
2026-05-27 17:41:21,971 - INFO - Updated result for CNTKPIT-T81 in cycle CNTKPIT-C1362
2026-05-27 17:41:22,643 - INFO - Updated result for CNTKPIT-T50 in cycle CNTKPIT-C1362
2026-05-27 17:41:22,947 - INFO - Fetched details for cycle CNTKPIT-C1361
2026-05-27 17:41:23,594 - INFO - Updated result for CNTKPIT-T45 in cycle CNTKPIT-C1361
2026-05-27 17:41:24,196 - INFO - Updated result for CNTKPIT-T47 in cycle CNTKPIT-C1361
2026-05-27 17:41:24,897 - INFO - Updated result for CNTKPIT-T81 in cycle CNTKPIT-C1361
2026-05-27 17:41:25,477 - INFO - Updated result for CNTKPIT-T50 in cycle CNTKPIT-C1361
2026-05-27 17:41:25,738 - INFO - Fetched details for cycle CNTKPIT-C1360
2026-05-27 17:41:26,302 - INFO - Updated result for CNTKPIT-T45 in cycle CNTKPIT-C1360
2026-05-27 17:41:26,898 - INFO - Updated result for CNTKPIT-T47 in cycle CNTKPIT-C1360
2026-05-27 17:41:27,584 - INFO - Updated result for CNTKPIT-T81 in cycle CNTKPIT-C1360
2026-05-27 17:41:28,193 - INFO - Updated result for CNTKPIT-T50 in cycle CNTKPIT-C1360
2026-05-27 17:41:28,445 - INFO - Fetched details for cycle CNTKPIT-C1359
2026-05-27 17:41:29,007 - INFO - Updated result for CNTKPIT-T45 in cycle CNTKPIT-C1359
2026-05-27 17:41:29,602 - INFO - Updated result for CNTKPIT-T47 in cycle CNTKPIT-C1359
2026-05-27 17:41:30,288 - INFO - Updated result for CNTKPIT-T81 in cycle CNTKPIT-C1359
2026-05-27 17:41:30,858 - INFO - Updated result for CNTKPIT-T50 in cycle CNTKPIT-C1359
2026-05-27 17:41:31,129 - INFO - Fetched details for cycle CNTKPIT-C1358
2026-05-27 17:41:31,695 - INFO - Updated result for CNTKPIT-T45 in cycle CNTKPIT-C1358
2026-05-27 17:41:32,287 - INFO - Updated result for CNTKPIT-T47 in cycle CNTKPIT-C1358
2026-05-27 17:41:32,983 - INFO - Updated result for CNTKPIT-T81 in cycle CNTKPIT-C1358
2026-05-27 17:41:33,554 - INFO - Updated result for CNTKPIT-T50 in cycle CNTKPIT-C1358
2026-05-27 17:41:33,837 - INFO - Fetched details for cycle CNTKPIT-C1357
2026-05-27 17:41:34,432 - INFO - Updated result for CNTKPIT-T45 in cycle CNTKPIT-C1357
2026-05-27 17:41:35,033 - INFO - Updated result for CNTKPIT-T47 in cycle CNTKPIT-C1357
2026-05-27 17:41:35,738 - INFO - Updated result for CNTKPIT-T81 in cycle CNTKPIT-C1357
2026-05-27 17:41:36,302 - INFO - Updated result for CNTKPIT-T50 in cycle CNTKPIT-C1357
2026-05-27 17:41:36,566 - INFO - Fetched details for cycle CNTKPIT-C1356
2026-05-27 17:41:37,146 - INFO - Updated result for CNTKPIT-T45 in cycle CNTKPIT-C1356
2026-05-27 17:41:37,773 - INFO - Updated result for CNTKPIT-T47 in cycle CNTKPIT-C1356
2026-05-27 17:41:38,460 - INFO - Updated result for CNTKPIT-T81 in cycle CNTKPIT-C1356
2026-05-27 17:41:39,014 - INFO - Updated result for CNTKPIT-T50 in cycle CNTKPIT-C1356
2026-05-27 17:44:03,705 - INFO - Found 75 cycles matching AEA1415R1.260514.1
2026-05-27 17:44:22,833 - INFO - Found 75 cycles matching AEA1415R1.260514.1
2026-05-27 17:44:29,773 - INFO - Found 75 cycles matching AEA1415R1.260514.1
2026-05-27 17:44:40,831 - INFO - Fetched details for cycle CNTKPIT-C1430
2026-05-27 17:44:41,356 - INFO - Updated result for CNTKPIT-T73 in cycle CNTKPIT-C1430
2026-05-27 17:44:41,618 - INFO - Fetched details for cycle CNTKPIT-C1429
2026-05-27 17:44:42,124 - INFO - Updated result for CNTKPIT-T73 in cycle CNTKPIT-C1429
2026-05-27 17:44:42,385 - INFO - Fetched details for cycle CNTKPIT-C1428
2026-05-27 17:44:42,893 - INFO - Updated result for CNTKPIT-T73 in cycle CNTKPIT-C1428
2026-05-27 17:44:43,157 - INFO - Fetched details for cycle CNTKPIT-C1427
2026-05-27 17:44:43,671 - INFO - Updated result for CNTKPIT-T73 in cycle CNTKPIT-C1427
2026-05-27 17:44:43,990 - INFO - Fetched details for cycle CNTKPIT-C1426
2026-05-27 17:44:44,506 - INFO - Updated result for CNTKPIT-T73 in cycle CNTKPIT-C1426
2026-05-27 17:44:44,775 - INFO - Fetched details for cycle CNTKPIT-C1425
2026-05-27 17:44:45,307 - INFO - Updated result for CNTKPIT-T73 in cycle CNTKPIT-C1425
2026-05-27 17:44:45,574 - INFO - Fetched details for cycle CNTKPIT-C1424
2026-05-27 17:44:46,097 - INFO - Updated result for CNTKPIT-T73 in cycle CNTKPIT-C1424
2026-05-27 17:44:46,356 - INFO - Fetched details for cycle CNTKPIT-C1423
2026-05-27 17:44:46,900 - INFO - Updated result for CNTKPIT-T73 in cycle CNTKPIT-C1423
2026-05-27 17:44:47,170 - INFO - Fetched details for cycle CNTKPIT-C1422
2026-05-27 17:44:47,680 - INFO - Updated result for CNTKPIT-T73 in cycle CNTKPIT-C1422
2026-05-27 17:44:47,946 - INFO - Fetched details for cycle CNTKPIT-C1421
2026-05-27 17:44:48,484 - INFO - Updated result for CNTKPIT-T73 in cycle CNTKPIT-C1421
2026-05-27 17:44:48,746 - INFO - Fetched details for cycle CNTKPIT-C1420
2026-05-27 17:44:49,261 - INFO - Updated result for CNTKPIT-T73 in cycle CNTKPIT-C1420
2026-05-27 17:44:49,538 - INFO - Fetched details for cycle CNTKPIT-C1419
2026-05-27 17:44:50,046 - INFO - Updated result for CNTKPIT-T73 in cycle CNTKPIT-C1419
2026-05-27 17:44:50,307 - INFO - Fetched details for cycle CNTKPIT-C1418
2026-05-27 17:44:50,846 - INFO - Updated result for CNTKPIT-T73 in cycle CNTKPIT-C1418
2026-05-27 17:44:51,107 - INFO - Fetched details for cycle CNTKPIT-C1417
2026-05-27 17:44:51,613 - INFO - Updated result for CNTKPIT-T73 in cycle CNTKPIT-C1417
2026-05-27 17:44:51,878 - INFO - Fetched details for cycle CNTKPIT-C1416
2026-05-27 17:44:52,471 - INFO - Updated result for CNTKPIT-T73 in cycle CNTKPIT-C1416
2026-05-27 17:44:52,740 - INFO - Fetched details for cycle CNTKPIT-C1415
2026-05-27 17:44:53,248 - INFO - Updated result for CNTKPIT-T73 in cycle CNTKPIT-C1415
2026-05-27 17:44:53,508 - INFO - Fetched details for cycle CNTKPIT-C1414
2026-05-27 17:44:54,081 - INFO - Updated result for CNTKPIT-T73 in cycle CNTKPIT-C1414
2026-05-27 17:44:54,355 - INFO - Fetched details for cycle CNTKPIT-C1413
2026-05-27 17:44:54,880 - INFO - Updated result for CNTKPIT-T73 in cycle CNTKPIT-C1413
2026-05-27 17:44:55,158 - INFO - Fetched details for cycle CNTKPIT-C1412
2026-05-27 17:44:55,704 - INFO - Updated result for CNTKPIT-T73 in cycle CNTKPIT-C1412
2026-05-27 17:44:55,976 - INFO - Fetched details for cycle CNTKPIT-C1411
2026-05-27 17:44:56,478 - INFO - Updated result for CNTKPIT-T73 in cycle CNTKPIT-C1411
2026-05-27 17:44:56,828 - INFO - Fetched details for cycle CNTKPIT-C1410
2026-05-27 17:44:57,372 - INFO - Updated result for CNTKPIT-T73 in cycle CNTKPIT-C1410
2026-05-27 17:44:57,636 - INFO - Fetched details for cycle CNTKPIT-C1409
2026-05-27 17:44:58,152 - INFO - Updated result for CNTKPIT-T73 in cycle CNTKPIT-C1409
2026-05-27 17:44:58,413 - INFO - Fetched details for cycle CNTKPIT-C1408
2026-05-27 17:44:58,924 - INFO - Updated result for CNTKPIT-T73 in cycle CNTKPIT-C1408
2026-05-27 17:44:59,209 - INFO - Fetched details for cycle CNTKPIT-C1407
2026-05-27 17:44:59,757 - INFO - Updated result for CNTKPIT-T73 in cycle CNTKPIT-C1407
2026-05-27 17:45:00,047 - INFO - Fetched details for cycle CNTKPIT-C1406
2026-05-27 17:45:00,622 - INFO - Updated result for CNTKPIT-T73 in cycle CNTKPIT-C1406
2026-05-27 17:45:00,895 - INFO - Fetched details for cycle CNTKPIT-C1405
2026-05-27 17:45:01,413 - INFO - Updated result for CNTKPIT-T73 in cycle CNTKPIT-C1405
2026-05-27 17:45:01,680 - INFO - Fetched details for cycle CNTKPIT-C1404
2026-05-27 17:45:02,192 - INFO - Updated result for CNTKPIT-T73 in cycle CNTKPIT-C1404
2026-05-27 17:45:02,476 - INFO - Fetched details for cycle CNTKPIT-C1403
2026-05-27 17:45:02,987 - INFO - Updated result for CNTKPIT-T73 in cycle CNTKPIT-C1403
2026-05-27 17:45:03,255 - INFO - Fetched details for cycle CNTKPIT-C1402
2026-05-27 17:45:03,797 - INFO - Updated result for CNTKPIT-T73 in cycle CNTKPIT-C1402
2026-05-27 17:45:04,075 - INFO - Fetched details for cycle CNTKPIT-C1401
2026-05-27 17:45:04,586 - INFO - Updated result for CNTKPIT-T73 in cycle CNTKPIT-C1401
2026-05-27 17:45:04,875 - INFO - Fetched details for cycle CNTKPIT-C1400
2026-05-27 17:45:05,393 - INFO - Updated result for CNTKPIT-T73 in cycle CNTKPIT-C1400
2026-05-27 17:45:05,675 - INFO - Fetched details for cycle CNTKPIT-C1399
2026-05-27 17:45:06,212 - INFO - Updated result for CNTKPIT-T73 in cycle CNTKPIT-C1399
2026-05-27 17:45:06,496 - INFO - Fetched details for cycle CNTKPIT-C1398
2026-05-27 17:45:07,024 - INFO - Updated result for CNTKPIT-T73 in cycle CNTKPIT-C1398
2026-05-27 17:45:07,289 - INFO - Fetched details for cycle CNTKPIT-C1397
2026-05-27 17:45:07,819 - INFO - Updated result for CNTKPIT-T73 in cycle CNTKPIT-C1397
2026-05-27 17:45:08,085 - INFO - Fetched details for cycle CNTKPIT-C1396
2026-05-27 17:45:08,591 - INFO - Updated result for CNTKPIT-T73 in cycle CNTKPIT-C1396
2026-05-27 17:45:08,850 - INFO - Fetched details for cycle CNTKPIT-C1395
2026-05-27 17:45:09,360 - INFO - Updated result for CNTKPIT-T73 in cycle CNTKPIT-C1395
2026-05-27 17:45:09,631 - INFO - Fetched details for cycle CNTKPIT-C1394
2026-05-27 17:45:10,138 - INFO - Updated result for CNTKPIT-T73 in cycle CNTKPIT-C1394
2026-05-27 17:45:10,403 - INFO - Fetched details for cycle CNTKPIT-C1393
2026-05-27 17:45:10,925 - INFO - Updated result for CNTKPIT-T73 in cycle CNTKPIT-C1393
2026-05-27 17:45:11,213 - INFO - Fetched details for cycle CNTKPIT-C1392
2026-05-27 17:45:11,743 - INFO - Updated result for CNTKPIT-T73 in cycle CNTKPIT-C1392
2026-05-27 17:45:12,005 - INFO - Fetched details for cycle CNTKPIT-C1391
2026-05-27 17:45:12,520 - INFO - Updated result for CNTKPIT-T73 in cycle CNTKPIT-C1391
2026-05-27 17:45:12,788 - INFO - Fetched details for cycle CNTKPIT-C1390
2026-05-27 17:45:13,331 - INFO - Updated result for CNTKPIT-T73 in cycle CNTKPIT-C1390
2026-05-27 17:45:13,600 - INFO - Fetched details for cycle CNTKPIT-C1389
2026-05-27 17:45:14,125 - INFO - Updated result for CNTKPIT-T73 in cycle CNTKPIT-C1389
2026-05-27 17:45:14,389 - INFO - Fetched details for cycle CNTKPIT-C1388
2026-05-27 17:45:14,900 - INFO - Updated result for CNTKPIT-T73 in cycle CNTKPIT-C1388
2026-05-27 17:45:15,186 - INFO - Fetched details for cycle CNTKPIT-C1387
2026-05-27 17:45:15,739 - INFO - Updated result for CNTKPIT-T73 in cycle CNTKPIT-C1387
2026-05-27 17:45:16,016 - INFO - Fetched details for cycle CNTKPIT-C1386
2026-05-27 17:45:16,567 - INFO - Updated result for CNTKPIT-T73 in cycle CNTKPIT-C1386
2026-05-27 17:45:16,840 - INFO - Fetched details for cycle CNTKPIT-C1385
2026-05-27 17:45:17,401 - INFO - Updated result for CNTKPIT-T73 in cycle CNTKPIT-C1385
2026-05-27 17:45:17,678 - INFO - Fetched details for cycle CNTKPIT-C1384
2026-05-27 17:45:18,206 - INFO - Updated result for CNTKPIT-T73 in cycle CNTKPIT-C1384
2026-05-27 17:45:18,493 - INFO - Fetched details for cycle CNTKPIT-C1383
2026-05-27 17:45:19,075 - INFO - Updated result for CNTKPIT-T73 in cycle CNTKPIT-C1383
2026-05-27 17:45:19,375 - INFO - Fetched details for cycle CNTKPIT-C1382
2026-05-27 17:45:19,891 - INFO - Updated result for CNTKPIT-T73 in cycle CNTKPIT-C1382
2026-05-27 17:45:20,157 - INFO - Fetched details for cycle CNTKPIT-C1381
2026-05-27 17:45:20,734 - INFO - Updated result for CNTKPIT-T73 in cycle CNTKPIT-C1381
2026-05-27 17:45:21,009 - INFO - Fetched details for cycle CNTKPIT-C1380
2026-05-27 17:45:21,524 - INFO - Updated result for CNTKPIT-T73 in cycle CNTKPIT-C1380
2026-05-27 17:45:21,797 - INFO - Fetched details for cycle CNTKPIT-C1379
2026-05-27 17:45:22,355 - INFO - Updated result for CNTKPIT-T73 in cycle CNTKPIT-C1379
2026-05-27 17:45:22,667 - INFO - Fetched details for cycle CNTKPIT-C1378
2026-05-27 17:45:23,197 - INFO - Updated result for CNTKPIT-T73 in cycle CNTKPIT-C1378
2026-05-27 17:45:23,458 - INFO - Fetched details for cycle CNTKPIT-C1377
2026-05-27 17:45:23,984 - INFO - Updated result for CNTKPIT-T73 in cycle CNTKPIT-C1377
2026-05-27 17:45:24,268 - INFO - Fetched details for cycle CNTKPIT-C1376
2026-05-27 17:45:24,790 - INFO - Updated result for CNTKPIT-T73 in cycle CNTKPIT-C1376
2026-05-27 17:45:25,083 - INFO - Fetched details for cycle CNTKPIT-C1375
2026-05-27 17:45:25,614 - INFO - Updated result for CNTKPIT-T73 in cycle CNTKPIT-C1375
2026-05-27 17:45:25,879 - INFO - Fetched details for cycle CNTKPIT-C1374
2026-05-27 17:45:26,401 - INFO - Updated result for CNTKPIT-T73 in cycle CNTKPIT-C1374
2026-05-27 17:45:26,665 - INFO - Fetched details for cycle CNTKPIT-C1373
2026-05-27 17:45:27,186 - INFO - Updated result for CNTKPIT-T73 in cycle CNTKPIT-C1373
2026-05-27 17:45:27,451 - INFO - Fetched details for cycle CNTKPIT-C1372
2026-05-27 17:45:27,956 - INFO - Updated result for CNTKPIT-T73 in cycle CNTKPIT-C1372
2026-05-27 17:45:28,221 - INFO - Fetched details for cycle CNTKPIT-C1371
2026-05-27 17:45:28,741 - INFO - Updated result for CNTKPIT-T73 in cycle CNTKPIT-C1371
2026-05-27 17:45:29,013 - INFO - Fetched details for cycle CNTKPIT-C1370
2026-05-27 17:45:29,508 - INFO - Updated result for CNTKPIT-T73 in cycle CNTKPIT-C1370
2026-05-27 17:45:29,777 - INFO - Fetched details for cycle CNTKPIT-C1369
2026-05-27 17:45:30,296 - INFO - Updated result for CNTKPIT-T73 in cycle CNTKPIT-C1369
2026-05-27 17:45:30,565 - INFO - Fetched details for cycle CNTKPIT-C1368
2026-05-27 17:45:31,083 - INFO - Updated result for CNTKPIT-T73 in cycle CNTKPIT-C1368
2026-05-27 17:45:31,351 - INFO - Fetched details for cycle CNTKPIT-C1367
2026-05-27 17:45:31,852 - INFO - Updated result for CNTKPIT-T73 in cycle CNTKPIT-C1367
2026-05-27 17:45:32,121 - INFO - Fetched details for cycle CNTKPIT-C1366
2026-05-27 17:45:32,638 - INFO - Updated result for CNTKPIT-T73 in cycle CNTKPIT-C1366
2026-05-27 17:45:32,917 - INFO - Fetched details for cycle CNTKPIT-C1365
2026-05-27 17:45:33,427 - INFO - Updated result for CNTKPIT-T73 in cycle CNTKPIT-C1365
2026-05-27 17:45:33,691 - INFO - Fetched details for cycle CNTKPIT-C1364
2026-05-27 17:45:34,199 - INFO - Updated result for CNTKPIT-T73 in cycle CNTKPIT-C1364
2026-05-27 17:45:34,474 - INFO - Fetched details for cycle CNTKPIT-C1363
2026-05-27 17:45:34,982 - INFO - Updated result for CNTKPIT-T73 in cycle CNTKPIT-C1363
2026-05-27 17:45:35,245 - INFO - Fetched details for cycle CNTKPIT-C1362
2026-05-27 17:45:35,762 - INFO - Updated result for CNTKPIT-T73 in cycle CNTKPIT-C1362
2026-05-27 17:45:36,025 - INFO - Fetched details for cycle CNTKPIT-C1361
2026-05-27 17:45:36,536 - INFO - Updated result for CNTKPIT-T73 in cycle CNTKPIT-C1361
2026-05-27 17:45:36,809 - INFO - Fetched details for cycle CNTKPIT-C1360
2026-05-27 17:45:37,327 - INFO - Updated result for CNTKPIT-T73 in cycle CNTKPIT-C1360
2026-05-27 17:45:37,604 - INFO - Fetched details for cycle CNTKPIT-C1359
2026-05-27 17:45:38,134 - INFO - Updated result for CNTKPIT-T73 in cycle CNTKPIT-C1359
2026-05-27 17:45:38,402 - INFO - Fetched details for cycle CNTKPIT-C1358
2026-05-27 17:45:38,908 - INFO - Updated result for CNTKPIT-T73 in cycle CNTKPIT-C1358
2026-05-27 17:45:39,167 - INFO - Fetched details for cycle CNTKPIT-C1357
2026-05-27 17:45:39,695 - INFO - Updated result for CNTKPIT-T73 in cycle CNTKPIT-C1357
2026-05-27 17:45:39,958 - INFO - Fetched details for cycle CNTKPIT-C1356
2026-05-27 17:45:40,495 - INFO - Updated result for CNTKPIT-T73 in cycle CNTKPIT-C1356
2026-05-28 13:34:08,238 - INFO - Found 75 cycles matching AEA1415R1.260514.1
2026-05-28 13:34:32,155 - INFO - Fetched details for cycle CNTKPIT-C1580
2026-05-28 13:34:32,667 - INFO - Updated result for CNTKPIT-T64 in cycle CNTKPIT-C1580
2026-05-28 13:34:32,974 - INFO - Fetched details for cycle CNTKPIT-C1579
2026-05-28 13:34:33,487 - INFO - Updated result for CNTKPIT-T64 in cycle CNTKPIT-C1579
2026-05-28 13:34:33,805 - INFO - Fetched details for cycle CNTKPIT-C1578
2026-05-28 13:34:34,305 - INFO - Updated result for CNTKPIT-T64 in cycle CNTKPIT-C1578
2026-05-28 13:34:34,611 - INFO - Fetched details for cycle CNTKPIT-C1577
2026-05-28 13:34:35,137 - INFO - Updated result for CNTKPIT-T64 in cycle CNTKPIT-C1577
2026-05-28 13:34:35,536 - INFO - Fetched details for cycle CNTKPIT-C1576
2026-05-28 13:34:36,144 - INFO - Updated result for CNTKPIT-T64 in cycle CNTKPIT-C1576
2026-05-28 13:34:36,455 - INFO - Fetched details for cycle CNTKPIT-C1575
2026-05-28 13:34:36,909 - INFO - Updated result for CNTKPIT-T64 in cycle CNTKPIT-C1575
2026-05-28 13:34:37,274 - INFO - Fetched details for cycle CNTKPIT-C1574
2026-05-28 13:34:37,838 - INFO - Updated result for CNTKPIT-T64 in cycle CNTKPIT-C1574
2026-05-28 13:34:38,195 - INFO - Fetched details for cycle CNTKPIT-C1573
2026-05-28 13:34:38,809 - INFO - Updated result for CNTKPIT-T64 in cycle CNTKPIT-C1573
2026-05-28 13:34:39,120 - INFO - Fetched details for cycle CNTKPIT-C1572
2026-05-28 13:34:39,732 - INFO - Updated result for CNTKPIT-T64 in cycle CNTKPIT-C1572
2026-05-28 13:34:40,040 - INFO - Fetched details for cycle CNTKPIT-C1571
2026-05-28 13:34:40,604 - INFO - Updated result for CNTKPIT-T64 in cycle CNTKPIT-C1571
2026-05-28 13:34:40,879 - INFO - Fetched details for cycle CNTKPIT-C1570
2026-05-28 13:34:41,365 - INFO - Updated result for CNTKPIT-T64 in cycle CNTKPIT-C1570
2026-05-28 13:34:41,645 - INFO - Fetched details for cycle CNTKPIT-C1569
2026-05-28 13:34:42,197 - INFO - Updated result for CNTKPIT-T64 in cycle CNTKPIT-C1569
2026-05-28 13:34:42,490 - INFO - Fetched details for cycle CNTKPIT-C1568
2026-05-28 13:34:43,017 - INFO - Updated result for CNTKPIT-T64 in cycle CNTKPIT-C1568
2026-05-28 13:34:43,422 - INFO - Fetched details for cycle CNTKPIT-C1567
2026-05-28 13:34:43,933 - INFO - Updated result for CNTKPIT-T64 in cycle CNTKPIT-C1567
2026-05-28 13:34:44,237 - INFO - Fetched details for cycle CNTKPIT-C1566
2026-05-28 13:34:44,751 - INFO - Updated result for CNTKPIT-T64 in cycle CNTKPIT-C1566
2026-05-28 13:34:45,037 - INFO - Fetched details for cycle CNTKPIT-C1565
2026-05-28 13:34:45,571 - INFO - Updated result for CNTKPIT-T64 in cycle CNTKPIT-C1565
2026-05-28 13:34:45,877 - INFO - Fetched details for cycle CNTKPIT-C1564
2026-05-28 13:34:46,486 - INFO - Updated result for CNTKPIT-T64 in cycle CNTKPIT-C1564
2026-05-28 13:34:46,800 - INFO - Fetched details for cycle CNTKPIT-C1563
2026-05-28 13:34:47,323 - INFO - Updated result for CNTKPIT-T64 in cycle CNTKPIT-C1563
2026-05-28 13:34:47,720 - INFO - Fetched details for cycle CNTKPIT-C1562
2026-05-28 13:34:48,232 - INFO - Updated result for CNTKPIT-T64 in cycle CNTKPIT-C1562
2026-05-28 13:34:48,520 - INFO - Fetched details for cycle CNTKPIT-C1561
2026-05-28 13:34:49,074 - INFO - Updated result for CNTKPIT-T64 in cycle CNTKPIT-C1561
2026-05-28 13:34:49,428 - INFO - Fetched details for cycle CNTKPIT-C1560
2026-05-28 13:34:50,075 - INFO - Updated result for CNTKPIT-T64 in cycle CNTKPIT-C1560
2026-05-28 13:34:50,384 - INFO - Fetched details for cycle CNTKPIT-C1559
2026-05-28 13:34:50,881 - INFO - Updated result for CNTKPIT-T64 in cycle CNTKPIT-C1559
2026-05-28 13:34:51,167 - INFO - Fetched details for cycle CNTKPIT-C1558
2026-05-28 13:34:51,721 - INFO - Updated result for CNTKPIT-T64 in cycle CNTKPIT-C1558
2026-05-28 13:34:52,069 - INFO - Fetched details for cycle CNTKPIT-C1557
2026-05-28 13:34:52,617 - INFO - Updated result for CNTKPIT-T64 in cycle CNTKPIT-C1557
2026-05-28 13:34:52,950 - INFO - Fetched details for cycle CNTKPIT-C1556
2026-05-28 13:34:53,456 - INFO - Updated result for CNTKPIT-T64 in cycle CNTKPIT-C1556
2026-05-28 13:34:53,745 - INFO - Fetched details for cycle CNTKPIT-C1555
2026-05-28 13:34:54,236 - INFO - Updated result for CNTKPIT-T64 in cycle CNTKPIT-C1555
2026-05-28 13:34:54,524 - INFO - Fetched details for cycle CNTKPIT-C1554
2026-05-28 13:34:55,101 - INFO - Updated result for CNTKPIT-T64 in cycle CNTKPIT-C1554
2026-05-28 13:34:55,405 - INFO - Fetched details for cycle CNTKPIT-C1553
2026-05-28 13:34:55,863 - INFO - Updated result for CNTKPIT-T64 in cycle CNTKPIT-C1553
2026-05-28 13:34:56,136 - INFO - Fetched details for cycle CNTKPIT-C1552
2026-05-28 13:34:56,587 - INFO - Updated result for CNTKPIT-T64 in cycle CNTKPIT-C1552
2026-05-28 13:34:56,874 - INFO - Fetched details for cycle CNTKPIT-C1551
2026-05-28 13:34:57,389 - INFO - Updated result for CNTKPIT-T64 in cycle CNTKPIT-C1551
2026-05-28 13:34:57,759 - INFO - Fetched details for cycle CNTKPIT-C1550
2026-05-28 13:34:58,199 - INFO - Updated result for CNTKPIT-T64 in cycle CNTKPIT-C1550
2026-05-28 13:34:58,459 - INFO - Fetched details for cycle CNTKPIT-C1549
2026-05-28 13:34:58,896 - INFO - Updated result for CNTKPIT-T64 in cycle CNTKPIT-C1549
2026-05-28 13:34:59,166 - INFO - Fetched details for cycle CNTKPIT-C1548
2026-05-28 13:34:59,639 - INFO - Updated result for CNTKPIT-T64 in cycle CNTKPIT-C1548
2026-05-28 13:35:00,008 - INFO - Fetched details for cycle CNTKPIT-C1547
2026-05-28 13:35:00,495 - INFO - Updated result for CNTKPIT-T64 in cycle CNTKPIT-C1547
2026-05-28 13:35:00,787 - INFO - Fetched details for cycle CNTKPIT-C1546
2026-05-28 13:35:01,262 - INFO - Updated result for CNTKPIT-T64 in cycle CNTKPIT-C1546
2026-05-28 13:35:01,632 - INFO - Fetched details for cycle CNTKPIT-C1545
2026-05-28 13:35:02,161 - INFO - Updated result for CNTKPIT-T64 in cycle CNTKPIT-C1545
2026-05-28 13:35:02,434 - INFO - Fetched details for cycle CNTKPIT-C1544
2026-05-28 13:35:02,915 - INFO - Updated result for CNTKPIT-T64 in cycle CNTKPIT-C1544
2026-05-28 13:35:03,283 - INFO - Fetched details for cycle CNTKPIT-C1543
2026-05-28 13:35:03,796 - INFO - Updated result for CNTKPIT-T64 in cycle CNTKPIT-C1543
2026-05-28 13:35:04,101 - INFO - Fetched details for cycle CNTKPIT-C1542
2026-05-28 13:35:04,719 - INFO - Updated result for CNTKPIT-T64 in cycle CNTKPIT-C1542
2026-05-28 13:35:04,982 - INFO - Fetched details for cycle CNTKPIT-C1541
2026-05-28 13:35:05,643 - INFO - Updated result for CNTKPIT-T64 in cycle CNTKPIT-C1541
2026-05-28 13:35:05,948 - INFO - Fetched details for cycle CNTKPIT-C1540
2026-05-28 13:35:06,460 - INFO - Updated result for CNTKPIT-T64 in cycle CNTKPIT-C1540
2026-05-28 13:35:06,770 - INFO - Fetched details for cycle CNTKPIT-C1539
2026-05-28 13:35:07,281 - INFO - Updated result for CNTKPIT-T64 in cycle CNTKPIT-C1539
2026-05-28 13:35:07,587 - INFO - Fetched details for cycle CNTKPIT-C1538
2026-05-28 13:35:08,100 - INFO - Updated result for CNTKPIT-T64 in cycle CNTKPIT-C1538
2026-05-28 13:35:08,363 - INFO - Fetched details for cycle CNTKPIT-C1537
2026-05-28 13:35:08,921 - INFO - Updated result for CNTKPIT-T64 in cycle CNTKPIT-C1537
2026-05-28 13:35:09,192 - INFO - Fetched details for cycle CNTKPIT-C1536
2026-05-28 13:35:09,740 - INFO - Updated result for CNTKPIT-T64 in cycle CNTKPIT-C1536
2026-05-28 13:35:10,045 - INFO - Fetched details for cycle CNTKPIT-C1535
2026-05-28 13:35:10,494 - INFO - Updated result for CNTKPIT-T64 in cycle CNTKPIT-C1535
2026-05-28 13:35:10,865 - INFO - Fetched details for cycle CNTKPIT-C1534
2026-05-28 13:35:11,375 - INFO - Updated result for CNTKPIT-T64 in cycle CNTKPIT-C1534
2026-05-28 13:35:11,648 - INFO - Fetched details for cycle CNTKPIT-C1533
2026-05-28 13:35:12,203 - INFO - Updated result for CNTKPIT-T64 in cycle CNTKPIT-C1533
2026-05-28 13:35:12,514 - INFO - Fetched details for cycle CNTKPIT-C1532
2026-05-28 13:35:12,993 - INFO - Updated result for CNTKPIT-T64 in cycle CNTKPIT-C1532
2026-05-28 13:35:13,260 - INFO - Fetched details for cycle CNTKPIT-C1531
2026-05-28 13:35:13,731 - INFO - Updated result for CNTKPIT-T64 in cycle CNTKPIT-C1531
2026-05-28 13:35:14,041 - INFO - Fetched details for cycle CNTKPIT-C1530
2026-05-28 13:35:14,654 - INFO - Updated result for CNTKPIT-T64 in cycle CNTKPIT-C1530
2026-05-28 13:35:14,960 - INFO - Fetched details for cycle CNTKPIT-C1529
2026-05-28 13:35:15,571 - INFO - Updated result for CNTKPIT-T64 in cycle CNTKPIT-C1529
2026-05-28 13:35:15,878 - INFO - Fetched details for cycle CNTKPIT-C1528
2026-05-28 13:35:16,509 - INFO - Updated result for CNTKPIT-T64 in cycle CNTKPIT-C1528
2026-05-28 13:35:16,806 - INFO - Fetched details for cycle CNTKPIT-C1527
2026-05-28 13:35:17,310 - INFO - Updated result for CNTKPIT-T64 in cycle CNTKPIT-C1527
2026-05-28 13:35:17,585 - INFO - Fetched details for cycle CNTKPIT-C1526
2026-05-28 13:35:18,176 - INFO - Updated result for CNTKPIT-T64 in cycle CNTKPIT-C1526
2026-05-28 13:35:18,448 - INFO - Fetched details for cycle CNTKPIT-C1525
2026-05-28 13:35:19,055 - INFO - Updated result for CNTKPIT-T64 in cycle CNTKPIT-C1525
2026-05-28 13:35:19,362 - INFO - Fetched details for cycle CNTKPIT-C1524
2026-05-28 13:35:19,876 - INFO - Updated result for CNTKPIT-T64 in cycle CNTKPIT-C1524
2026-05-28 13:35:20,166 - INFO - Fetched details for cycle CNTKPIT-C1523
2026-05-28 13:35:20,645 - INFO - Updated result for CNTKPIT-T64 in cycle CNTKPIT-C1523
2026-05-28 13:35:21,003 - INFO - Fetched details for cycle CNTKPIT-C1522
2026-05-28 13:35:21,581 - INFO - Updated result for CNTKPIT-T64 in cycle CNTKPIT-C1522
2026-05-28 13:35:21,924 - INFO - Fetched details for cycle CNTKPIT-C1521
2026-05-28 13:35:22,491 - INFO - Updated result for CNTKPIT-T64 in cycle CNTKPIT-C1521
2026-05-28 13:35:22,773 - INFO - Fetched details for cycle CNTKPIT-C1520
2026-05-28 13:35:23,353 - INFO - Updated result for CNTKPIT-T64 in cycle CNTKPIT-C1520
2026-05-28 13:35:23,665 - INFO - Fetched details for cycle CNTKPIT-C1519
2026-05-28 13:35:24,276 - INFO - Updated result for CNTKPIT-T64 in cycle CNTKPIT-C1519
2026-05-28 13:35:24,584 - INFO - Fetched details for cycle CNTKPIT-C1518
2026-05-28 13:35:25,200 - INFO - Updated result for CNTKPIT-T64 in cycle CNTKPIT-C1518
2026-05-28 13:35:25,466 - INFO - Fetched details for cycle CNTKPIT-C1517
2026-05-28 13:35:26,015 - INFO - Updated result for CNTKPIT-T64 in cycle CNTKPIT-C1517
2026-05-28 13:35:26,326 - INFO - Fetched details for cycle CNTKPIT-C1516
2026-05-28 13:35:26,839 - INFO - Updated result for CNTKPIT-T64 in cycle CNTKPIT-C1516
2026-05-28 13:35:27,150 - INFO - Fetched details for cycle CNTKPIT-C1515
2026-05-28 13:35:27,762 - INFO - Updated result for CNTKPIT-T64 in cycle CNTKPIT-C1515
2026-05-28 13:35:28,063 - INFO - Fetched details for cycle CNTKPIT-C1514
2026-05-28 13:35:28,588 - INFO - Updated result for CNTKPIT-T64 in cycle CNTKPIT-C1514
2026-05-28 13:35:28,882 - INFO - Fetched details for cycle CNTKPIT-C1513
2026-05-28 13:35:29,403 - INFO - Updated result for CNTKPIT-T64 in cycle CNTKPIT-C1513
2026-05-28 13:35:29,704 - INFO - Fetched details for cycle CNTKPIT-C1512
2026-05-28 13:35:30,193 - INFO - Updated result for CNTKPIT-T64 in cycle CNTKPIT-C1512
2026-05-28 13:35:30,484 - INFO - Fetched details for cycle CNTKPIT-C1511
2026-05-28 13:35:30,945 - INFO - Updated result for CNTKPIT-T64 in cycle CNTKPIT-C1511
2026-05-28 13:35:31,206 - INFO - Fetched details for cycle CNTKPIT-C1510
2026-05-28 13:35:31,692 - INFO - Updated result for CNTKPIT-T64 in cycle CNTKPIT-C1510
2026-05-28 13:35:31,962 - INFO - Fetched details for cycle CNTKPIT-C1509
2026-05-28 13:35:32,407 - INFO - Updated result for CNTKPIT-T64 in cycle CNTKPIT-C1509
2026-05-28 13:35:32,706 - INFO - Fetched details for cycle CNTKPIT-C1508
2026-05-28 13:35:33,289 - INFO - Updated result for CNTKPIT-T64 in cycle CNTKPIT-C1508
2026-05-28 13:35:33,702 - INFO - Fetched details for cycle CNTKPIT-C1507
2026-05-28 13:35:34,221 - INFO - Updated result for CNTKPIT-T64 in cycle CNTKPIT-C1507
2026-05-28 13:35:34,488 - INFO - Fetched details for cycle CNTKPIT-C1506
2026-05-28 13:35:34,932 - INFO - Updated result for CNTKPIT-T64 in cycle CNTKPIT-C1506
2026-05-28 13:36:09,654 - INFO - Found 75 cycles matching AEA1415R1.260514.1
2026-05-28 13:37:14,001 - INFO - Found 75 cycles matching AEA1415R1.260514.1
2026-05-28 13:37:32,199 - INFO - Fetched details for cycle CNTKPIT-C1580
2026-05-28 13:37:33,004 - INFO - Updated result for CNTKPIT-T64 in cycle CNTKPIT-C1580
2026-05-28 13:37:33,310 - INFO - Fetched details for cycle CNTKPIT-C1579
2026-05-28 13:37:33,904 - INFO - Updated result for CNTKPIT-T64 in cycle CNTKPIT-C1579
2026-05-28 13:37:34,217 - INFO - Fetched details for cycle CNTKPIT-C1578
2026-05-28 13:37:34,958 - INFO - Updated result for CNTKPIT-T64 in cycle CNTKPIT-C1578
2026-05-28 13:37:35,285 - INFO - Fetched details for cycle CNTKPIT-C1577
2026-05-28 13:37:35,873 - INFO - Updated result for CNTKPIT-T64 in cycle CNTKPIT-C1577
2026-05-28 13:37:36,163 - INFO - Fetched details for cycle CNTKPIT-C1576
2026-05-28 13:37:36,582 - INFO - Updated result for CNTKPIT-T64 in cycle CNTKPIT-C1576
2026-05-28 13:37:36,891 - INFO - Fetched details for cycle CNTKPIT-C1575
2026-05-28 13:37:37,562 - INFO - Updated result for CNTKPIT-T64 in cycle CNTKPIT-C1575
2026-05-28 13:37:38,148 - INFO - Fetched details for cycle CNTKPIT-C1574
2026-05-28 13:37:38,701 - INFO - Updated result for CNTKPIT-T64 in cycle CNTKPIT-C1574
2026-05-28 13:37:38,976 - INFO - Fetched details for cycle CNTKPIT-C1573
2026-05-28 13:37:39,587 - INFO - Updated result for CNTKPIT-T64 in cycle CNTKPIT-C1573
2026-05-28 13:37:39,865 - INFO - Fetched details for cycle CNTKPIT-C1572
2026-05-28 13:37:40,254 - INFO - Updated result for CNTKPIT-T64 in cycle CNTKPIT-C1572
2026-05-28 13:37:40,525 - INFO - Fetched details for cycle CNTKPIT-C1571
2026-05-28 13:37:41,147 - INFO - Updated result for CNTKPIT-T64 in cycle CNTKPIT-C1571
2026-05-28 13:37:41,654 - INFO - Fetched details for cycle CNTKPIT-C1570
2026-05-28 13:37:42,296 - INFO - Updated result for CNTKPIT-T64 in cycle CNTKPIT-C1570
2026-05-28 13:37:42,656 - INFO - Fetched details for cycle CNTKPIT-C1569
2026-05-28 13:37:43,509 - INFO - Updated result for CNTKPIT-T64 in cycle CNTKPIT-C1569
2026-05-28 13:37:43,845 - INFO - Fetched details for cycle CNTKPIT-C1568
2026-05-28 13:37:44,371 - INFO - Updated result for CNTKPIT-T64 in cycle CNTKPIT-C1568
2026-05-28 13:37:44,670 - INFO - Fetched details for cycle CNTKPIT-C1567
2026-05-28 13:37:45,190 - INFO - Updated result for CNTKPIT-T64 in cycle CNTKPIT-C1567
2026-05-28 13:37:45,481 - INFO - Fetched details for cycle CNTKPIT-C1566
2026-05-28 13:37:45,989 - INFO - Updated result for CNTKPIT-T64 in cycle CNTKPIT-C1566
2026-05-28 13:37:46,280 - INFO - Fetched details for cycle CNTKPIT-C1565
2026-05-28 13:37:46,666 - INFO - Updated result for CNTKPIT-T64 in cycle CNTKPIT-C1565
2026-05-28 13:37:47,088 - INFO - Fetched details for cycle CNTKPIT-C1564
2026-05-28 13:37:47,485 - INFO - Updated result for CNTKPIT-T64 in cycle CNTKPIT-C1564
2026-05-28 13:37:47,861 - INFO - Fetched details for cycle CNTKPIT-C1563
2026-05-28 13:37:48,573 - INFO - Updated result for CNTKPIT-T64 in cycle CNTKPIT-C1563
2026-05-28 13:37:49,190 - INFO - Fetched details for cycle CNTKPIT-C1562
2026-05-28 13:37:49,939 - INFO - Updated result for CNTKPIT-T64 in cycle CNTKPIT-C1562
2026-05-28 13:37:50,516 - INFO - Fetched details for cycle CNTKPIT-C1561
2026-05-28 13:37:51,028 - INFO - Updated result for CNTKPIT-T64 in cycle CNTKPIT-C1561
2026-05-28 13:37:51,336 - INFO - Fetched details for cycle CNTKPIT-C1560
2026-05-28 13:37:52,052 - INFO - Updated result for CNTKPIT-T64 in cycle CNTKPIT-C1560
2026-05-28 13:37:52,562 - INFO - Fetched details for cycle CNTKPIT-C1559
2026-05-28 13:37:53,486 - INFO - Updated result for CNTKPIT-T64 in cycle CNTKPIT-C1559
2026-05-28 13:37:53,912 - INFO - Fetched details for cycle CNTKPIT-C1558
2026-05-28 13:37:54,451 - INFO - Updated result for CNTKPIT-T64 in cycle CNTKPIT-C1558
2026-05-28 13:37:54,981 - INFO - Fetched details for cycle CNTKPIT-C1557
2026-05-28 13:37:55,480 - INFO - Updated result for CNTKPIT-T64 in cycle CNTKPIT-C1557
2026-05-28 13:37:55,842 - INFO - Fetched details for cycle CNTKPIT-C1556
2026-05-28 13:37:56,528 - INFO - Updated result for CNTKPIT-T64 in cycle CNTKPIT-C1556
2026-05-28 13:37:56,864 - INFO - Fetched details for cycle CNTKPIT-C1555
2026-05-28 13:37:57,687 - INFO - Updated result for CNTKPIT-T64 in cycle CNTKPIT-C1555
2026-05-28 13:37:57,984 - INFO - Fetched details for cycle CNTKPIT-C1554
2026-05-28 13:37:58,707 - INFO - Updated result for CNTKPIT-T64 in cycle CNTKPIT-C1554
2026-05-28 13:37:59,525 - INFO - Fetched details for cycle CNTKPIT-C1553
2026-05-28 13:38:00,036 - INFO - Updated result for CNTKPIT-T64 in cycle CNTKPIT-C1553
2026-05-28 13:38:00,334 - INFO - Fetched details for cycle CNTKPIT-C1552
2026-05-28 13:38:01,254 - INFO - Updated result for CNTKPIT-T64 in cycle CNTKPIT-C1552
2026-05-28 13:38:01,676 - INFO - Fetched details for cycle CNTKPIT-C1551
2026-05-28 13:38:02,500 - INFO - Updated result for CNTKPIT-T64 in cycle CNTKPIT-C1551
2026-05-28 13:38:02,786 - INFO - Fetched details for cycle CNTKPIT-C1550
2026-05-28 13:38:03,522 - INFO - Updated result for CNTKPIT-T64 in cycle CNTKPIT-C1550
2026-05-28 13:38:03,882 - INFO - Fetched details for cycle CNTKPIT-C1549
2026-05-28 13:38:04,367 - INFO - Updated result for CNTKPIT-T64 in cycle CNTKPIT-C1549
2026-05-28 13:38:04,668 - INFO - Fetched details for cycle CNTKPIT-C1548
2026-05-28 13:38:05,172 - INFO - Updated result for CNTKPIT-T64 in cycle CNTKPIT-C1548
2026-05-28 13:38:05,454 - INFO - Fetched details for cycle CNTKPIT-C1547
2026-05-28 13:38:05,879 - INFO - Updated result for CNTKPIT-T64 in cycle CNTKPIT-C1547
2026-05-28 13:38:06,188 - INFO - Fetched details for cycle CNTKPIT-C1546
2026-05-28 13:38:06,595 - INFO - Updated result for CNTKPIT-T64 in cycle CNTKPIT-C1546
2026-05-28 13:38:06,878 - INFO - Fetched details for cycle CNTKPIT-C1545
2026-05-28 13:38:07,256 - INFO - Updated result for CNTKPIT-T64 in cycle CNTKPIT-C1545
2026-05-28 13:38:07,541 - INFO - Fetched details for cycle CNTKPIT-C1544
2026-05-28 13:38:07,957 - INFO - Updated result for CNTKPIT-T64 in cycle CNTKPIT-C1544
2026-05-28 13:38:08,249 - INFO - Fetched details for cycle CNTKPIT-C1543
2026-05-28 13:38:08,657 - INFO - Updated result for CNTKPIT-T64 in cycle CNTKPIT-C1543
2026-05-28 13:38:09,052 - INFO - Fetched details for cycle CNTKPIT-C1542
2026-05-28 13:38:09,564 - INFO - Updated result for CNTKPIT-T64 in cycle CNTKPIT-C1542
2026-05-28 13:38:09,870 - INFO - Fetched details for cycle CNTKPIT-C1541
2026-05-28 13:38:10,251 - INFO - Updated result for CNTKPIT-T64 in cycle CNTKPIT-C1541
2026-05-28 13:38:10,590 - INFO - Fetched details for cycle CNTKPIT-C1540
2026-05-28 13:38:11,108 - INFO - Updated result for CNTKPIT-T64 in cycle CNTKPIT-C1540
2026-05-28 13:38:11,415 - INFO - Fetched details for cycle CNTKPIT-C1539
2026-05-28 13:38:11,825 - INFO - Updated result for CNTKPIT-T64 in cycle CNTKPIT-C1539
2026-05-28 13:38:12,106 - INFO - Fetched details for cycle CNTKPIT-C1538
2026-05-28 13:38:12,536 - INFO - Updated result for CNTKPIT-T64 in cycle CNTKPIT-C1538
2026-05-28 13:38:12,816 - INFO - Fetched details for cycle CNTKPIT-C1537
2026-05-28 13:38:13,316 - INFO - Updated result for CNTKPIT-T64 in cycle CNTKPIT-C1537
2026-05-28 13:38:13,658 - INFO - Fetched details for cycle CNTKPIT-C1536
2026-05-28 13:38:14,069 - INFO - Updated result for CNTKPIT-T64 in cycle CNTKPIT-C1536
2026-05-28 13:38:14,366 - INFO - Fetched details for cycle CNTKPIT-C1535
2026-05-28 13:38:14,822 - INFO - Updated result for CNTKPIT-T64 in cycle CNTKPIT-C1535
2026-05-28 13:38:15,199 - INFO - Fetched details for cycle CNTKPIT-C1534
2026-05-28 13:38:15,713 - INFO - Updated result for CNTKPIT-T64 in cycle CNTKPIT-C1534
2026-05-28 13:38:16,114 - INFO - Fetched details for cycle CNTKPIT-C1533
2026-05-28 13:38:16,539 - INFO - Updated result for CNTKPIT-T64 in cycle CNTKPIT-C1533
2026-05-28 13:38:16,946 - INFO - Fetched details for cycle CNTKPIT-C1532
2026-05-28 13:38:17,451 - INFO - Updated result for CNTKPIT-T64 in cycle CNTKPIT-C1532
2026-05-28 13:38:17,763 - INFO - Fetched details for cycle CNTKPIT-C1531
2026-05-28 13:38:18,268 - INFO - Updated result for CNTKPIT-T64 in cycle CNTKPIT-C1531
2026-05-28 13:38:18,573 - INFO - Fetched details for cycle CNTKPIT-C1530
2026-05-28 13:38:19,090 - INFO - Updated result for CNTKPIT-T64 in cycle CNTKPIT-C1530
2026-05-28 13:38:19,422 - INFO - Fetched details for cycle CNTKPIT-C1529
2026-05-28 13:38:20,006 - INFO - Updated result for CNTKPIT-T64 in cycle CNTKPIT-C1529
2026-05-28 13:38:20,419 - INFO - Fetched details for cycle CNTKPIT-C1528
2026-05-28 13:38:20,905 - INFO - Updated result for CNTKPIT-T64 in cycle CNTKPIT-C1528
2026-05-28 13:38:21,257 - INFO - Fetched details for cycle CNTKPIT-C1527
2026-05-28 13:38:21,663 - INFO - Updated result for CNTKPIT-T64 in cycle CNTKPIT-C1527
2026-05-28 13:38:22,055 - INFO - Fetched details for cycle CNTKPIT-C1526
2026-05-28 13:38:22,587 - INFO - Updated result for CNTKPIT-T64 in cycle CNTKPIT-C1526
2026-05-28 13:38:22,870 - INFO - Fetched details for cycle CNTKPIT-C1525
2026-05-28 13:38:23,284 - INFO - Updated result for CNTKPIT-T64 in cycle CNTKPIT-C1525
2026-05-28 13:38:23,558 - INFO - Fetched details for cycle CNTKPIT-C1524
2026-05-28 13:38:23,938 - INFO - Updated result for CNTKPIT-T64 in cycle CNTKPIT-C1524
2026-05-28 13:38:24,241 - INFO - Fetched details for cycle CNTKPIT-C1523
2026-05-28 13:38:24,733 - INFO - Updated result for CNTKPIT-T64 in cycle CNTKPIT-C1523
2026-05-28 13:38:25,069 - INFO - Fetched details for cycle CNTKPIT-C1522
2026-05-28 13:38:25,541 - INFO - Updated result for CNTKPIT-T64 in cycle CNTKPIT-C1522
2026-05-28 13:38:25,951 - INFO - Fetched details for cycle CNTKPIT-C1521
2026-05-28 13:38:26,362 - INFO - Updated result for CNTKPIT-T64 in cycle CNTKPIT-C1521
2026-05-28 13:38:26,667 - INFO - Fetched details for cycle CNTKPIT-C1520
2026-05-28 13:38:27,179 - INFO - Updated result for CNTKPIT-T64 in cycle CNTKPIT-C1520
2026-05-28 13:38:27,485 - INFO - Fetched details for cycle CNTKPIT-C1519
2026-05-28 13:38:27,915 - INFO - Updated result for CNTKPIT-T64 in cycle CNTKPIT-C1519
2026-05-28 13:38:28,208 - INFO - Fetched details for cycle CNTKPIT-C1518
2026-05-28 13:38:28,625 - INFO - Updated result for CNTKPIT-T64 in cycle CNTKPIT-C1518
2026-05-28 13:38:28,931 - INFO - Fetched details for cycle CNTKPIT-C1517
2026-05-28 13:38:29,330 - INFO - Updated result for CNTKPIT-T64 in cycle CNTKPIT-C1517
2026-05-28 13:38:29,634 - INFO - Fetched details for cycle CNTKPIT-C1516
2026-05-28 13:38:30,160 - INFO - Updated result for CNTKPIT-T64 in cycle CNTKPIT-C1516
2026-05-28 13:38:30,455 - INFO - Fetched details for cycle CNTKPIT-C1515
2026-05-28 13:38:30,971 - INFO - Updated result for CNTKPIT-T64 in cycle CNTKPIT-C1515
2026-05-28 13:38:31,272 - INFO - Fetched details for cycle CNTKPIT-C1514
2026-05-28 13:38:31,655 - INFO - Updated result for CNTKPIT-T64 in cycle CNTKPIT-C1514
2026-05-28 13:38:31,974 - INFO - Fetched details for cycle CNTKPIT-C1513
2026-05-28 13:38:32,361 - INFO - Updated result for CNTKPIT-T64 in cycle CNTKPIT-C1513
2026-05-28 13:38:32,644 - INFO - Fetched details for cycle CNTKPIT-C1512
2026-05-28 13:38:33,088 - INFO - Updated result for CNTKPIT-T64 in cycle CNTKPIT-C1512
2026-05-28 13:38:33,372 - INFO - Fetched details for cycle CNTKPIT-C1511
2026-05-28 13:38:33,774 - INFO - Updated result for CNTKPIT-T64 in cycle CNTKPIT-C1511
2026-05-28 13:38:34,104 - INFO - Fetched details for cycle CNTKPIT-C1510
2026-05-28 13:38:34,611 - INFO - Updated result for CNTKPIT-T64 in cycle CNTKPIT-C1510
2026-05-28 13:38:34,998 - INFO - Fetched details for cycle CNTKPIT-C1509
2026-05-28 13:38:35,534 - INFO - Updated result for CNTKPIT-T64 in cycle CNTKPIT-C1509
2026-05-28 13:38:35,987 - INFO - Fetched details for cycle CNTKPIT-C1508
2026-05-28 13:38:36,498 - INFO - Updated result for CNTKPIT-T64 in cycle CNTKPIT-C1508
2026-05-28 13:38:37,005 - INFO - Fetched details for cycle CNTKPIT-C1507
2026-05-28 13:38:37,587 - INFO - Updated result for CNTKPIT-T64 in cycle CNTKPIT-C1507
2026-05-28 13:38:38,046 - INFO - Fetched details for cycle CNTKPIT-C1506
2026-05-28 13:38:38,638 - INFO - Updated result for CNTKPIT-T64 in cycle CNTKPIT-C1506
2026-05-28 13:42:41,046 - INFO - Found 75 cycles matching AEA1415R1.260514.1
2026-05-28 13:44:12,998 - INFO - Found 1 cycles matching AEA1415R1.260514.1_T90A3_75_ITR_Cycle_iPhone_ITR_01
2026-05-28 13:44:32,650 - INFO - Found 75 cycles matching AEA1415R1.260514.1
2026-05-28 13:44:52,742 - INFO - Fetched details for cycle CNTKPIT-C1580
2026-05-28 13:44:53,580 - INFO - Updated result for CNTKPIT-T55 in cycle CNTKPIT-C1580
2026-05-28 13:44:53,970 - INFO - Fetched details for cycle CNTKPIT-C1579
2026-05-28 13:44:54,788 - INFO - Updated result for CNTKPIT-T55 in cycle CNTKPIT-C1579
2026-05-28 13:44:55,082 - INFO - Fetched details for cycle CNTKPIT-C1578
2026-05-28 13:44:55,913 - INFO - Updated result for CNTKPIT-T55 in cycle CNTKPIT-C1578
2026-05-28 13:44:56,231 - INFO - Fetched details for cycle CNTKPIT-C1577
2026-05-28 13:44:57,041 - INFO - Updated result for CNTKPIT-T55 in cycle CNTKPIT-C1577
2026-05-28 13:44:57,350 - INFO - Fetched details for cycle CNTKPIT-C1576
2026-05-28 13:44:58,080 - INFO - Updated result for CNTKPIT-T55 in cycle CNTKPIT-C1576
2026-05-28 13:44:58,383 - INFO - Fetched details for cycle CNTKPIT-C1575
2026-05-28 13:44:59,120 - INFO - Updated result for CNTKPIT-T55 in cycle CNTKPIT-C1575
2026-05-28 13:44:59,501 - INFO - Fetched details for cycle CNTKPIT-C1574
2026-05-28 13:45:00,253 - INFO - Updated result for CNTKPIT-T55 in cycle CNTKPIT-C1574
2026-05-28 13:45:00,648 - INFO - Fetched details for cycle CNTKPIT-C1573
2026-05-28 13:45:01,483 - INFO - Updated result for CNTKPIT-T55 in cycle CNTKPIT-C1573
2026-05-28 13:45:01,861 - INFO - Fetched details for cycle CNTKPIT-C1572
2026-05-28 13:45:02,578 - INFO - Updated result for CNTKPIT-T55 in cycle CNTKPIT-C1572
2026-05-28 13:45:02,884 - INFO - Fetched details for cycle CNTKPIT-C1571
2026-05-28 13:45:03,907 - INFO - Updated result for CNTKPIT-T55 in cycle CNTKPIT-C1571
2026-05-28 13:45:04,317 - INFO - Fetched details for cycle CNTKPIT-C1570
2026-05-28 13:45:05,146 - INFO - Updated result for CNTKPIT-T55 in cycle CNTKPIT-C1570
2026-05-28 13:45:05,548 - INFO - Fetched details for cycle CNTKPIT-C1569
2026-05-28 13:45:06,314 - INFO - Updated result for CNTKPIT-T55 in cycle CNTKPIT-C1569
2026-05-28 13:45:06,668 - INFO - Fetched details for cycle CNTKPIT-C1568
2026-05-28 13:45:07,491 - INFO - Updated result for CNTKPIT-T55 in cycle CNTKPIT-C1568
2026-05-28 13:45:07,798 - INFO - Fetched details for cycle CNTKPIT-C1567
2026-05-28 13:45:08,588 - INFO - Updated result for CNTKPIT-T55 in cycle CNTKPIT-C1567
2026-05-28 13:45:08,925 - INFO - Fetched details for cycle CNTKPIT-C1566
2026-05-28 13:45:09,671 - INFO - Updated result for CNTKPIT-T55 in cycle CNTKPIT-C1566
2026-05-28 13:45:10,049 - INFO - Fetched details for cycle CNTKPIT-C1565
2026-05-28 13:45:10,870 - INFO - Updated result for CNTKPIT-T55 in cycle CNTKPIT-C1565
2026-05-28 13:45:11,179 - INFO - Fetched details for cycle CNTKPIT-C1564
2026-05-28 13:45:11,931 - INFO - Updated result for CNTKPIT-T55 in cycle CNTKPIT-C1564
2026-05-28 13:45:12,304 - INFO - Fetched details for cycle CNTKPIT-C1563
2026-05-28 13:45:13,071 - INFO - Updated result for CNTKPIT-T55 in cycle CNTKPIT-C1563
2026-05-28 13:45:13,431 - INFO - Fetched details for cycle CNTKPIT-C1562
2026-05-28 13:45:14,249 - INFO - Updated result for CNTKPIT-T55 in cycle CNTKPIT-C1562
2026-05-28 13:45:14,539 - INFO - Fetched details for cycle CNTKPIT-C1561
2026-05-28 13:45:15,334 - INFO - Updated result for CNTKPIT-T55 in cycle CNTKPIT-C1561
2026-05-28 13:45:15,623 - INFO - Fetched details for cycle CNTKPIT-C1560
2026-05-28 13:45:16,483 - INFO - Updated result for CNTKPIT-T55 in cycle CNTKPIT-C1560
2026-05-28 13:45:16,826 - INFO - Fetched details for cycle CNTKPIT-C1559
2026-05-28 13:45:17,624 - INFO - Updated result for CNTKPIT-T55 in cycle CNTKPIT-C1559
2026-05-28 13:45:17,938 - INFO - Fetched details for cycle CNTKPIT-C1558
2026-05-28 13:45:18,758 - INFO - Updated result for CNTKPIT-T55 in cycle CNTKPIT-C1558
2026-05-28 13:45:19,169 - INFO - Fetched details for cycle CNTKPIT-C1557
2026-05-28 13:45:20,048 - INFO - Updated result for CNTKPIT-T55 in cycle CNTKPIT-C1557
2026-05-28 13:45:20,708 - INFO - Fetched details for cycle CNTKPIT-C1556
2026-05-28 13:45:21,522 - INFO - Updated result for CNTKPIT-T55 in cycle CNTKPIT-C1556
2026-05-28 13:45:21,829 - INFO - Fetched details for cycle CNTKPIT-C1555
2026-05-28 13:45:22,641 - INFO - Updated result for CNTKPIT-T55 in cycle CNTKPIT-C1555
2026-05-28 13:45:23,057 - INFO - Fetched details for cycle CNTKPIT-C1554
2026-05-28 13:45:23,881 - INFO - Updated result for CNTKPIT-T55 in cycle CNTKPIT-C1554
2026-05-28 13:45:24,288 - INFO - Fetched details for cycle CNTKPIT-C1553
2026-05-28 13:45:25,109 - INFO - Updated result for CNTKPIT-T55 in cycle CNTKPIT-C1553
2026-05-28 13:45:25,416 - INFO - Fetched details for cycle CNTKPIT-C1552
2026-05-28 13:45:26,133 - INFO - Updated result for CNTKPIT-T55 in cycle CNTKPIT-C1552
2026-05-28 13:45:26,547 - INFO - Fetched details for cycle CNTKPIT-C1551
2026-05-28 13:45:27,296 - INFO - Updated result for CNTKPIT-T55 in cycle CNTKPIT-C1551
2026-05-28 13:45:27,585 - INFO - Fetched details for cycle CNTKPIT-C1550
2026-05-28 13:45:28,379 - INFO - Updated result for CNTKPIT-T55 in cycle CNTKPIT-C1550
2026-05-28 13:45:28,691 - INFO - Fetched details for cycle CNTKPIT-C1549
2026-05-28 13:45:29,510 - INFO - Updated result for CNTKPIT-T55 in cycle CNTKPIT-C1549
2026-05-28 13:45:29,820 - INFO - Fetched details for cycle CNTKPIT-C1548
2026-05-28 13:45:30,636 - INFO - Updated result for CNTKPIT-T55 in cycle CNTKPIT-C1548
2026-05-28 13:45:30,950 - INFO - Fetched details for cycle CNTKPIT-C1547
2026-05-28 13:45:31,788 - INFO - Updated result for CNTKPIT-T55 in cycle CNTKPIT-C1547
2026-05-28 13:45:32,251 - INFO - Fetched details for cycle CNTKPIT-C1546
2026-05-28 13:45:33,299 - INFO - Updated result for CNTKPIT-T55 in cycle CNTKPIT-C1546
2026-05-28 13:45:33,917 - INFO - Fetched details for cycle CNTKPIT-C1545
2026-05-28 13:45:34,704 - INFO - Updated result for CNTKPIT-T55 in cycle CNTKPIT-C1545
2026-05-28 13:45:35,019 - INFO - Fetched details for cycle CNTKPIT-C1544
2026-05-28 13:45:35,960 - INFO - Updated result for CNTKPIT-T55 in cycle CNTKPIT-C1544
2026-05-28 13:45:36,270 - INFO - Fetched details for cycle CNTKPIT-C1543
2026-05-28 13:45:37,088 - INFO - Updated result for CNTKPIT-T55 in cycle CNTKPIT-C1543
2026-05-28 13:45:37,596 - INFO - Fetched details for cycle CNTKPIT-C1542
2026-05-28 13:45:38,417 - INFO - Updated result for CNTKPIT-T55 in cycle CNTKPIT-C1542
2026-05-28 13:45:38,830 - INFO - Fetched details for cycle CNTKPIT-C1541
2026-05-28 13:45:39,573 - INFO - Updated result for CNTKPIT-T55 in cycle CNTKPIT-C1541
2026-05-28 13:45:39,956 - INFO - Fetched details for cycle CNTKPIT-C1540
2026-05-28 13:45:40,774 - INFO - Updated result for CNTKPIT-T55 in cycle CNTKPIT-C1540
2026-05-28 13:45:41,105 - INFO - Fetched details for cycle CNTKPIT-C1539
2026-05-28 13:45:41,902 - INFO - Updated result for CNTKPIT-T55 in cycle CNTKPIT-C1539
2026-05-28 13:45:42,208 - INFO - Fetched details for cycle CNTKPIT-C1538
2026-05-28 13:45:42,975 - INFO - Updated result for CNTKPIT-T55 in cycle CNTKPIT-C1538
2026-05-28 13:45:43,277 - INFO - Fetched details for cycle CNTKPIT-C1537
2026-05-28 13:45:44,009 - INFO - Updated result for CNTKPIT-T55 in cycle CNTKPIT-C1537
2026-05-28 13:45:44,355 - INFO - Fetched details for cycle CNTKPIT-C1536
2026-05-28 13:45:45,108 - INFO - Updated result for CNTKPIT-T55 in cycle CNTKPIT-C1536
2026-05-28 13:45:45,460 - INFO - Fetched details for cycle CNTKPIT-C1535
2026-05-28 13:45:46,222 - INFO - Updated result for CNTKPIT-T55 in cycle CNTKPIT-C1535
2026-05-28 13:45:46,511 - INFO - Fetched details for cycle CNTKPIT-C1534
2026-05-28 13:45:47,235 - INFO - Updated result for CNTKPIT-T55 in cycle CNTKPIT-C1534
2026-05-28 13:45:47,531 - INFO - Fetched details for cycle CNTKPIT-C1533
2026-05-28 13:45:48,249 - INFO - Updated result for CNTKPIT-T55 in cycle CNTKPIT-C1533
2026-05-28 13:45:48,526 - INFO - Fetched details for cycle CNTKPIT-C1532
2026-05-28 13:45:49,291 - INFO - Updated result for CNTKPIT-T55 in cycle CNTKPIT-C1532
2026-05-28 13:45:49,634 - INFO - Fetched details for cycle CNTKPIT-C1531
2026-05-28 13:45:50,397 - INFO - Updated result for CNTKPIT-T55 in cycle CNTKPIT-C1531
2026-05-28 13:45:50,727 - INFO - Fetched details for cycle CNTKPIT-C1530
2026-05-28 13:45:51,490 - INFO - Updated result for CNTKPIT-T55 in cycle CNTKPIT-C1530
2026-05-28 13:45:51,773 - INFO - Fetched details for cycle CNTKPIT-C1529
2026-05-28 13:45:52,654 - INFO - Updated result for CNTKPIT-T55 in cycle CNTKPIT-C1529
2026-05-28 13:45:53,047 - INFO - Fetched details for cycle CNTKPIT-C1528
2026-05-28 13:45:53,891 - INFO - Updated result for CNTKPIT-T55 in cycle CNTKPIT-C1528
2026-05-28 13:45:54,191 - INFO - Fetched details for cycle CNTKPIT-C1527
2026-05-28 13:45:55,008 - INFO - Updated result for CNTKPIT-T55 in cycle CNTKPIT-C1527
2026-05-28 13:45:55,284 - INFO - Fetched details for cycle CNTKPIT-C1526
2026-05-28 13:45:56,132 - INFO - Updated result for CNTKPIT-T55 in cycle CNTKPIT-C1526
2026-05-28 13:45:56,447 - INFO - Fetched details for cycle CNTKPIT-C1525
2026-05-28 13:45:57,214 - INFO - Updated result for CNTKPIT-T55 in cycle CNTKPIT-C1525
2026-05-28 13:45:57,508 - INFO - Fetched details for cycle CNTKPIT-C1524
2026-05-28 13:45:58,341 - INFO - Updated result for CNTKPIT-T55 in cycle CNTKPIT-C1524
2026-05-28 13:45:58,630 - INFO - Fetched details for cycle CNTKPIT-C1523
2026-05-28 13:45:59,514 - INFO - Updated result for CNTKPIT-T55 in cycle CNTKPIT-C1523
2026-05-28 13:45:59,821 - INFO - Fetched details for cycle CNTKPIT-C1522
2026-05-28 13:46:00,642 - INFO - Updated result for CNTKPIT-T55 in cycle CNTKPIT-C1522
2026-05-28 13:46:01,050 - INFO - Fetched details for cycle CNTKPIT-C1521
2026-05-28 13:46:01,873 - INFO - Updated result for CNTKPIT-T55 in cycle CNTKPIT-C1521
2026-05-28 13:46:02,280 - INFO - Fetched details for cycle CNTKPIT-C1520
2026-05-28 13:46:03,100 - INFO - Updated result for CNTKPIT-T55 in cycle CNTKPIT-C1520
2026-05-28 13:46:03,406 - INFO - Fetched details for cycle CNTKPIT-C1519
2026-05-28 13:46:04,233 - INFO - Updated result for CNTKPIT-T55 in cycle CNTKPIT-C1519
2026-05-28 13:46:04,534 - INFO - Fetched details for cycle CNTKPIT-C1518
2026-05-28 13:46:05,273 - INFO - Updated result for CNTKPIT-T55 in cycle CNTKPIT-C1518
2026-05-28 13:46:05,562 - INFO - Fetched details for cycle CNTKPIT-C1517
2026-05-28 13:46:06,320 - INFO - Updated result for CNTKPIT-T55 in cycle CNTKPIT-C1517
2026-05-28 13:46:06,598 - INFO - Fetched details for cycle CNTKPIT-C1516
2026-05-28 13:46:07,402 - INFO - Updated result for CNTKPIT-T55 in cycle CNTKPIT-C1516
2026-05-28 13:46:07,687 - INFO - Fetched details for cycle CNTKPIT-C1515
2026-05-28 13:46:08,474 - INFO - Updated result for CNTKPIT-T55 in cycle CNTKPIT-C1515
2026-05-28 13:46:08,837 - INFO - Fetched details for cycle CNTKPIT-C1514
2026-05-28 13:46:09,654 - INFO - Updated result for CNTKPIT-T55 in cycle CNTKPIT-C1514
2026-05-28 13:46:10,022 - INFO - Fetched details for cycle CNTKPIT-C1513
2026-05-28 13:46:10,986 - INFO - Updated result for CNTKPIT-T55 in cycle CNTKPIT-C1513
2026-05-28 13:46:11,290 - INFO - Fetched details for cycle CNTKPIT-C1512
2026-05-28 13:46:12,111 - INFO - Updated result for CNTKPIT-T55 in cycle CNTKPIT-C1512
2026-05-28 13:46:12,625 - INFO - Fetched details for cycle CNTKPIT-C1511
2026-05-28 13:46:13,371 - INFO - Updated result for CNTKPIT-T55 in cycle CNTKPIT-C1511
2026-05-28 13:46:13,751 - INFO - Fetched details for cycle CNTKPIT-C1510
2026-05-28 13:46:14,569 - INFO - Updated result for CNTKPIT-T55 in cycle CNTKPIT-C1510
2026-05-28 13:46:15,080 - INFO - Fetched details for cycle CNTKPIT-C1509
2026-05-28 13:46:15,896 - INFO - Updated result for CNTKPIT-T55 in cycle CNTKPIT-C1509
2026-05-28 13:46:16,222 - INFO - Fetched details for cycle CNTKPIT-C1508
2026-05-28 13:46:17,013 - INFO - Updated result for CNTKPIT-T55 in cycle CNTKPIT-C1508
2026-05-28 13:46:17,294 - INFO - Fetched details for cycle CNTKPIT-C1507
2026-05-28 13:46:18,052 - INFO - Updated result for CNTKPIT-T55 in cycle CNTKPIT-C1507
2026-05-28 13:46:18,458 - INFO - Fetched details for cycle CNTKPIT-C1506
2026-05-28 13:46:19,383 - INFO - Updated result for CNTKPIT-T55 in cycle CNTKPIT-C1506
2026-05-28 13:46:59,077 - INFO - Found 75 cycles matching AEA1415R1.260514.1
2026-06-12 12:02:41,493 - INFO - Found 0 cycles matching BFA1509R0.260603.1
