2026-03-19 10:26:28,047 | INFO | Token loaded from Environment Variable
2026-03-19 10:26:28,749 | INFO | Successfully connected to Jira server: https://kpithondajapan.atlassian.net
2026-03-19 10:26:30,934 | INFO | Successfully read Excel file: Transite_Issues.xlsx
2026-03-19 10:26:31,610 | INFO | Processing ticket A15-3448 with current status: ISSUE ANALYSIS IN PROGRESS
2026-03-19 10:26:33,466 | INFO | Transitioned A15-3448 from 'ISSUE ANALYSIS IN PROGRESS' to 'ISSUE ANALYSIS COMPLETED'
2026-03-19 10:26:34,112 | INFO | No defined transition for current status: ISSUE ANALYSIS COMPLETED for ticket A15-3448
2026-03-19 10:26:34,113 | INFO | No defined transition for current status: ISSUE ANALYSIS COMPLETED for ticket A15-3448
2026-03-19 10:26:34,114 | INFO | No defined transition for current status: ISSUE ANALYSIS COMPLETED for ticket A15-3448
2026-03-19 10:26:34,115 | INFO | No defined transition for current status: ISSUE ANALYSIS COMPLETED for ticket A15-3448
2026-03-19 10:26:34,116 | INFO | No defined transition for current status: ISSUE ANALYSIS COMPLETED for ticket A15-3448
2026-03-19 10:26:34,116 | INFO | No defined transition for current status: ISSUE ANALYSIS COMPLETED for ticket A15-3448
2026-03-19 10:26:34,117 | INFO | No defined transition for current status: ISSUE ANALYSIS COMPLETED for ticket A15-3448
2026-03-19 10:26:34,117 | INFO | No defined transition for current status: ISSUE ANALYSIS COMPLETED for ticket A15-3448
2026-03-19 10:26:34,119 | INFO | No defined transition for current status: ISSUE ANALYSIS COMPLETED for ticket A15-3448
2026-03-19 10:26:34,119 | INFO | No defined transition for current status: ISSUE ANALYSIS COMPLETED for ticket A15-3448
2026-03-19 10:26:34,120 | INFO | No defined transition for current status: ISSUE ANALYSIS COMPLETED for ticket A15-3448
2026-03-19 10:26:34,120 | INFO | No defined transition for current status: ISSUE ANALYSIS COMPLETED for ticket A15-3448
2026-03-19 10:26:34,121 | INFO | No defined transition for current status: ISSUE ANALYSIS COMPLETED for ticket A15-3448
2026-03-19 10:26:34,121 | INFO | No defined transition for current status: ISSUE ANALYSIS COMPLETED for ticket A15-3448
2026-03-19 10:26:34,121 | INFO | No defined transition for current status: ISSUE ANALYSIS COMPLETED for ticket A15-3448
2026-03-19 10:26:34,122 | INFO | No defined transition for current status: ISSUE ANALYSIS COMPLETED for ticket A15-3448
2026-03-19 10:26:34,123 | INFO | No defined transition for current status: ISSUE ANALYSIS COMPLETED for ticket A15-3448
2026-03-19 10:26:34,123 | INFO | No defined transition for current status: ISSUE ANALYSIS COMPLETED for ticket A15-3448
2026-03-19 10:26:34,123 | INFO | No defined transition for current status: ISSUE ANALYSIS COMPLETED for ticket A15-3448
2026-03-19 10:26:34,124 | INFO | No defined transition for current status: ISSUE ANALYSIS COMPLETED for ticket A15-3448
2026-03-19 10:26:34,124 | INFO | No defined transition for current status: ISSUE ANALYSIS COMPLETED for ticket A15-3448
2026-03-19 10:26:34,125 | INFO | No defined transition for current status: ISSUE ANALYSIS COMPLETED for ticket A15-3448
2026-03-19 10:26:34,125 | INFO | No defined transition for current status: ISSUE ANALYSIS COMPLETED for ticket A15-3448
2026-03-19 10:26:34,125 | INFO | No defined transition for current status: ISSUE ANALYSIS COMPLETED for ticket A15-3448
2026-03-19 10:26:34,126 | INFO | No defined transition for current status: ISSUE ANALYSIS COMPLETED for ticket A15-3448
2026-03-19 10:26:34,126 | INFO | No defined transition for current status: ISSUE ANALYSIS COMPLETED for ticket A15-3448
2026-03-19 10:26:34,126 | INFO | No defined transition for current status: ISSUE ANALYSIS COMPLETED for ticket A15-3448
2026-03-19 10:26:34,126 | INFO | No defined transition for current status: ISSUE ANALYSIS COMPLETED for ticket A15-3448
2026-03-19 10:26:34,126 | INFO | No defined transition for current status: ISSUE ANALYSIS COMPLETED for ticket A15-3448
2026-03-19 10:26:34,127 | INFO | No defined transition for current status: ISSUE ANALYSIS COMPLETED for ticket A15-3448
2026-03-19 10:26:34,127 | INFO | No defined transition for current status: ISSUE ANALYSIS COMPLETED for ticket A15-3448
2026-03-19 10:26:34,127 | INFO | No defined transition for current status: ISSUE ANALYSIS COMPLETED for ticket A15-3448
2026-03-19 10:26:34,127 | INFO | No defined transition for current status: ISSUE ANALYSIS COMPLETED for ticket A15-3448
2026-03-19 10:26:34,127 | INFO | No defined transition for current status: ISSUE ANALYSIS COMPLETED for ticket A15-3448
2026-03-19 10:26:34,127 | INFO | No defined transition for current status: ISSUE ANALYSIS COMPLETED for ticket A15-3448
2026-03-19 10:26:34,128 | INFO | No defined transition for current status: ISSUE ANALYSIS COMPLETED for ticket A15-3448
2026-03-19 10:26:34,128 | INFO | No defined transition for current status: ISSUE ANALYSIS COMPLETED for ticket A15-3448
2026-03-19 10:26:34,128 | INFO | No defined transition for current status: ISSUE ANALYSIS COMPLETED for ticket A15-3448
2026-03-19 10:26:34,128 | INFO | No defined transition for current status: ISSUE ANALYSIS COMPLETED for ticket A15-3448
2026-03-19 10:26:34,129 | INFO | No defined transition for current status: ISSUE ANALYSIS COMPLETED for ticket A15-3448
2026-03-19 10:26:34,129 | INFO | No defined transition for current status: ISSUE ANALYSIS COMPLETED for ticket A15-3448
2026-03-19 10:26:34,129 | INFO | No defined transition for current status: ISSUE ANALYSIS COMPLETED for ticket A15-3448
2026-03-19 10:26:34,129 | INFO | No defined transition for current status: ISSUE ANALYSIS COMPLETED for ticket A15-3448
2026-03-19 10:26:34,129 | INFO | No defined transition for current status: ISSUE ANALYSIS COMPLETED for ticket A15-3448
2026-03-19 10:26:34,130 | INFO | No defined transition for current status: ISSUE ANALYSIS COMPLETED for ticket A15-3448
2026-03-19 10:26:34,130 | INFO | No defined transition for current status: ISSUE ANALYSIS COMPLETED for ticket A15-3448
2026-03-19 10:26:34,130 | INFO | No defined transition for current status: ISSUE ANALYSIS COMPLETED for ticket A15-3448
2026-03-19 10:26:34,130 | INFO | No defined transition for current status: ISSUE ANALYSIS COMPLETED for ticket A15-3448
2026-03-19 10:26:34,131 | INFO | No defined transition for current status: ISSUE ANALYSIS COMPLETED for ticket A15-3448
2026-03-19 10:26:34,131 | INFO | No defined transition for current status: ISSUE ANALYSIS COMPLETED for ticket A15-3448
2026-03-19 10:26:34,131 | INFO | No defined transition for current status: ISSUE ANALYSIS COMPLETED for ticket A15-3448
2026-03-19 10:26:34,131 | INFO | No defined transition for current status: ISSUE ANALYSIS COMPLETED for ticket A15-3448
2026-03-19 10:26:34,131 | INFO | No defined transition for current status: ISSUE ANALYSIS COMPLETED for ticket A15-3448
2026-03-19 10:26:34,131 | INFO | No defined transition for current status: ISSUE ANALYSIS COMPLETED for ticket A15-3448
2026-03-19 10:26:34,132 | INFO | No defined transition for current status: ISSUE ANALYSIS COMPLETED for ticket A15-3448
2026-03-19 10:26:34,132 | INFO | No defined transition for current status: ISSUE ANALYSIS COMPLETED for ticket A15-3448
2026-03-19 10:26:34,132 | INFO | No defined transition for current status: ISSUE ANALYSIS COMPLETED for ticket A15-3448
2026-03-19 10:26:34,132 | INFO | No defined transition for current status: ISSUE ANALYSIS COMPLETED for ticket A15-3448
2026-03-19 10:26:34,132 | INFO | No defined transition for current status: ISSUE ANALYSIS COMPLETED for ticket A15-3448
2026-03-19 10:26:34,132 | INFO | No defined transition for current status: ISSUE ANALYSIS COMPLETED for ticket A15-3448
2026-03-19 10:26:34,132 | INFO | No defined transition for current status: ISSUE ANALYSIS COMPLETED for ticket A15-3448
2026-03-19 10:26:34,133 | INFO | No defined transition for current status: ISSUE ANALYSIS COMPLETED for ticket A15-3448
2026-03-19 10:26:34,133 | INFO | No defined transition for current status: ISSUE ANALYSIS COMPLETED for ticket A15-3448
2026-03-19 10:26:34,133 | INFO | No defined transition for current status: ISSUE ANALYSIS COMPLETED for ticket A15-3448
2026-03-19 10:26:34,133 | INFO | No defined transition for current status: ISSUE ANALYSIS COMPLETED for ticket A15-3448
2026-03-19 10:26:34,133 | INFO | No defined transition for current status: ISSUE ANALYSIS COMPLETED for ticket A15-3448
2026-03-19 10:26:34,133 | INFO | No defined transition for current status: ISSUE ANALYSIS COMPLETED for ticket A15-3448
2026-03-19 10:26:34,133 | INFO | No defined transition for current status: ISSUE ANALYSIS COMPLETED for ticket A15-3448
2026-03-19 10:26:34,134 | INFO | No defined transition for current status: ISSUE ANALYSIS COMPLETED for ticket A15-3448
2026-03-19 10:26:34,134 | INFO | No defined transition for current status: ISSUE ANALYSIS COMPLETED for ticket A15-3448
2026-03-19 10:26:34,134 | INFO | No defined transition for current status: ISSUE ANALYSIS COMPLETED for ticket A15-3448
2026-03-19 10:26:34,134 | INFO | No defined transition for current status: ISSUE ANALYSIS COMPLETED for ticket A15-3448
2026-03-19 10:26:34,134 | INFO | No defined transition for current status: ISSUE ANALYSIS COMPLETED for ticket A15-3448
2026-03-19 10:26:34,134 | INFO | No defined transition for current status: ISSUE ANALYSIS COMPLETED for ticket A15-3448
2026-03-19 10:26:34,135 | INFO | No defined transition for current status: ISSUE ANALYSIS COMPLETED for ticket A15-3448
2026-03-19 10:26:34,135 | INFO | No defined transition for current status: ISSUE ANALYSIS COMPLETED for ticket A15-3448
2026-03-19 10:26:34,135 | INFO | No defined transition for current status: ISSUE ANALYSIS COMPLETED for ticket A15-3448
2026-03-19 10:26:34,135 | INFO | No defined transition for current status: ISSUE ANALYSIS COMPLETED for ticket A15-3448
2026-03-19 10:26:34,135 | INFO | No defined transition for current status: ISSUE ANALYSIS COMPLETED for ticket A15-3448
2026-03-19 10:26:34,135 | INFO | No defined transition for current status: ISSUE ANALYSIS COMPLETED for ticket A15-3448
2026-03-19 10:26:34,135 | INFO | No defined transition for current status: ISSUE ANALYSIS COMPLETED for ticket A15-3448
2026-03-19 10:26:34,136 | INFO | No defined transition for current status: ISSUE ANALYSIS COMPLETED for ticket A15-3448
2026-03-19 10:26:34,136 | INFO | No defined transition for current status: ISSUE ANALYSIS COMPLETED for ticket A15-3448
2026-03-19 10:26:34,136 | INFO | No defined transition for current status: ISSUE ANALYSIS COMPLETED for ticket A15-3448
2026-03-19 10:26:34,136 | INFO | No defined transition for current status: ISSUE ANALYSIS COMPLETED for ticket A15-3448
2026-03-19 10:26:34,136 | INFO | No defined transition for current status: ISSUE ANALYSIS COMPLETED for ticket A15-3448
2026-03-19 10:26:34,136 | INFO | No defined transition for current status: ISSUE ANALYSIS COMPLETED for ticket A15-3448
2026-03-19 10:26:34,136 | INFO | No defined transition for current status: ISSUE ANALYSIS COMPLETED for ticket A15-3448
2026-03-19 10:26:34,137 | INFO | No defined transition for current status: ISSUE ANALYSIS COMPLETED for ticket A15-3448
2026-03-19 10:26:34,137 | INFO | No defined transition for current status: ISSUE ANALYSIS COMPLETED for ticket A15-3448
2026-03-19 10:26:34,137 | INFO | No defined transition for current status: ISSUE ANALYSIS COMPLETED for ticket A15-3448
2026-03-19 10:26:34,137 | INFO | No defined transition for current status: ISSUE ANALYSIS COMPLETED for ticket A15-3448
2026-03-19 10:26:34,137 | INFO | No defined transition for current status: ISSUE ANALYSIS COMPLETED for ticket A15-3448
2026-03-19 10:26:34,137 | INFO | No defined transition for current status: ISSUE ANALYSIS COMPLETED for ticket A15-3448
2026-03-19 10:26:34,138 | INFO | No defined transition for current status: ISSUE ANALYSIS COMPLETED for ticket A15-3448
2026-03-19 10:26:34,138 | INFO | No defined transition for current status: ISSUE ANALYSIS COMPLETED for ticket A15-3448
2026-03-19 10:26:34,138 | INFO | No defined transition for current status: ISSUE ANALYSIS COMPLETED for ticket A15-3448
2026-03-19 10:26:34,139 | INFO | No defined transition for current status: ISSUE ANALYSIS COMPLETED for ticket A15-3448
2026-03-19 10:26:34,139 | INFO | No defined transition for current status: ISSUE ANALYSIS COMPLETED for ticket A15-3448
2026-03-19 10:26:34,140 | INFO | No defined transition for current status: ISSUE ANALYSIS COMPLETED for ticket A15-3448
2026-03-19 10:26:34,140 | INFO | No defined transition for current status: ISSUE ANALYSIS COMPLETED for ticket A15-3448
2026-03-19 10:26:34,140 | INFO | No defined transition for current status: ISSUE ANALYSIS COMPLETED for ticket A15-3448
2026-03-19 10:26:34,140 | INFO | No defined transition for current status: ISSUE ANALYSIS COMPLETED for ticket A15-3448
2026-03-19 10:26:34,140 | INFO | No defined transition for current status: ISSUE ANALYSIS COMPLETED for ticket A15-3448
2026-03-19 10:26:34,141 | INFO | No defined transition for current status: ISSUE ANALYSIS COMPLETED for ticket A15-3448
2026-03-19 10:26:34,141 | INFO | No defined transition for current status: ISSUE ANALYSIS COMPLETED for ticket A15-3448
2026-03-19 10:26:34,141 | INFO | No defined transition for current status: ISSUE ANALYSIS COMPLETED for ticket A15-3448
2026-03-19 10:26:34,141 | INFO | No defined transition for current status: ISSUE ANALYSIS COMPLETED for ticket A15-3448
2026-03-19 10:26:34,141 | INFO | No defined transition for current status: ISSUE ANALYSIS COMPLETED for ticket A15-3448
2026-03-19 10:26:34,141 | INFO | No defined transition for current status: ISSUE ANALYSIS COMPLETED for ticket A15-3448
2026-03-19 10:26:34,142 | INFO | No defined transition for current status: ISSUE ANALYSIS COMPLETED for ticket A15-3448
2026-03-19 10:26:34,142 | INFO | No defined transition for current status: ISSUE ANALYSIS COMPLETED for ticket A15-3448
2026-03-19 10:26:34,142 | INFO | No defined transition for current status: ISSUE ANALYSIS COMPLETED for ticket A15-3448
2026-03-19 10:26:34,142 | INFO | No defined transition for current status: ISSUE ANALYSIS COMPLETED for ticket A15-3448
2026-03-19 10:26:34,142 | INFO | No defined transition for current status: ISSUE ANALYSIS COMPLETED for ticket A15-3448
2026-03-19 10:26:34,142 | INFO | No defined transition for current status: ISSUE ANALYSIS COMPLETED for ticket A15-3448
2026-03-19 10:26:34,142 | INFO | No defined transition for current status: ISSUE ANALYSIS COMPLETED for ticket A15-3448
2026-03-19 10:26:34,143 | INFO | No defined transition for current status: ISSUE ANALYSIS COMPLETED for ticket A15-3448
2026-03-19 10:26:34,143 | INFO | No defined transition for current status: ISSUE ANALYSIS COMPLETED for ticket A15-3448
2026-03-19 10:26:34,143 | INFO | No defined transition for current status: ISSUE ANALYSIS COMPLETED for ticket A15-3448
2026-03-19 10:26:34,143 | INFO | No defined transition for current status: ISSUE ANALYSIS COMPLETED for ticket A15-3448
2026-03-19 10:26:34,143 | INFO | No defined transition for current status: ISSUE ANALYSIS COMPLETED for ticket A15-3448
2026-03-19 10:26:34,143 | INFO | No defined transition for current status: ISSUE ANALYSIS COMPLETED for ticket A15-3448
2026-03-19 10:26:34,143 | INFO | No defined transition for current status: ISSUE ANALYSIS COMPLETED for ticket A15-3448
2026-03-19 10:26:34,144 | INFO | No defined transition for current status: ISSUE ANALYSIS COMPLETED for ticket A15-3448
2026-03-19 10:26:34,144 | INFO | No defined transition for current status: ISSUE ANALYSIS COMPLETED for ticket A15-3448
2026-03-19 10:26:34,144 | INFO | No defined transition for current status: ISSUE ANALYSIS COMPLETED for ticket A15-3448
2026-03-19 10:26:34,144 | INFO | No defined transition for current status: ISSUE ANALYSIS COMPLETED for ticket A15-3448
2026-03-19 10:26:34,145 | INFO | No defined transition for current status: ISSUE ANALYSIS COMPLETED for ticket A15-3448
2026-03-19 10:26:34,145 | INFO | No defined transition for current status: ISSUE ANALYSIS COMPLETED for ticket A15-3448
2026-03-19 10:26:34,145 | INFO | No defined transition for current status: ISSUE ANALYSIS COMPLETED for ticket A15-3448
2026-03-19 10:26:34,145 | INFO | No defined transition for current status: ISSUE ANALYSIS COMPLETED for ticket A15-3448
2026-03-19 10:26:34,146 | INFO | No defined transition for current status: ISSUE ANALYSIS COMPLETED for ticket A15-3448
2026-03-19 10:26:34,146 | INFO | No defined transition for current status: ISSUE ANALYSIS COMPLETED for ticket A15-3448
2026-03-19 10:26:34,146 | INFO | No defined transition for current status: ISSUE ANALYSIS COMPLETED for ticket A15-3448
2026-03-19 10:26:34,146 | INFO | No defined transition for current status: ISSUE ANALYSIS COMPLETED for ticket A15-3448
2026-03-19 10:26:34,147 | INFO | No defined transition for current status: ISSUE ANALYSIS COMPLETED for ticket A15-3448
2026-03-19 10:26:34,147 | INFO | No defined transition for current status: ISSUE ANALYSIS COMPLETED for ticket A15-3448
2026-03-19 10:26:34,147 | INFO | No defined transition for current status: ISSUE ANALYSIS COMPLETED for ticket A15-3448
2026-03-19 10:26:34,147 | INFO | No defined transition for current status: ISSUE ANALYSIS COMPLETED for ticket A15-3448
2026-03-19 10:26:34,147 | INFO | No defined transition for current status: ISSUE ANALYSIS COMPLETED for ticket A15-3448
2026-03-19 10:26:34,147 | INFO | No defined transition for current status: ISSUE ANALYSIS COMPLETED for ticket A15-3448
2026-03-19 10:26:34,147 | INFO | No defined transition for current status: ISSUE ANALYSIS COMPLETED for ticket A15-3448
2026-03-19 10:26:34,148 | INFO | No defined transition for current status: ISSUE ANALYSIS COMPLETED for ticket A15-3448
2026-03-19 10:26:34,148 | INFO | No defined transition for current status: ISSUE ANALYSIS COMPLETED for ticket A15-3448
2026-03-19 10:26:34,148 | INFO | No defined transition for current status: ISSUE ANALYSIS COMPLETED for ticket A15-3448
2026-03-19 10:26:34,148 | INFO | No defined transition for current status: ISSUE ANALYSIS COMPLETED for ticket A15-3448
2026-03-19 10:26:34,148 | INFO | No defined transition for current status: ISSUE ANALYSIS COMPLETED for ticket A15-3448
2026-03-19 10:26:34,148 | INFO | No defined transition for current status: ISSUE ANALYSIS COMPLETED for ticket A15-3448
2026-03-19 10:26:34,148 | INFO | No defined transition for current status: ISSUE ANALYSIS COMPLETED for ticket A15-3448
2026-03-19 10:26:34,149 | INFO | No defined transition for current status: ISSUE ANALYSIS COMPLETED for ticket A15-3448
2026-03-19 10:26:34,149 | INFO | No defined transition for current status: ISSUE ANALYSIS COMPLETED for ticket A15-3448
2026-03-19 10:26:34,149 | INFO | No defined transition for current status: ISSUE ANALYSIS COMPLETED for ticket A15-3448
2026-03-19 10:26:34,149 | INFO | No defined transition for current status: ISSUE ANALYSIS COMPLETED for ticket A15-3448
2026-03-19 10:26:34,149 | INFO | No defined transition for current status: ISSUE ANALYSIS COMPLETED for ticket A15-3448
2026-03-19 10:26:34,149 | INFO | No defined transition for current status: ISSUE ANALYSIS COMPLETED for ticket A15-3448
2026-03-19 10:26:34,149 | INFO | No defined transition for current status: ISSUE ANALYSIS COMPLETED for ticket A15-3448
2026-03-19 10:26:34,150 | INFO | No defined transition for current status: ISSUE ANALYSIS COMPLETED for ticket A15-3448
2026-03-19 10:26:34,150 | INFO | No defined transition for current status: ISSUE ANALYSIS COMPLETED for ticket A15-3448
2026-03-19 10:26:34,150 | INFO | No defined transition for current status: ISSUE ANALYSIS COMPLETED for ticket A15-3448
2026-03-19 10:26:34,150 | INFO | No defined transition for current status: ISSUE ANALYSIS COMPLETED for ticket A15-3448
2026-03-19 10:26:34,150 | INFO | No defined transition for current status: ISSUE ANALYSIS COMPLETED for ticket A15-3448
2026-03-19 10:26:34,150 | INFO | No defined transition for current status: ISSUE ANALYSIS COMPLETED for ticket A15-3448
2026-03-19 10:26:34,150 | INFO | No defined transition for current status: ISSUE ANALYSIS COMPLETED for ticket A15-3448
2026-03-19 10:26:34,151 | INFO | No defined transition for current status: ISSUE ANALYSIS COMPLETED for ticket A15-3448
2026-03-19 10:26:34,151 | INFO | No defined transition for current status: ISSUE ANALYSIS COMPLETED for ticket A15-3448
2026-03-19 10:26:34,151 | INFO | No defined transition for current status: ISSUE ANALYSIS COMPLETED for ticket A15-3448
2026-03-19 10:26:34,151 | INFO | No defined transition for current status: ISSUE ANALYSIS COMPLETED for ticket A15-3448
2026-03-19 10:26:34,151 | INFO | No defined transition for current status: ISSUE ANALYSIS COMPLETED for ticket A15-3448
2026-03-19 10:26:34,151 | INFO | No defined transition for current status: ISSUE ANALYSIS COMPLETED for ticket A15-3448
2026-03-19 10:26:34,151 | INFO | No defined transition for current status: ISSUE ANALYSIS COMPLETED for ticket A15-3448
2026-03-19 10:26:34,151 | INFO | No defined transition for current status: ISSUE ANALYSIS COMPLETED for ticket A15-3448
2026-03-19 10:26:34,152 | INFO | No defined transition for current status: ISSUE ANALYSIS COMPLETED for ticket A15-3448
2026-03-19 10:26:34,152 | INFO | No defined transition for current status: ISSUE ANALYSIS COMPLETED for ticket A15-3448
2026-03-19 10:26:34,152 | INFO | No defined transition for current status: ISSUE ANALYSIS COMPLETED for ticket A15-3448
2026-03-19 10:26:34,152 | INFO | No defined transition for current status: ISSUE ANALYSIS COMPLETED for ticket A15-3448
2026-03-19 10:26:34,152 | INFO | No defined transition for current status: ISSUE ANALYSIS COMPLETED for ticket A15-3448
2026-03-19 10:26:34,152 | INFO | No defined transition for current status: ISSUE ANALYSIS COMPLETED for ticket A15-3448
2026-03-19 10:26:34,153 | INFO | No defined transition for current status: ISSUE ANALYSIS COMPLETED for ticket A15-3448
2026-03-19 10:26:34,153 | INFO | No defined transition for current status: ISSUE ANALYSIS COMPLETED for ticket A15-3448
2026-03-19 10:26:34,153 | INFO | No defined transition for current status: ISSUE ANALYSIS COMPLETED for ticket A15-3448
2026-03-19 10:26:34,153 | INFO | No defined transition for current status: ISSUE ANALYSIS COMPLETED for ticket A15-3448
2026-03-19 10:26:34,153 | INFO | No defined transition for current status: ISSUE ANALYSIS COMPLETED for ticket A15-3448
2026-03-19 10:26:34,153 | INFO | No defined transition for current status: ISSUE ANALYSIS COMPLETED for ticket A15-3448
2026-03-19 10:26:34,153 | INFO | No defined transition for current status: ISSUE ANALYSIS COMPLETED for ticket A15-3448
2026-03-19 10:26:34,154 | INFO | No defined transition for current status: ISSUE ANALYSIS COMPLETED for ticket A15-3448
2026-03-19 10:26:34,154 | INFO | No defined transition for current status: ISSUE ANALYSIS COMPLETED for ticket A15-3448
2026-03-19 10:26:34,154 | INFO | No defined transition for current status: ISSUE ANALYSIS COMPLETED for ticket A15-3448
2026-03-19 10:26:34,154 | INFO | No defined transition for current status: ISSUE ANALYSIS COMPLETED for ticket A15-3448
2026-03-19 10:26:34,155 | INFO | No defined transition for current status: ISSUE ANALYSIS COMPLETED for ticket A15-3448
2026-03-19 10:26:34,155 | INFO | No defined transition for current status: ISSUE ANALYSIS COMPLETED for ticket A15-3448
2026-03-19 10:26:34,155 | INFO | No defined transition for current status: ISSUE ANALYSIS COMPLETED for ticket A15-3448
2026-03-19 10:26:34,156 | INFO | No defined transition for current status: ISSUE ANALYSIS COMPLETED for ticket A15-3448
2026-03-19 10:26:34,156 | INFO | No defined transition for current status: ISSUE ANALYSIS COMPLETED for ticket A15-3448
2026-03-19 10:26:34,156 | INFO | No defined transition for current status: ISSUE ANALYSIS COMPLETED for ticket A15-3448
2026-03-19 10:26:34,157 | INFO | No defined transition for current status: ISSUE ANALYSIS COMPLETED for ticket A15-3448
2026-03-19 10:26:34,157 | INFO | No defined transition for current status: ISSUE ANALYSIS COMPLETED for ticket A15-3448
2026-03-19 10:26:34,158 | INFO | No defined transition for current status: ISSUE ANALYSIS COMPLETED for ticket A15-3448
2026-03-19 10:26:34,158 | INFO | No defined transition for current status: ISSUE ANALYSIS COMPLETED for ticket A15-3448
2026-03-19 10:26:34,158 | INFO | No defined transition for current status: ISSUE ANALYSIS COMPLETED for ticket A15-3448
2026-03-19 10:26:34,158 | INFO | No defined transition for current status: ISSUE ANALYSIS COMPLETED for ticket A15-3448
2026-03-19 10:26:34,159 | INFO | No defined transition for current status: ISSUE ANALYSIS COMPLETED for ticket A15-3448
2026-03-19 10:26:34,159 | INFO | No defined transition for current status: ISSUE ANALYSIS COMPLETED for ticket A15-3448
2026-03-19 10:26:34,159 | INFO | No defined transition for current status: ISSUE ANALYSIS COMPLETED for ticket A15-3448
2026-03-19 10:26:34,159 | INFO | No defined transition for current status: ISSUE ANALYSIS COMPLETED for ticket A15-3448
2026-03-19 10:26:34,159 | INFO | No defined transition for current status: ISSUE ANALYSIS COMPLETED for ticket A15-3448
2026-03-19 10:26:34,160 | INFO | No defined transition for current status: ISSUE ANALYSIS COMPLETED for ticket A15-3448
2026-03-19 10:26:34,161 | INFO | No defined transition for current status: ISSUE ANALYSIS COMPLETED for ticket A15-3448
2026-03-19 10:26:34,162 | INFO | No defined transition for current status: ISSUE ANALYSIS COMPLETED for ticket A15-3448
2026-03-19 10:26:34,162 | INFO | No defined transition for current status: ISSUE ANALYSIS COMPLETED for ticket A15-3448
2026-03-19 10:26:34,163 | INFO | No defined transition for current status: ISSUE ANALYSIS COMPLETED for ticket A15-3448
2026-03-19 10:26:34,164 | INFO | No defined transition for current status: ISSUE ANALYSIS COMPLETED for ticket A15-3448
2026-03-19 10:26:34,164 | INFO | No defined transition for current status: ISSUE ANALYSIS COMPLETED for ticket A15-3448
2026-03-19 10:26:34,165 | INFO | No defined transition for current status: ISSUE ANALYSIS COMPLETED for ticket A15-3448
2026-03-19 10:26:34,166 | INFO | No defined transition for current status: ISSUE ANALYSIS COMPLETED for ticket A15-3448
2026-03-19 10:26:34,166 | INFO | No defined transition for current status: ISSUE ANALYSIS COMPLETED for ticket A15-3448
2026-03-19 10:26:34,167 | INFO | No defined transition for current status: ISSUE ANALYSIS COMPLETED for ticket A15-3448
2026-03-19 10:26:34,168 | INFO | No defined transition for current status: ISSUE ANALYSIS COMPLETED for ticket A15-3448
2026-03-19 10:26:34,168 | INFO | No defined transition for current status: ISSUE ANALYSIS COMPLETED for ticket A15-3448
2026-03-19 10:26:34,169 | INFO | No defined transition for current status: ISSUE ANALYSIS COMPLETED for ticket A15-3448
2026-03-19 10:26:34,170 | INFO | No defined transition for current status: ISSUE ANALYSIS COMPLETED for ticket A15-3448
2026-03-19 10:26:34,170 | INFO | No defined transition for current status: ISSUE ANALYSIS COMPLETED for ticket A15-3448
2026-03-19 10:26:34,171 | INFO | No defined transition for current status: ISSUE ANALYSIS COMPLETED for ticket A15-3448
2026-03-19 10:26:34,172 | INFO | No defined transition for current status: ISSUE ANALYSIS COMPLETED for ticket A15-3448
2026-03-19 10:26:34,172 | INFO | No defined transition for current status: ISSUE ANALYSIS COMPLETED for ticket A15-3448
2026-03-19 10:26:34,173 | INFO | No defined transition for current status: ISSUE ANALYSIS COMPLETED for ticket A15-3448
2026-03-19 10:26:34,174 | INFO | No defined transition for current status: ISSUE ANALYSIS COMPLETED for ticket A15-3448
2026-03-19 10:26:34,174 | INFO | No defined transition for current status: ISSUE ANALYSIS COMPLETED for ticket A15-3448
2026-03-19 10:26:34,175 | INFO | No defined transition for current status: ISSUE ANALYSIS COMPLETED for ticket A15-3448
2026-03-19 10:26:34,176 | INFO | No defined transition for current status: ISSUE ANALYSIS COMPLETED for ticket A15-3448
2026-03-19 10:26:34,177 | INFO | No defined transition for current status: ISSUE ANALYSIS COMPLETED for ticket A15-3448
2026-03-19 10:26:34,177 | INFO | No defined transition for current status: ISSUE ANALYSIS COMPLETED for ticket A15-3448
2026-03-19 10:26:34,178 | INFO | No defined transition for current status: ISSUE ANALYSIS COMPLETED for ticket A15-3448
2026-03-19 10:26:34,179 | INFO | No defined transition for current status: ISSUE ANALYSIS COMPLETED for ticket A15-3448
2026-03-19 10:26:34,180 | INFO | No defined transition for current status: ISSUE ANALYSIS COMPLETED for ticket A15-3448
2026-03-19 10:26:34,181 | INFO | No defined transition for current status: ISSUE ANALYSIS COMPLETED for ticket A15-3448
2026-03-19 10:26:34,181 | INFO | No defined transition for current status: ISSUE ANALYSIS COMPLETED for ticket A15-3448
2026-03-19 10:26:34,182 | INFO | No defined transition for current status: ISSUE ANALYSIS COMPLETED for ticket A15-3448
2026-03-19 10:26:34,183 | INFO | No defined transition for current status: ISSUE ANALYSIS COMPLETED for ticket A15-3448
2026-03-19 10:26:34,184 | INFO | No defined transition for current status: ISSUE ANALYSIS COMPLETED for ticket A15-3448
2026-03-19 10:26:34,184 | INFO | No defined transition for current status: ISSUE ANALYSIS COMPLETED for ticket A15-3448
2026-03-19 10:26:34,185 | INFO | No defined transition for current status: ISSUE ANALYSIS COMPLETED for ticket A15-3448
2026-03-19 10:26:34,186 | INFO | No defined transition for current status: ISSUE ANALYSIS COMPLETED for ticket A15-3448
2026-03-19 10:26:34,187 | INFO | No defined transition for current status: ISSUE ANALYSIS COMPLETED for ticket A15-3448
2026-03-19 10:26:34,188 | INFO | No defined transition for current status: ISSUE ANALYSIS COMPLETED for ticket A15-3448
2026-03-19 10:26:34,188 | INFO | No defined transition for current status: ISSUE ANALYSIS COMPLETED for ticket A15-3448
2026-03-19 10:26:34,189 | INFO | No defined transition for current status: ISSUE ANALYSIS COMPLETED for ticket A15-3448
2026-03-19 10:26:34,190 | INFO | No defined transition for current status: ISSUE ANALYSIS COMPLETED for ticket A15-3448
2026-03-19 10:26:34,190 | INFO | No defined transition for current status: ISSUE ANALYSIS COMPLETED for ticket A15-3448
2026-03-19 10:26:34,191 | INFO | No defined transition for current status: ISSUE ANALYSIS COMPLETED for ticket A15-3448
2026-03-19 10:26:34,192 | INFO | No defined transition for current status: ISSUE ANALYSIS COMPLETED for ticket A15-3448
2026-03-19 10:26:34,192 | INFO | No defined transition for current status: ISSUE ANALYSIS COMPLETED for ticket A15-3448
2026-03-19 10:26:34,193 | INFO | No defined transition for current status: ISSUE ANALYSIS COMPLETED for ticket A15-3448
2026-03-19 10:26:34,194 | INFO | No defined transition for current status: ISSUE ANALYSIS COMPLETED for ticket A15-3448
2026-03-19 10:26:34,195 | INFO | No defined transition for current status: ISSUE ANALYSIS COMPLETED for ticket A15-3448
2026-03-19 10:26:34,196 | INFO | No defined transition for current status: ISSUE ANALYSIS COMPLETED for ticket A15-3448
2026-03-19 10:26:34,196 | INFO | No defined transition for current status: ISSUE ANALYSIS COMPLETED for ticket A15-3448
2026-03-19 10:26:34,197 | INFO | No defined transition for current status: ISSUE ANALYSIS COMPLETED for ticket A15-3448
2026-03-19 10:26:34,198 | INFO | No defined transition for current status: ISSUE ANALYSIS COMPLETED for ticket A15-3448
2026-03-19 10:26:34,199 | INFO | No defined transition for current status: ISSUE ANALYSIS COMPLETED for ticket A15-3448
2026-03-19 10:26:34,200 | INFO | No defined transition for current status: ISSUE ANALYSIS COMPLETED for ticket A15-3448
2026-03-19 10:26:34,200 | INFO | No defined transition for current status: ISSUE ANALYSIS COMPLETED for ticket A15-3448
2026-03-19 10:26:34,201 | INFO | No defined transition for current status: ISSUE ANALYSIS COMPLETED for ticket A15-3448
2026-03-19 10:26:34,202 | INFO | No defined transition for current status: ISSUE ANALYSIS COMPLETED for ticket A15-3448
2026-03-19 10:26:34,203 | INFO | No defined transition for current status: ISSUE ANALYSIS COMPLETED for ticket A15-3448
2026-03-19 10:26:34,203 | INFO | No defined transition for current status: ISSUE ANALYSIS COMPLETED for ticket A15-3448
2026-03-19 10:26:34,204 | INFO | No defined transition for current status: ISSUE ANALYSIS COMPLETED for ticket A15-3448
2026-03-19 10:26:34,205 | INFO | No defined transition for current status: ISSUE ANALYSIS COMPLETED for ticket A15-3448
2026-03-19 10:26:34,206 | INFO | No defined transition for current status: ISSUE ANALYSIS COMPLETED for ticket A15-3448
2026-03-19 10:26:34,206 | INFO | No defined transition for current status: ISSUE ANALYSIS COMPLETED for ticket A15-3448
2026-03-19 10:26:34,207 | INFO | No defined transition for current status: ISSUE ANALYSIS COMPLETED for ticket A15-3448
2026-03-19 10:26:34,208 | INFO | No defined transition for current status: ISSUE ANALYSIS COMPLETED for ticket A15-3448
2026-03-19 10:26:34,208 | INFO | No defined transition for current status: ISSUE ANALYSIS COMPLETED for ticket A15-3448
2026-03-19 10:26:34,209 | INFO | No defined transition for current status: ISSUE ANALYSIS COMPLETED for ticket A15-3448
2026-03-19 10:26:34,210 | INFO | No defined transition for current status: ISSUE ANALYSIS COMPLETED for ticket A15-3448
2026-03-19 10:26:34,210 | INFO | No defined transition for current status: ISSUE ANALYSIS COMPLETED for ticket A15-3448
2026-03-19 10:26:34,211 | INFO | No defined transition for current status: ISSUE ANALYSIS COMPLETED for ticket A15-3448
2026-03-19 10:26:34,211 | INFO | No defined transition for current status: ISSUE ANALYSIS COMPLETED for ticket A15-3448
2026-03-19 10:26:34,212 | INFO | No defined transition for current status: ISSUE ANALYSIS COMPLETED for ticket A15-3448
2026-03-19 10:26:34,212 | INFO | No defined transition for current status: ISSUE ANALYSIS COMPLETED for ticket A15-3448
2026-03-19 10:26:34,213 | INFO | No defined transition for current status: ISSUE ANALYSIS COMPLETED for ticket A15-3448
2026-03-19 10:26:34,213 | INFO | No defined transition for current status: ISSUE ANALYSIS COMPLETED for ticket A15-3448
2026-03-19 10:26:34,214 | INFO | No defined transition for current status: ISSUE ANALYSIS COMPLETED for ticket A15-3448
2026-03-19 10:26:34,214 | INFO | No defined transition for current status: ISSUE ANALYSIS COMPLETED for ticket A15-3448
2026-03-19 10:26:34,215 | INFO | No defined transition for current status: ISSUE ANALYSIS COMPLETED for ticket A15-3448
2026-03-19 10:26:34,215 | INFO | No defined transition for current status: ISSUE ANALYSIS COMPLETED for ticket A15-3448
2026-03-19 10:26:34,216 | INFO | No defined transition for current status: ISSUE ANALYSIS COMPLETED for ticket A15-3448
2026-03-19 10:26:34,216 | INFO | No defined transition for current status: ISSUE ANALYSIS COMPLETED for ticket A15-3448
2026-03-19 10:26:34,218 | INFO | No defined transition for current status: ISSUE ANALYSIS COMPLETED for ticket A15-3448
2026-03-19 10:26:34,219 | INFO | No defined transition for current status: ISSUE ANALYSIS COMPLETED for ticket A15-3448
2026-03-19 10:26:34,220 | INFO | No defined transition for current status: ISSUE ANALYSIS COMPLETED for ticket A15-3448
2026-03-19 10:26:34,220 | INFO | No defined transition for current status: ISSUE ANALYSIS COMPLETED for ticket A15-3448
2026-03-19 10:26:34,221 | INFO | No defined transition for current status: ISSUE ANALYSIS COMPLETED for ticket A15-3448
2026-03-19 10:26:34,222 | INFO | No defined transition for current status: ISSUE ANALYSIS COMPLETED for ticket A15-3448
2026-03-19 10:26:34,223 | INFO | No defined transition for current status: ISSUE ANALYSIS COMPLETED for ticket A15-3448
2026-03-19 10:26:34,223 | INFO | No defined transition for current status: ISSUE ANALYSIS COMPLETED for ticket A15-3448
2026-03-19 10:26:34,224 | INFO | No defined transition for current status: ISSUE ANALYSIS COMPLETED for ticket A15-3448
2026-03-19 10:26:34,225 | INFO | No defined transition for current status: ISSUE ANALYSIS COMPLETED for ticket A15-3448
2026-03-19 10:26:34,226 | INFO | No defined transition for current status: ISSUE ANALYSIS COMPLETED for ticket A15-3448
2026-03-19 10:26:34,227 | INFO | No defined transition for current status: ISSUE ANALYSIS COMPLETED for ticket A15-3448
2026-03-19 10:26:34,227 | INFO | No defined transition for current status: ISSUE ANALYSIS COMPLETED for ticket A15-3448
2026-03-19 10:26:34,228 | INFO | No defined transition for current status: ISSUE ANALYSIS COMPLETED for ticket A15-3448
2026-03-19 10:26:34,229 | INFO | No defined transition for current status: ISSUE ANALYSIS COMPLETED for ticket A15-3448
2026-03-19 10:26:34,230 | INFO | No defined transition for current status: ISSUE ANALYSIS COMPLETED for ticket A15-3448
2026-03-19 10:26:34,231 | INFO | No defined transition for current status: ISSUE ANALYSIS COMPLETED for ticket A15-3448
2026-03-19 10:26:34,232 | INFO | No defined transition for current status: ISSUE ANALYSIS COMPLETED for ticket A15-3448
2026-03-19 10:26:34,232 | INFO | No defined transition for current status: ISSUE ANALYSIS COMPLETED for ticket A15-3448
2026-03-19 10:26:34,233 | INFO | No defined transition for current status: ISSUE ANALYSIS COMPLETED for ticket A15-3448
2026-03-19 10:26:34,234 | INFO | No defined transition for current status: ISSUE ANALYSIS COMPLETED for ticket A15-3448
2026-03-19 10:26:34,234 | INFO | No defined transition for current status: ISSUE ANALYSIS COMPLETED for ticket A15-3448
2026-03-19 10:26:34,235 | INFO | No defined transition for current status: ISSUE ANALYSIS COMPLETED for ticket A15-3448
2026-03-19 10:26:34,236 | INFO | No defined transition for current status: ISSUE ANALYSIS COMPLETED for ticket A15-3448
2026-03-19 10:26:34,236 | INFO | No defined transition for current status: ISSUE ANALYSIS COMPLETED for ticket A15-3448
2026-03-19 10:26:34,237 | INFO | No defined transition for current status: ISSUE ANALYSIS COMPLETED for ticket A15-3448
2026-03-19 10:26:34,238 | INFO | No defined transition for current status: ISSUE ANALYSIS COMPLETED for ticket A15-3448
2026-03-19 10:26:34,239 | INFO | No defined transition for current status: ISSUE ANALYSIS COMPLETED for ticket A15-3448
2026-03-19 10:26:34,240 | INFO | No defined transition for current status: ISSUE ANALYSIS COMPLETED for ticket A15-3448
2026-03-19 10:26:34,241 | INFO | No defined transition for current status: ISSUE ANALYSIS COMPLETED for ticket A15-3448
2026-03-19 10:26:34,241 | INFO | No defined transition for current status: ISSUE ANALYSIS COMPLETED for ticket A15-3448
2026-03-19 10:26:34,242 | INFO | No defined transition for current status: ISSUE ANALYSIS COMPLETED for ticket A15-3448
2026-03-19 10:26:34,243 | INFO | No defined transition for current status: ISSUE ANALYSIS COMPLETED for ticket A15-3448
2026-03-19 10:26:34,243 | INFO | No defined transition for current status: ISSUE ANALYSIS COMPLETED for ticket A15-3448
2026-03-19 10:26:34,244 | INFO | No defined transition for current status: ISSUE ANALYSIS COMPLETED for ticket A15-3448
2026-03-19 10:26:34,245 | INFO | No defined transition for current status: ISSUE ANALYSIS COMPLETED for ticket A15-3448
2026-03-19 10:26:34,246 | INFO | No defined transition for current status: ISSUE ANALYSIS COMPLETED for ticket A15-3448
2026-03-19 10:26:34,246 | INFO | No defined transition for current status: ISSUE ANALYSIS COMPLETED for ticket A15-3448
2026-03-19 10:26:34,247 | INFO | No defined transition for current status: ISSUE ANALYSIS COMPLETED for ticket A15-3448
2026-03-19 10:26:34,248 | INFO | No defined transition for current status: ISSUE ANALYSIS COMPLETED for ticket A15-3448
2026-03-19 10:26:34,248 | INFO | No defined transition for current status: ISSUE ANALYSIS COMPLETED for ticket A15-3448
2026-03-19 10:26:34,249 | INFO | No defined transition for current status: ISSUE ANALYSIS COMPLETED for ticket A15-3448
2026-03-19 10:26:34,250 | INFO | No defined transition for current status: ISSUE ANALYSIS COMPLETED for ticket A15-3448
2026-03-19 10:26:34,250 | INFO | No defined transition for current status: ISSUE ANALYSIS COMPLETED for ticket A15-3448
2026-03-19 10:26:34,251 | INFO | No defined transition for current status: ISSUE ANALYSIS COMPLETED for ticket A15-3448
2026-03-19 10:26:34,252 | INFO | No defined transition for current status: ISSUE ANALYSIS COMPLETED for ticket A15-3448
2026-03-19 10:26:34,252 | INFO | No defined transition for current status: ISSUE ANALYSIS COMPLETED for ticket A15-3448
2026-03-19 10:26:34,253 | INFO | No defined transition for current status: ISSUE ANALYSIS COMPLETED for ticket A15-3448
2026-03-19 10:26:34,254 | INFO | No defined transition for current status: ISSUE ANALYSIS COMPLETED for ticket A15-3448
2026-03-19 10:26:34,255 | INFO | No defined transition for current status: ISSUE ANALYSIS COMPLETED for ticket A15-3448
2026-03-19 10:26:34,256 | INFO | No defined transition for current status: ISSUE ANALYSIS COMPLETED for ticket A15-3448
2026-03-19 10:26:34,256 | INFO | No defined transition for current status: ISSUE ANALYSIS COMPLETED for ticket A15-3448
2026-03-19 10:26:34,257 | INFO | No defined transition for current status: ISSUE ANALYSIS COMPLETED for ticket A15-3448
2026-03-19 10:26:34,258 | INFO | No defined transition for current status: ISSUE ANALYSIS COMPLETED for ticket A15-3448
2026-03-19 10:26:34,259 | INFO | No defined transition for current status: ISSUE ANALYSIS COMPLETED for ticket A15-3448
2026-03-19 10:26:34,260 | INFO | No defined transition for current status: ISSUE ANALYSIS COMPLETED for ticket A15-3448
2026-03-19 10:26:34,260 | INFO | No defined transition for current status: ISSUE ANALYSIS COMPLETED for ticket A15-3448
2026-03-19 10:26:34,261 | INFO | No defined transition for current status: ISSUE ANALYSIS COMPLETED for ticket A15-3448
2026-03-19 10:26:34,262 | INFO | No defined transition for current status: ISSUE ANALYSIS COMPLETED for ticket A15-3448
2026-03-19 10:26:34,263 | INFO | No defined transition for current status: ISSUE ANALYSIS COMPLETED for ticket A15-3448
2026-03-19 10:26:34,264 | INFO | No defined transition for current status: ISSUE ANALYSIS COMPLETED for ticket A15-3448
2026-03-19 10:26:34,264 | INFO | No defined transition for current status: ISSUE ANALYSIS COMPLETED for ticket A15-3448
2026-03-19 10:26:34,265 | INFO | No defined transition for current status: ISSUE ANALYSIS COMPLETED for ticket A15-3448
2026-03-19 10:26:34,266 | INFO | No defined transition for current status: ISSUE ANALYSIS COMPLETED for ticket A15-3448
2026-03-19 10:26:34,267 | INFO | No defined transition for current status: ISSUE ANALYSIS COMPLETED for ticket A15-3448
2026-03-19 10:26:34,267 | INFO | No defined transition for current status: ISSUE ANALYSIS COMPLETED for ticket A15-3448
2026-03-19 10:26:34,268 | INFO | No defined transition for current status: ISSUE ANALYSIS COMPLETED for ticket A15-3448
2026-03-19 10:26:34,269 | INFO | No defined transition for current status: ISSUE ANALYSIS COMPLETED for ticket A15-3448
2026-03-19 10:26:34,269 | INFO | No defined transition for current status: ISSUE ANALYSIS COMPLETED for ticket A15-3448
2026-03-19 10:26:34,270 | INFO | No defined transition for current status: ISSUE ANALYSIS COMPLETED for ticket A15-3448
2026-03-19 10:26:34,271 | INFO | No defined transition for current status: ISSUE ANALYSIS COMPLETED for ticket A15-3448
2026-03-19 10:26:34,271 | INFO | No defined transition for current status: ISSUE ANALYSIS COMPLETED for ticket A15-3448
2026-03-19 10:26:34,272 | INFO | No defined transition for current status: ISSUE ANALYSIS COMPLETED for ticket A15-3448
2026-03-19 10:26:34,272 | INFO | No defined transition for current status: ISSUE ANALYSIS COMPLETED for ticket A15-3448
2026-03-19 10:26:34,274 | INFO | No defined transition for current status: ISSUE ANALYSIS COMPLETED for ticket A15-3448
2026-03-19 10:26:34,275 | INFO | No defined transition for current status: ISSUE ANALYSIS COMPLETED for ticket A15-3448
2026-03-19 10:26:34,275 | INFO | No defined transition for current status: ISSUE ANALYSIS COMPLETED for ticket A15-3448
2026-03-19 10:26:34,276 | INFO | No defined transition for current status: ISSUE ANALYSIS COMPLETED for ticket A15-3448
2026-03-19 10:26:34,277 | INFO | No defined transition for current status: ISSUE ANALYSIS COMPLETED for ticket A15-3448
2026-03-19 10:26:34,278 | INFO | No defined transition for current status: ISSUE ANALYSIS COMPLETED for ticket A15-3448
2026-03-19 10:26:34,279 | INFO | No defined transition for current status: ISSUE ANALYSIS COMPLETED for ticket A15-3448
2026-03-19 10:26:34,280 | INFO | No defined transition for current status: ISSUE ANALYSIS COMPLETED for ticket A15-3448
2026-03-19 10:26:34,280 | INFO | No defined transition for current status: ISSUE ANALYSIS COMPLETED for ticket A15-3448
2026-03-19 10:26:34,281 | INFO | No defined transition for current status: ISSUE ANALYSIS COMPLETED for ticket A15-3448
2026-03-19 10:26:34,282 | INFO | No defined transition for current status: ISSUE ANALYSIS COMPLETED for ticket A15-3448
2026-03-19 10:26:34,282 | INFO | No defined transition for current status: ISSUE ANALYSIS COMPLETED for ticket A15-3448
2026-03-19 10:26:34,283 | INFO | No defined transition for current status: ISSUE ANALYSIS COMPLETED for ticket A15-3448
2026-03-19 10:26:34,284 | INFO | No defined transition for current status: ISSUE ANALYSIS COMPLETED for ticket A15-3448
2026-03-19 10:26:34,285 | INFO | No defined transition for current status: ISSUE ANALYSIS COMPLETED for ticket A15-3448
2026-03-19 10:26:34,285 | INFO | No defined transition for current status: ISSUE ANALYSIS COMPLETED for ticket A15-3448
2026-03-19 10:26:34,286 | INFO | No defined transition for current status: ISSUE ANALYSIS COMPLETED for ticket A15-3448
2026-03-19 10:26:34,287 | INFO | No defined transition for current status: ISSUE ANALYSIS COMPLETED for ticket A15-3448
2026-03-19 10:26:34,287 | INFO | No defined transition for current status: ISSUE ANALYSIS COMPLETED for ticket A15-3448
2026-03-19 10:26:34,288 | INFO | No defined transition for current status: ISSUE ANALYSIS COMPLETED for ticket A15-3448
2026-03-19 10:26:34,289 | INFO | No defined transition for current status: ISSUE ANALYSIS COMPLETED for ticket A15-3448
2026-03-19 10:26:34,289 | INFO | No defined transition for current status: ISSUE ANALYSIS COMPLETED for ticket A15-3448
2026-03-19 10:26:34,290 | INFO | No defined transition for current status: ISSUE ANALYSIS COMPLETED for ticket A15-3448
2026-03-19 10:26:34,291 | INFO | No defined transition for current status: ISSUE ANALYSIS COMPLETED for ticket A15-3448
2026-03-19 10:26:34,291 | INFO | No defined transition for current status: ISSUE ANALYSIS COMPLETED for ticket A15-3448
2026-03-19 10:26:34,292 | INFO | No defined transition for current status: ISSUE ANALYSIS COMPLETED for ticket A15-3448
2026-03-19 10:26:34,293 | INFO | No defined transition for current status: ISSUE ANALYSIS COMPLETED for ticket A15-3448
2026-03-19 10:26:34,294 | INFO | No defined transition for current status: ISSUE ANALYSIS COMPLETED for ticket A15-3448
2026-03-19 10:26:34,295 | INFO | No defined transition for current status: ISSUE ANALYSIS COMPLETED for ticket A15-3448
2026-03-19 10:26:34,296 | INFO | No defined transition for current status: ISSUE ANALYSIS COMPLETED for ticket A15-3448
2026-03-19 10:26:34,296 | INFO | No defined transition for current status: ISSUE ANALYSIS COMPLETED for ticket A15-3448
2026-03-19 10:26:34,297 | INFO | No defined transition for current status: ISSUE ANALYSIS COMPLETED for ticket A15-3448
2026-03-19 10:26:34,298 | INFO | No defined transition for current status: ISSUE ANALYSIS COMPLETED for ticket A15-3448
2026-03-19 10:26:34,299 | INFO | No defined transition for current status: ISSUE ANALYSIS COMPLETED for ticket A15-3448
2026-03-19 10:26:34,299 | INFO | No defined transition for current status: ISSUE ANALYSIS COMPLETED for ticket A15-3448
2026-03-19 10:26:34,300 | INFO | No defined transition for current status: ISSUE ANALYSIS COMPLETED for ticket A15-3448
2026-03-19 10:26:34,301 | INFO | No defined transition for current status: ISSUE ANALYSIS COMPLETED for ticket A15-3448
2026-03-19 10:26:34,302 | INFO | No defined transition for current status: ISSUE ANALYSIS COMPLETED for ticket A15-3448
2026-03-19 10:26:34,302 | INFO | No defined transition for current status: ISSUE ANALYSIS COMPLETED for ticket A15-3448
2026-03-19 10:26:34,303 | INFO | No defined transition for current status: ISSUE ANALYSIS COMPLETED for ticket A15-3448
2026-03-19 10:26:34,304 | INFO | No defined transition for current status: ISSUE ANALYSIS COMPLETED for ticket A15-3448
2026-03-19 10:26:34,304 | INFO | No defined transition for current status: ISSUE ANALYSIS COMPLETED for ticket A15-3448
2026-03-19 10:26:34,305 | INFO | No defined transition for current status: ISSUE ANALYSIS COMPLETED for ticket A15-3448
2026-03-19 10:26:34,306 | INFO | No defined transition for current status: ISSUE ANALYSIS COMPLETED for ticket A15-3448
2026-03-19 10:26:34,307 | INFO | No defined transition for current status: ISSUE ANALYSIS COMPLETED for ticket A15-3448
2026-03-19 10:26:34,307 | INFO | No defined transition for current status: ISSUE ANALYSIS COMPLETED for ticket A15-3448
2026-03-19 10:26:34,308 | INFO | No defined transition for current status: ISSUE ANALYSIS COMPLETED for ticket A15-3448
2026-03-19 10:26:34,309 | INFO | No defined transition for current status: ISSUE ANALYSIS COMPLETED for ticket A15-3448
2026-03-19 10:26:34,309 | INFO | No defined transition for current status: ISSUE ANALYSIS COMPLETED for ticket A15-3448
2026-03-19 10:26:34,310 | INFO | No defined transition for current status: ISSUE ANALYSIS COMPLETED for ticket A15-3448
2026-03-19 10:26:34,311 | INFO | No defined transition for current status: ISSUE ANALYSIS COMPLETED for ticket A15-3448
2026-03-19 10:26:34,311 | INFO | No defined transition for current status: ISSUE ANALYSIS COMPLETED for ticket A15-3448
2026-03-19 10:26:34,312 | INFO | No defined transition for current status: ISSUE ANALYSIS COMPLETED for ticket A15-3448
2026-03-19 10:26:34,313 | INFO | No defined transition for current status: ISSUE ANALYSIS COMPLETED for ticket A15-3448
2026-03-19 10:26:34,314 | INFO | No defined transition for current status: ISSUE ANALYSIS COMPLETED for ticket A15-3448
2026-03-19 10:26:34,315 | INFO | No defined transition for current status: ISSUE ANALYSIS COMPLETED for ticket A15-3448
2026-03-19 10:26:34,315 | INFO | No defined transition for current status: ISSUE ANALYSIS COMPLETED for ticket A15-3448
2026-03-19 10:26:34,316 | INFO | No defined transition for current status: ISSUE ANALYSIS COMPLETED for ticket A15-3448
2026-03-19 10:26:34,317 | INFO | No defined transition for current status: ISSUE ANALYSIS COMPLETED for ticket A15-3448
2026-03-19 10:26:34,317 | INFO | No defined transition for current status: ISSUE ANALYSIS COMPLETED for ticket A15-3448
2026-03-19 10:26:34,318 | INFO | No defined transition for current status: ISSUE ANALYSIS COMPLETED for ticket A15-3448
2026-03-19 10:26:34,319 | INFO | No defined transition for current status: ISSUE ANALYSIS COMPLETED for ticket A15-3448
2026-03-19 10:26:34,320 | INFO | No defined transition for current status: ISSUE ANALYSIS COMPLETED for ticket A15-3448
2026-03-19 10:26:34,320 | INFO | No defined transition for current status: ISSUE ANALYSIS COMPLETED for ticket A15-3448
2026-03-19 10:26:34,321 | INFO | No defined transition for current status: ISSUE ANALYSIS COMPLETED for ticket A15-3448
2026-03-19 10:26:34,322 | INFO | No defined transition for current status: ISSUE ANALYSIS COMPLETED for ticket A15-3448
2026-03-19 10:26:34,323 | INFO | No defined transition for current status: ISSUE ANALYSIS COMPLETED for ticket A15-3448
2026-03-19 10:26:34,324 | INFO | No defined transition for current status: ISSUE ANALYSIS COMPLETED for ticket A15-3448
2026-03-19 10:26:34,324 | INFO | No defined transition for current status: ISSUE ANALYSIS COMPLETED for ticket A15-3448
2026-03-19 10:26:34,325 | INFO | No defined transition for current status: ISSUE ANALYSIS COMPLETED for ticket A15-3448
2026-03-19 10:26:34,326 | INFO | No defined transition for current status: ISSUE ANALYSIS COMPLETED for ticket A15-3448
2026-03-19 10:26:34,327 | INFO | No defined transition for current status: ISSUE ANALYSIS COMPLETED for ticket A15-3448
2026-03-19 10:26:34,328 | INFO | No defined transition for current status: ISSUE ANALYSIS COMPLETED for ticket A15-3448
2026-03-19 10:26:34,328 | INFO | No defined transition for current status: ISSUE ANALYSIS COMPLETED for ticket A15-3448
2026-03-19 10:26:34,329 | INFO | No defined transition for current status: ISSUE ANALYSIS COMPLETED for ticket A15-3448
2026-03-19 10:26:34,330 | INFO | No defined transition for current status: ISSUE ANALYSIS COMPLETED for ticket A15-3448
2026-03-19 10:26:34,331 | INFO | No defined transition for current status: ISSUE ANALYSIS COMPLETED for ticket A15-3448
2026-03-19 10:26:34,331 | INFO | No defined transition for current status: ISSUE ANALYSIS COMPLETED for ticket A15-3448
2026-03-19 10:26:34,332 | INFO | No defined transition for current status: ISSUE ANALYSIS COMPLETED for ticket A15-3448
2026-03-19 10:26:34,332 | INFO | No defined transition for current status: ISSUE ANALYSIS COMPLETED for ticket A15-3448
2026-03-19 10:26:34,333 | INFO | No defined transition for current status: ISSUE ANALYSIS COMPLETED for ticket A15-3448
2026-03-19 10:26:34,334 | INFO | No defined transition for current status: ISSUE ANALYSIS COMPLETED for ticket A15-3448
2026-03-19 10:26:34,335 | INFO | No defined transition for current status: ISSUE ANALYSIS COMPLETED for ticket A15-3448
2026-03-19 10:26:34,335 | INFO | No defined transition for current status: ISSUE ANALYSIS COMPLETED for ticket A15-3448
2026-03-19 10:26:34,336 | INFO | No defined transition for current status: ISSUE ANALYSIS COMPLETED for ticket A15-3448
2026-03-19 10:26:34,337 | INFO | No defined transition for current status: ISSUE ANALYSIS COMPLETED for ticket A15-3448
2026-03-19 10:26:34,337 | INFO | No defined transition for current status: ISSUE ANALYSIS COMPLETED for ticket A15-3448
2026-03-19 10:26:34,338 | INFO | No defined transition for current status: ISSUE ANALYSIS COMPLETED for ticket A15-3448
2026-03-19 10:26:34,339 | INFO | No defined transition for current status: ISSUE ANALYSIS COMPLETED for ticket A15-3448
2026-03-19 10:26:34,339 | INFO | No defined transition for current status: ISSUE ANALYSIS COMPLETED for ticket A15-3448
2026-03-19 10:26:34,340 | INFO | No defined transition for current status: ISSUE ANALYSIS COMPLETED for ticket A15-3448
2026-03-19 10:26:34,341 | INFO | No defined transition for current status: ISSUE ANALYSIS COMPLETED for ticket A15-3448
2026-03-19 10:26:34,341 | INFO | No defined transition for current status: ISSUE ANALYSIS COMPLETED for ticket A15-3448
2026-03-19 10:26:34,342 | INFO | No defined transition for current status: ISSUE ANALYSIS COMPLETED for ticket A15-3448
2026-03-19 10:26:34,343 | INFO | No defined transition for current status: ISSUE ANALYSIS COMPLETED for ticket A15-3448
2026-03-19 10:26:34,344 | INFO | No defined transition for current status: ISSUE ANALYSIS COMPLETED for ticket A15-3448
2026-03-19 10:26:34,344 | INFO | No defined transition for current status: ISSUE ANALYSIS COMPLETED for ticket A15-3448
2026-03-19 10:26:34,345 | INFO | No defined transition for current status: ISSUE ANALYSIS COMPLETED for ticket A15-3448
2026-03-19 10:26:34,346 | INFO | No defined transition for current status: ISSUE ANALYSIS COMPLETED for ticket A15-3448
2026-03-19 10:26:34,346 | INFO | No defined transition for current status: ISSUE ANALYSIS COMPLETED for ticket A15-3448
2026-03-19 10:26:34,347 | INFO | No defined transition for current status: ISSUE ANALYSIS COMPLETED for ticket A15-3448
2026-03-19 10:26:34,348 | INFO | No defined transition for current status: ISSUE ANALYSIS COMPLETED for ticket A15-3448
2026-03-19 10:26:34,349 | INFO | No defined transition for current status: ISSUE ANALYSIS COMPLETED for ticket A15-3448
2026-03-19 10:26:34,350 | INFO | No defined transition for current status: ISSUE ANALYSIS COMPLETED for ticket A15-3448
2026-03-19 10:26:34,350 | INFO | No defined transition for current status: ISSUE ANALYSIS COMPLETED for ticket A15-3448
2026-03-19 10:26:34,351 | INFO | No defined transition for current status: ISSUE ANALYSIS COMPLETED for ticket A15-3448
2026-03-19 10:26:34,352 | INFO | No defined transition for current status: ISSUE ANALYSIS COMPLETED for ticket A15-3448
2026-03-19 10:26:34,352 | INFO | No defined transition for current status: ISSUE ANALYSIS COMPLETED for ticket A15-3448
2026-03-19 10:26:34,353 | INFO | No defined transition for current status: ISSUE ANALYSIS COMPLETED for ticket A15-3448
2026-03-19 10:26:34,354 | INFO | No defined transition for current status: ISSUE ANALYSIS COMPLETED for ticket A15-3448
2026-03-19 10:26:34,355 | INFO | No defined transition for current status: ISSUE ANALYSIS COMPLETED for ticket A15-3448
2026-03-19 10:26:34,355 | INFO | No defined transition for current status: ISSUE ANALYSIS COMPLETED for ticket A15-3448
2026-03-19 10:26:34,356 | INFO | No defined transition for current status: ISSUE ANALYSIS COMPLETED for ticket A15-3448
2026-03-19 10:26:34,357 | INFO | No defined transition for current status: ISSUE ANALYSIS COMPLETED for ticket A15-3448
2026-03-19 10:26:34,357 | INFO | No defined transition for current status: ISSUE ANALYSIS COMPLETED for ticket A15-3448
2026-03-19 10:26:34,358 | INFO | No defined transition for current status: ISSUE ANALYSIS COMPLETED for ticket A15-3448
2026-03-19 10:26:34,359 | INFO | No defined transition for current status: ISSUE ANALYSIS COMPLETED for ticket A15-3448
2026-03-19 10:26:34,359 | INFO | No defined transition for current status: ISSUE ANALYSIS COMPLETED for ticket A15-3448
2026-03-19 10:26:34,360 | INFO | No defined transition for current status: ISSUE ANALYSIS COMPLETED for ticket A15-3448
2026-03-19 10:26:34,361 | INFO | No defined transition for current status: ISSUE ANALYSIS COMPLETED for ticket A15-3448
2026-03-19 10:26:34,361 | INFO | No defined transition for current status: ISSUE ANALYSIS COMPLETED for ticket A15-3448
2026-03-19 10:26:34,362 | INFO | No defined transition for current status: ISSUE ANALYSIS COMPLETED for ticket A15-3448
2026-03-19 10:26:34,363 | INFO | No defined transition for current status: ISSUE ANALYSIS COMPLETED for ticket A15-3448
2026-03-19 10:26:34,363 | INFO | No defined transition for current status: ISSUE ANALYSIS COMPLETED for ticket A15-3448
2026-03-19 10:26:34,364 | INFO | No defined transition for current status: ISSUE ANALYSIS COMPLETED for ticket A15-3448
2026-03-19 10:26:34,365 | INFO | No defined transition for current status: ISSUE ANALYSIS COMPLETED for ticket A15-3448
2026-03-19 10:26:34,365 | INFO | No defined transition for current status: ISSUE ANALYSIS COMPLETED for ticket A15-3448
2026-03-19 10:26:34,366 | INFO | No defined transition for current status: ISSUE ANALYSIS COMPLETED for ticket A15-3448
2026-03-19 10:26:34,366 | INFO | No defined transition for current status: ISSUE ANALYSIS COMPLETED for ticket A15-3448
2026-03-19 10:26:34,367 | INFO | No defined transition for current status: ISSUE ANALYSIS COMPLETED for ticket A15-3448
2026-03-19 10:26:34,367 | INFO | No defined transition for current status: ISSUE ANALYSIS COMPLETED for ticket A15-3448
2026-03-19 10:26:34,368 | INFO | No defined transition for current status: ISSUE ANALYSIS COMPLETED for ticket A15-3448
2026-03-19 10:26:34,369 | INFO | No defined transition for current status: ISSUE ANALYSIS COMPLETED for ticket A15-3448
2026-03-19 10:26:34,369 | INFO | No defined transition for current status: ISSUE ANALYSIS COMPLETED for ticket A15-3448
2026-03-19 10:26:34,370 | INFO | No defined transition for current status: ISSUE ANALYSIS COMPLETED for ticket A15-3448
2026-03-19 10:26:34,371 | INFO | No defined transition for current status: ISSUE ANALYSIS COMPLETED for ticket A15-3448
2026-03-19 10:26:34,371 | INFO | No defined transition for current status: ISSUE ANALYSIS COMPLETED for ticket A15-3448
2026-03-19 10:26:34,372 | INFO | No defined transition for current status: ISSUE ANALYSIS COMPLETED for ticket A15-3448
2026-03-19 10:26:34,372 | INFO | No defined transition for current status: ISSUE ANALYSIS COMPLETED for ticket A15-3448
2026-03-19 10:26:34,373 | INFO | No defined transition for current status: ISSUE ANALYSIS COMPLETED for ticket A15-3448
2026-03-19 10:26:34,374 | INFO | No defined transition for current status: ISSUE ANALYSIS COMPLETED for ticket A15-3448
2026-03-19 10:26:34,374 | INFO | No defined transition for current status: ISSUE ANALYSIS COMPLETED for ticket A15-3448
2026-03-19 10:26:34,375 | INFO | No defined transition for current status: ISSUE ANALYSIS COMPLETED for ticket A15-3448
2026-03-19 10:26:34,376 | INFO | No defined transition for current status: ISSUE ANALYSIS COMPLETED for ticket A15-3448
2026-03-19 10:26:34,376 | INFO | No defined transition for current status: ISSUE ANALYSIS COMPLETED for ticket A15-3448
2026-03-19 10:26:34,377 | INFO | No defined transition for current status: ISSUE ANALYSIS COMPLETED for ticket A15-3448
2026-03-19 10:26:34,378 | INFO | No defined transition for current status: ISSUE ANALYSIS COMPLETED for ticket A15-3448
2026-03-19 10:26:34,378 | INFO | No defined transition for current status: ISSUE ANALYSIS COMPLETED for ticket A15-3448
2026-03-19 10:26:34,379 | INFO | No defined transition for current status: ISSUE ANALYSIS COMPLETED for ticket A15-3448
2026-03-19 10:26:34,380 | INFO | No defined transition for current status: ISSUE ANALYSIS COMPLETED for ticket A15-3448
2026-03-19 10:26:34,381 | INFO | No defined transition for current status: ISSUE ANALYSIS COMPLETED for ticket A15-3448
2026-03-19 10:26:34,381 | INFO | No defined transition for current status: ISSUE ANALYSIS COMPLETED for ticket A15-3448
2026-03-19 10:26:34,382 | INFO | No defined transition for current status: ISSUE ANALYSIS COMPLETED for ticket A15-3448
2026-03-19 10:26:34,383 | INFO | No defined transition for current status: ISSUE ANALYSIS COMPLETED for ticket A15-3448
2026-03-19 10:26:34,383 | INFO | No defined transition for current status: ISSUE ANALYSIS COMPLETED for ticket A15-3448
2026-03-19 10:26:34,384 | INFO | No defined transition for current status: ISSUE ANALYSIS COMPLETED for ticket A15-3448
2026-03-19 10:26:34,385 | INFO | No defined transition for current status: ISSUE ANALYSIS COMPLETED for ticket A15-3448
2026-03-19 10:26:34,385 | INFO | No defined transition for current status: ISSUE ANALYSIS COMPLETED for ticket A15-3448
2026-03-19 10:26:34,386 | INFO | No defined transition for current status: ISSUE ANALYSIS COMPLETED for ticket A15-3448
2026-03-19 10:26:34,387 | INFO | No defined transition for current status: ISSUE ANALYSIS COMPLETED for ticket A15-3448
2026-03-19 10:26:34,388 | INFO | No defined transition for current status: ISSUE ANALYSIS COMPLETED for ticket A15-3448
2026-03-19 10:26:34,388 | INFO | No defined transition for current status: ISSUE ANALYSIS COMPLETED for ticket A15-3448
2026-03-19 10:26:34,389 | INFO | No defined transition for current status: ISSUE ANALYSIS COMPLETED for ticket A15-3448
2026-03-19 10:26:34,390 | INFO | No defined transition for current status: ISSUE ANALYSIS COMPLETED for ticket A15-3448
2026-03-19 10:26:34,391 | INFO | No defined transition for current status: ISSUE ANALYSIS COMPLETED for ticket A15-3448
2026-03-19 10:26:34,391 | INFO | No defined transition for current status: ISSUE ANALYSIS COMPLETED for ticket A15-3448
2026-03-19 10:26:34,392 | INFO | No defined transition for current status: ISSUE ANALYSIS COMPLETED for ticket A15-3448
2026-03-19 10:26:34,393 | INFO | No defined transition for current status: ISSUE ANALYSIS COMPLETED for ticket A15-3448
2026-03-19 10:26:34,393 | INFO | No defined transition for current status: ISSUE ANALYSIS COMPLETED for ticket A15-3448
2026-03-19 10:26:34,394 | INFO | No defined transition for current status: ISSUE ANALYSIS COMPLETED for ticket A15-3448
2026-03-19 10:26:34,395 | INFO | No defined transition for current status: ISSUE ANALYSIS COMPLETED for ticket A15-3448
2026-03-19 10:26:34,395 | INFO | No defined transition for current status: ISSUE ANALYSIS COMPLETED for ticket A15-3448
2026-03-19 10:26:34,396 | INFO | No defined transition for current status: ISSUE ANALYSIS COMPLETED for ticket A15-3448
2026-03-19 10:26:34,397 | INFO | No defined transition for current status: ISSUE ANALYSIS COMPLETED for ticket A15-3448
2026-03-19 10:26:34,397 | INFO | No defined transition for current status: ISSUE ANALYSIS COMPLETED for ticket A15-3448
2026-03-19 10:26:34,398 | INFO | No defined transition for current status: ISSUE ANALYSIS COMPLETED for ticket A15-3448
2026-03-19 10:26:34,399 | INFO | No defined transition for current status: ISSUE ANALYSIS COMPLETED for ticket A15-3448
2026-03-19 10:26:34,399 | INFO | No defined transition for current status: ISSUE ANALYSIS COMPLETED for ticket A15-3448
2026-03-19 10:26:34,400 | INFO | No defined transition for current status: ISSUE ANALYSIS COMPLETED for ticket A15-3448
2026-03-19 10:26:34,401 | INFO | No defined transition for current status: ISSUE ANALYSIS COMPLETED for ticket A15-3448
2026-03-19 10:26:34,401 | INFO | No defined transition for current status: ISSUE ANALYSIS COMPLETED for ticket A15-3448
2026-03-19 10:26:34,402 | INFO | No defined transition for current status: ISSUE ANALYSIS COMPLETED for ticket A15-3448
2026-03-19 10:26:34,403 | INFO | No defined transition for current status: ISSUE ANALYSIS COMPLETED for ticket A15-3448
2026-03-19 10:26:34,403 | INFO | No defined transition for current status: ISSUE ANALYSIS COMPLETED for ticket A15-3448
2026-03-19 10:26:34,404 | INFO | No defined transition for current status: ISSUE ANALYSIS COMPLETED for ticket A15-3448
2026-03-19 10:26:34,404 | INFO | No defined transition for current status: ISSUE ANALYSIS COMPLETED for ticket A15-3448
2026-03-19 10:26:34,405 | INFO | No defined transition for current status: ISSUE ANALYSIS COMPLETED for ticket A15-3448
2026-03-19 10:26:34,406 | INFO | No defined transition for current status: ISSUE ANALYSIS COMPLETED for ticket A15-3448
2026-03-19 10:26:34,407 | INFO | No defined transition for current status: ISSUE ANALYSIS COMPLETED for ticket A15-3448
2026-03-19 10:26:34,407 | INFO | No defined transition for current status: ISSUE ANALYSIS COMPLETED for ticket A15-3448
2026-03-19 10:26:34,408 | INFO | No defined transition for current status: ISSUE ANALYSIS COMPLETED for ticket A15-3448
2026-03-19 10:26:34,408 | INFO | No defined transition for current status: ISSUE ANALYSIS COMPLETED for ticket A15-3448
2026-03-19 10:26:34,409 | INFO | No defined transition for current status: ISSUE ANALYSIS COMPLETED for ticket A15-3448
2026-03-19 10:26:34,410 | INFO | No defined transition for current status: ISSUE ANALYSIS COMPLETED for ticket A15-3448
2026-03-19 10:26:34,410 | INFO | No defined transition for current status: ISSUE ANALYSIS COMPLETED for ticket A15-3448
2026-03-19 10:26:34,411 | INFO | No defined transition for current status: ISSUE ANALYSIS COMPLETED for ticket A15-3448
2026-03-19 10:26:34,412 | INFO | No defined transition for current status: ISSUE ANALYSIS COMPLETED for ticket A15-3448
2026-03-19 10:26:34,413 | INFO | No defined transition for current status: ISSUE ANALYSIS COMPLETED for ticket A15-3448
2026-03-19 10:26:34,413 | INFO | No defined transition for current status: ISSUE ANALYSIS COMPLETED for ticket A15-3448
2026-03-19 10:26:34,414 | INFO | No defined transition for current status: ISSUE ANALYSIS COMPLETED for ticket A15-3448
2026-03-19 10:26:34,415 | INFO | No defined transition for current status: ISSUE ANALYSIS COMPLETED for ticket A15-3448
2026-03-19 10:26:34,415 | INFO | No defined transition for current status: ISSUE ANALYSIS COMPLETED for ticket A15-3448
2026-03-19 10:26:34,416 | INFO | No defined transition for current status: ISSUE ANALYSIS COMPLETED for ticket A15-3448
2026-03-19 10:26:34,417 | INFO | No defined transition for current status: ISSUE ANALYSIS COMPLETED for ticket A15-3448
2026-03-19 10:26:34,417 | INFO | No defined transition for current status: ISSUE ANALYSIS COMPLETED for ticket A15-3448
2026-03-19 10:26:34,418 | INFO | No defined transition for current status: ISSUE ANALYSIS COMPLETED for ticket A15-3448
2026-03-19 10:26:34,419 | INFO | No defined transition for current status: ISSUE ANALYSIS COMPLETED for ticket A15-3448
2026-03-19 10:26:34,420 | INFO | No defined transition for current status: ISSUE ANALYSIS COMPLETED for ticket A15-3448
2026-03-19 10:26:34,421 | INFO | No defined transition for current status: ISSUE ANALYSIS COMPLETED for ticket A15-3448
2026-03-19 10:26:34,421 | INFO | No defined transition for current status: ISSUE ANALYSIS COMPLETED for ticket A15-3448
2026-03-19 10:26:34,422 | INFO | No defined transition for current status: ISSUE ANALYSIS COMPLETED for ticket A15-3448
2026-03-19 10:26:34,423 | INFO | No defined transition for current status: ISSUE ANALYSIS COMPLETED for ticket A15-3448
2026-03-19 10:26:34,423 | INFO | No defined transition for current status: ISSUE ANALYSIS COMPLETED for ticket A15-3448
2026-03-19 10:26:34,424 | INFO | No defined transition for current status: ISSUE ANALYSIS COMPLETED for ticket A15-3448
2026-03-19 10:26:34,425 | INFO | No defined transition for current status: ISSUE ANALYSIS COMPLETED for ticket A15-3448
2026-03-19 10:26:34,425 | INFO | No defined transition for current status: ISSUE ANALYSIS COMPLETED for ticket A15-3448
2026-03-19 10:26:34,426 | INFO | No defined transition for current status: ISSUE ANALYSIS COMPLETED for ticket A15-3448
2026-03-19 10:26:34,427 | INFO | No defined transition for current status: ISSUE ANALYSIS COMPLETED for ticket A15-3448
2026-03-19 10:26:34,427 | INFO | No defined transition for current status: ISSUE ANALYSIS COMPLETED for ticket A15-3448
2026-03-19 10:26:34,428 | INFO | No defined transition for current status: ISSUE ANALYSIS COMPLETED for ticket A15-3448
2026-03-19 10:26:34,428 | INFO | No defined transition for current status: ISSUE ANALYSIS COMPLETED for ticket A15-3448
2026-03-19 10:26:34,428 | INFO | No defined transition for current status: ISSUE ANALYSIS COMPLETED for ticket A15-3448
2026-03-19 10:26:34,429 | INFO | No defined transition for current status: ISSUE ANALYSIS COMPLETED for ticket A15-3448
2026-03-19 10:26:34,429 | INFO | No defined transition for current status: ISSUE ANALYSIS COMPLETED for ticket A15-3448
2026-03-19 10:26:34,429 | INFO | No defined transition for current status: ISSUE ANALYSIS COMPLETED for ticket A15-3448
2026-03-19 10:26:34,430 | INFO | No defined transition for current status: ISSUE ANALYSIS COMPLETED for ticket A15-3448
2026-03-19 10:26:34,430 | INFO | No defined transition for current status: ISSUE ANALYSIS COMPLETED for ticket A15-3448
2026-03-19 10:26:34,431 | INFO | No defined transition for current status: ISSUE ANALYSIS COMPLETED for ticket A15-3448
2026-03-19 10:26:34,432 | INFO | No defined transition for current status: ISSUE ANALYSIS COMPLETED for ticket A15-3448
2026-03-19 10:26:34,432 | INFO | No defined transition for current status: ISSUE ANALYSIS COMPLETED for ticket A15-3448
2026-03-19 10:26:34,433 | INFO | No defined transition for current status: ISSUE ANALYSIS COMPLETED for ticket A15-3448
2026-03-19 10:26:34,434 | INFO | No defined transition for current status: ISSUE ANALYSIS COMPLETED for ticket A15-3448
2026-03-19 10:26:34,435 | INFO | No defined transition for current status: ISSUE ANALYSIS COMPLETED for ticket A15-3448
2026-03-19 10:26:34,435 | INFO | No defined transition for current status: ISSUE ANALYSIS COMPLETED for ticket A15-3448
2026-03-19 10:26:34,436 | INFO | No defined transition for current status: ISSUE ANALYSIS COMPLETED for ticket A15-3448
2026-03-19 10:26:34,437 | INFO | No defined transition for current status: ISSUE ANALYSIS COMPLETED for ticket A15-3448
2026-03-19 10:26:34,437 | INFO | No defined transition for current status: ISSUE ANALYSIS COMPLETED for ticket A15-3448
2026-03-19 10:26:34,438 | INFO | No defined transition for current status: ISSUE ANALYSIS COMPLETED for ticket A15-3448
2026-03-19 10:26:34,439 | INFO | No defined transition for current status: ISSUE ANALYSIS COMPLETED for ticket A15-3448
2026-03-19 10:26:34,439 | INFO | No defined transition for current status: ISSUE ANALYSIS COMPLETED for ticket A15-3448
2026-03-19 10:26:34,440 | INFO | No defined transition for current status: ISSUE ANALYSIS COMPLETED for ticket A15-3448
2026-03-19 10:26:34,441 | INFO | No defined transition for current status: ISSUE ANALYSIS COMPLETED for ticket A15-3448
2026-03-19 10:26:34,441 | INFO | No defined transition for current status: ISSUE ANALYSIS COMPLETED for ticket A15-3448
2026-03-19 10:26:34,442 | INFO | No defined transition for current status: ISSUE ANALYSIS COMPLETED for ticket A15-3448
2026-03-19 10:26:34,442 | INFO | No defined transition for current status: ISSUE ANALYSIS COMPLETED for ticket A15-3448
2026-03-19 10:26:34,443 | INFO | No defined transition for current status: ISSUE ANALYSIS COMPLETED for ticket A15-3448
2026-03-19 10:26:34,443 | INFO | No defined transition for current status: ISSUE ANALYSIS COMPLETED for ticket A15-3448
2026-03-19 10:26:34,444 | INFO | No defined transition for current status: ISSUE ANALYSIS COMPLETED for ticket A15-3448
2026-03-19 10:26:34,445 | INFO | No defined transition for current status: ISSUE ANALYSIS COMPLETED for ticket A15-3448
2026-03-19 10:26:34,446 | INFO | No defined transition for current status: ISSUE ANALYSIS COMPLETED for ticket A15-3448
2026-03-19 10:26:34,447 | INFO | No defined transition for current status: ISSUE ANALYSIS COMPLETED for ticket A15-3448
2026-03-19 10:26:34,448 | INFO | No defined transition for current status: ISSUE ANALYSIS COMPLETED for ticket A15-3448
2026-03-19 10:26:34,449 | INFO | No defined transition for current status: ISSUE ANALYSIS COMPLETED for ticket A15-3448
2026-03-19 10:26:34,449 | INFO | No defined transition for current status: ISSUE ANALYSIS COMPLETED for ticket A15-3448
2026-03-19 10:26:34,450 | INFO | No defined transition for current status: ISSUE ANALYSIS COMPLETED for ticket A15-3448
2026-03-19 10:26:34,451 | INFO | No defined transition for current status: ISSUE ANALYSIS COMPLETED for ticket A15-3448
2026-03-19 10:26:34,452 | INFO | No defined transition for current status: ISSUE ANALYSIS COMPLETED for ticket A15-3448
2026-03-19 10:26:34,453 | INFO | No defined transition for current status: ISSUE ANALYSIS COMPLETED for ticket A15-3448
2026-03-19 10:26:34,453 | INFO | No defined transition for current status: ISSUE ANALYSIS COMPLETED for ticket A15-3448
2026-03-19 10:26:34,454 | INFO | No defined transition for current status: ISSUE ANALYSIS COMPLETED for ticket A15-3448
2026-03-19 10:26:34,455 | INFO | No defined transition for current status: ISSUE ANALYSIS COMPLETED for ticket A15-3448
2026-03-19 10:26:34,456 | INFO | No defined transition for current status: ISSUE ANALYSIS COMPLETED for ticket A15-3448
2026-03-19 10:26:34,456 | INFO | No defined transition for current status: ISSUE ANALYSIS COMPLETED for ticket A15-3448
2026-03-19 10:26:34,457 | INFO | No defined transition for current status: ISSUE ANALYSIS COMPLETED for ticket A15-3448
2026-03-19 10:26:34,458 | INFO | No defined transition for current status: ISSUE ANALYSIS COMPLETED for ticket A15-3448
2026-03-19 10:26:34,459 | INFO | No defined transition for current status: ISSUE ANALYSIS COMPLETED for ticket A15-3448
2026-03-19 10:26:34,459 | INFO | No defined transition for current status: ISSUE ANALYSIS COMPLETED for ticket A15-3448
2026-03-19 10:26:34,460 | INFO | No defined transition for current status: ISSUE ANALYSIS COMPLETED for ticket A15-3448
2026-03-19 10:26:34,461 | INFO | No defined transition for current status: ISSUE ANALYSIS COMPLETED for ticket A15-3448
2026-03-19 10:26:34,461 | INFO | No defined transition for current status: ISSUE ANALYSIS COMPLETED for ticket A15-3448
2026-03-19 10:26:34,462 | INFO | No defined transition for current status: ISSUE ANALYSIS COMPLETED for ticket A15-3448
2026-03-19 10:26:34,463 | INFO | No defined transition for current status: ISSUE ANALYSIS COMPLETED for ticket A15-3448
2026-03-19 10:26:34,463 | INFO | No defined transition for current status: ISSUE ANALYSIS COMPLETED for ticket A15-3448
2026-03-19 10:26:34,464 | INFO | No defined transition for current status: ISSUE ANALYSIS COMPLETED for ticket A15-3448
2026-03-19 10:26:34,465 | INFO | No defined transition for current status: ISSUE ANALYSIS COMPLETED for ticket A15-3448
2026-03-19 10:26:34,465 | INFO | No defined transition for current status: ISSUE ANALYSIS COMPLETED for ticket A15-3448
2026-03-19 10:26:34,466 | INFO | No defined transition for current status: ISSUE ANALYSIS COMPLETED for ticket A15-3448
2026-03-19 10:26:34,467 | INFO | No defined transition for current status: ISSUE ANALYSIS COMPLETED for ticket A15-3448
2026-03-19 10:26:34,467 | INFO | No defined transition for current status: ISSUE ANALYSIS COMPLETED for ticket A15-3448
2026-03-19 10:26:34,468 | INFO | No defined transition for current status: ISSUE ANALYSIS COMPLETED for ticket A15-3448
2026-03-19 10:26:34,469 | INFO | No defined transition for current status: ISSUE ANALYSIS COMPLETED for ticket A15-3448
2026-03-19 10:26:34,470 | INFO | No defined transition for current status: ISSUE ANALYSIS COMPLETED for ticket A15-3448
2026-03-19 10:26:34,471 | INFO | No defined transition for current status: ISSUE ANALYSIS COMPLETED for ticket A15-3448
2026-03-19 10:26:34,471 | INFO | No defined transition for current status: ISSUE ANALYSIS COMPLETED for ticket A15-3448
2026-03-19 10:26:34,472 | INFO | No defined transition for current status: ISSUE ANALYSIS COMPLETED for ticket A15-3448
2026-03-19 10:26:34,473 | INFO | No defined transition for current status: ISSUE ANALYSIS COMPLETED for ticket A15-3448
2026-03-19 10:26:34,473 | INFO | No defined transition for current status: ISSUE ANALYSIS COMPLETED for ticket A15-3448
2026-03-19 10:26:34,474 | INFO | No defined transition for current status: ISSUE ANALYSIS COMPLETED for ticket A15-3448
2026-03-19 10:26:34,475 | INFO | No defined transition for current status: ISSUE ANALYSIS COMPLETED for ticket A15-3448
2026-03-19 10:26:34,476 | INFO | No defined transition for current status: ISSUE ANALYSIS COMPLETED for ticket A15-3448
2026-03-19 10:26:34,476 | INFO | No defined transition for current status: ISSUE ANALYSIS COMPLETED for ticket A15-3448
2026-03-19 10:26:34,477 | INFO | No defined transition for current status: ISSUE ANALYSIS COMPLETED for ticket A15-3448
2026-03-19 10:26:34,478 | INFO | No defined transition for current status: ISSUE ANALYSIS COMPLETED for ticket A15-3448
2026-03-19 10:26:34,478 | INFO | No defined transition for current status: ISSUE ANALYSIS COMPLETED for ticket A15-3448
2026-03-19 10:26:34,479 | INFO | No defined transition for current status: ISSUE ANALYSIS COMPLETED for ticket A15-3448
2026-03-19 10:26:34,480 | INFO | No defined transition for current status: ISSUE ANALYSIS COMPLETED for ticket A15-3448
2026-03-19 10:26:34,480 | INFO | No defined transition for current status: ISSUE ANALYSIS COMPLETED for ticket A15-3448
2026-03-19 10:26:34,481 | INFO | No defined transition for current status: ISSUE ANALYSIS COMPLETED for ticket A15-3448
2026-03-19 10:26:34,482 | INFO | No defined transition for current status: ISSUE ANALYSIS COMPLETED for ticket A15-3448
2026-03-19 10:26:34,482 | INFO | No defined transition for current status: ISSUE ANALYSIS COMPLETED for ticket A15-3448
2026-03-19 10:26:34,483 | INFO | No defined transition for current status: ISSUE ANALYSIS COMPLETED for ticket A15-3448
2026-03-19 10:26:34,484 | INFO | No defined transition for current status: ISSUE ANALYSIS COMPLETED for ticket A15-3448
2026-03-19 10:26:34,484 | INFO | No defined transition for current status: ISSUE ANALYSIS COMPLETED for ticket A15-3448
2026-03-19 10:26:34,485 | INFO | No defined transition for current status: ISSUE ANALYSIS COMPLETED for ticket A15-3448
2026-03-19 10:26:34,486 | INFO | No defined transition for current status: ISSUE ANALYSIS COMPLETED for ticket A15-3448
2026-03-19 10:26:34,486 | INFO | No defined transition for current status: ISSUE ANALYSIS COMPLETED for ticket A15-3448
2026-03-19 10:26:34,487 | INFO | No defined transition for current status: ISSUE ANALYSIS COMPLETED for ticket A15-3448
2026-03-19 10:26:34,488 | INFO | No defined transition for current status: ISSUE ANALYSIS COMPLETED for ticket A15-3448
2026-03-19 10:26:34,489 | INFO | No defined transition for current status: ISSUE ANALYSIS COMPLETED for ticket A15-3448
2026-03-19 10:26:34,489 | INFO | No defined transition for current status: ISSUE ANALYSIS COMPLETED for ticket A15-3448
2026-03-19 10:26:34,490 | INFO | No defined transition for current status: ISSUE ANALYSIS COMPLETED for ticket A15-3448
2026-03-19 10:26:34,491 | INFO | No defined transition for current status: ISSUE ANALYSIS COMPLETED for ticket A15-3448
2026-03-19 10:26:34,492 | INFO | No defined transition for current status: ISSUE ANALYSIS COMPLETED for ticket A15-3448
2026-03-19 10:26:34,493 | INFO | No defined transition for current status: ISSUE ANALYSIS COMPLETED for ticket A15-3448
2026-03-19 10:26:34,493 | INFO | No defined transition for current status: ISSUE ANALYSIS COMPLETED for ticket A15-3448
2026-03-19 10:26:34,494 | INFO | No defined transition for current status: ISSUE ANALYSIS COMPLETED for ticket A15-3448
2026-03-19 10:26:34,495 | INFO | No defined transition for current status: ISSUE ANALYSIS COMPLETED for ticket A15-3448
2026-03-19 10:26:34,496 | INFO | No defined transition for current status: ISSUE ANALYSIS COMPLETED for ticket A15-3448
2026-03-19 10:26:34,496 | INFO | No defined transition for current status: ISSUE ANALYSIS COMPLETED for ticket A15-3448
2026-03-19 10:26:34,497 | INFO | No defined transition for current status: ISSUE ANALYSIS COMPLETED for ticket A15-3448
2026-03-19 10:26:34,498 | INFO | No defined transition for current status: ISSUE ANALYSIS COMPLETED for ticket A15-3448
2026-03-19 10:26:34,499 | INFO | No defined transition for current status: ISSUE ANALYSIS COMPLETED for ticket A15-3448
2026-03-19 10:26:34,499 | INFO | No defined transition for current status: ISSUE ANALYSIS COMPLETED for ticket A15-3448
2026-03-19 10:26:34,500 | INFO | No defined transition for current status: ISSUE ANALYSIS COMPLETED for ticket A15-3448
2026-03-19 10:26:34,501 | INFO | No defined transition for current status: ISSUE ANALYSIS COMPLETED for ticket A15-3448
2026-03-19 10:26:34,502 | INFO | No defined transition for current status: ISSUE ANALYSIS COMPLETED for ticket A15-3448
2026-03-19 10:26:34,502 | INFO | No defined transition for current status: ISSUE ANALYSIS COMPLETED for ticket A15-3448
2026-03-19 10:26:34,503 | INFO | No defined transition for current status: ISSUE ANALYSIS COMPLETED for ticket A15-3448
2026-03-19 10:26:34,504 | INFO | No defined transition for current status: ISSUE ANALYSIS COMPLETED for ticket A15-3448
2026-03-19 10:26:34,505 | INFO | No defined transition for current status: ISSUE ANALYSIS COMPLETED for ticket A15-3448
2026-03-19 10:26:34,505 | INFO | No defined transition for current status: ISSUE ANALYSIS COMPLETED for ticket A15-3448
2026-03-19 10:26:34,506 | INFO | No defined transition for current status: ISSUE ANALYSIS COMPLETED for ticket A15-3448
2026-03-19 10:26:34,507 | INFO | No defined transition for current status: ISSUE ANALYSIS COMPLETED for ticket A15-3448
2026-03-19 10:26:34,508 | INFO | No defined transition for current status: ISSUE ANALYSIS COMPLETED for ticket A15-3448
2026-03-19 10:26:34,508 | INFO | No defined transition for current status: ISSUE ANALYSIS COMPLETED for ticket A15-3448
2026-03-19 10:26:34,509 | INFO | No defined transition for current status: ISSUE ANALYSIS COMPLETED for ticket A15-3448
2026-03-19 10:26:34,510 | INFO | No defined transition for current status: ISSUE ANALYSIS COMPLETED for ticket A15-3448
2026-03-19 10:26:34,511 | INFO | No defined transition for current status: ISSUE ANALYSIS COMPLETED for ticket A15-3448
2026-03-19 10:26:34,512 | INFO | No defined transition for current status: ISSUE ANALYSIS COMPLETED for ticket A15-3448
2026-03-19 10:26:34,512 | INFO | No defined transition for current status: ISSUE ANALYSIS COMPLETED for ticket A15-3448
2026-03-19 10:26:34,513 | INFO | No defined transition for current status: ISSUE ANALYSIS COMPLETED for ticket A15-3448
2026-03-19 10:26:34,514 | INFO | No defined transition for current status: ISSUE ANALYSIS COMPLETED for ticket A15-3448
2026-03-19 10:26:34,514 | INFO | No defined transition for current status: ISSUE ANALYSIS COMPLETED for ticket A15-3448
2026-03-19 10:26:34,515 | INFO | No defined transition for current status: ISSUE ANALYSIS COMPLETED for ticket A15-3448
2026-03-19 10:26:34,516 | INFO | No defined transition for current status: ISSUE ANALYSIS COMPLETED for ticket A15-3448
2026-03-19 10:26:34,516 | INFO | No defined transition for current status: ISSUE ANALYSIS COMPLETED for ticket A15-3448
2026-03-19 10:26:34,517 | INFO | No defined transition for current status: ISSUE ANALYSIS COMPLETED for ticket A15-3448
2026-03-19 10:26:34,517 | INFO | No defined transition for current status: ISSUE ANALYSIS COMPLETED for ticket A15-3448
2026-03-19 10:26:34,518 | INFO | No defined transition for current status: ISSUE ANALYSIS COMPLETED for ticket A15-3448
2026-03-19 10:26:34,520 | INFO | No defined transition for current status: ISSUE ANALYSIS COMPLETED for ticket A15-3448
2026-03-19 10:26:34,521 | INFO | No defined transition for current status: ISSUE ANALYSIS COMPLETED for ticket A15-3448
2026-03-19 10:26:34,521 | INFO | No defined transition for current status: ISSUE ANALYSIS COMPLETED for ticket A15-3448
2026-03-19 10:26:34,522 | INFO | No defined transition for current status: ISSUE ANALYSIS COMPLETED for ticket A15-3448
2026-03-19 10:26:34,523 | INFO | No defined transition for current status: ISSUE ANALYSIS COMPLETED for ticket A15-3448
2026-03-19 10:26:34,523 | INFO | No defined transition for current status: ISSUE ANALYSIS COMPLETED for ticket A15-3448
2026-03-19 10:26:34,524 | INFO | No defined transition for current status: ISSUE ANALYSIS COMPLETED for ticket A15-3448
2026-03-19 10:26:34,525 | INFO | No defined transition for current status: ISSUE ANALYSIS COMPLETED for ticket A15-3448
2026-03-19 10:26:34,526 | INFO | No defined transition for current status: ISSUE ANALYSIS COMPLETED for ticket A15-3448
2026-03-19 10:26:34,527 | INFO | No defined transition for current status: ISSUE ANALYSIS COMPLETED for ticket A15-3448
2026-03-19 10:26:34,528 | INFO | No defined transition for current status: ISSUE ANALYSIS COMPLETED for ticket A15-3448
2026-03-19 10:26:34,529 | INFO | No defined transition for current status: ISSUE ANALYSIS COMPLETED for ticket A15-3448
2026-03-19 10:26:34,529 | INFO | No defined transition for current status: ISSUE ANALYSIS COMPLETED for ticket A15-3448
2026-03-19 10:26:34,530 | INFO | No defined transition for current status: ISSUE ANALYSIS COMPLETED for ticket A15-3448
2026-03-19 10:26:34,531 | INFO | No defined transition for current status: ISSUE ANALYSIS COMPLETED for ticket A15-3448
2026-03-19 10:26:34,532 | INFO | No defined transition for current status: ISSUE ANALYSIS COMPLETED for ticket A15-3448
2026-03-19 10:26:34,533 | INFO | No defined transition for current status: ISSUE ANALYSIS COMPLETED for ticket A15-3448
2026-03-19 10:26:34,534 | INFO | No defined transition for current status: ISSUE ANALYSIS COMPLETED for ticket A15-3448
2026-03-19 10:26:34,534 | INFO | No defined transition for current status: ISSUE ANALYSIS COMPLETED for ticket A15-3448
2026-03-19 10:26:34,534 | INFO | No defined transition for current status: ISSUE ANALYSIS COMPLETED for ticket A15-3448
2026-03-19 10:26:34,536 | INFO | No defined transition for current status: ISSUE ANALYSIS COMPLETED for ticket A15-3448
2026-03-19 10:26:34,536 | INFO | No defined transition for current status: ISSUE ANALYSIS COMPLETED for ticket A15-3448
2026-03-19 10:26:34,537 | INFO | No defined transition for current status: ISSUE ANALYSIS COMPLETED for ticket A15-3448
2026-03-19 10:26:34,538 | INFO | No defined transition for current status: ISSUE ANALYSIS COMPLETED for ticket A15-3448
2026-03-19 10:26:34,539 | INFO | No defined transition for current status: ISSUE ANALYSIS COMPLETED for ticket A15-3448
2026-03-19 10:26:34,540 | INFO | No defined transition for current status: ISSUE ANALYSIS COMPLETED for ticket A15-3448
2026-03-19 10:26:34,540 | INFO | No defined transition for current status: ISSUE ANALYSIS COMPLETED for ticket A15-3448
2026-03-19 10:26:34,541 | INFO | No defined transition for current status: ISSUE ANALYSIS COMPLETED for ticket A15-3448
2026-03-19 10:26:34,541 | INFO | No defined transition for current status: ISSUE ANALYSIS COMPLETED for ticket A15-3448
2026-03-19 10:26:34,543 | INFO | No defined transition for current status: ISSUE ANALYSIS COMPLETED for ticket A15-3448
2026-03-19 10:26:34,544 | INFO | No defined transition for current status: ISSUE ANALYSIS COMPLETED for ticket A15-3448
2026-03-19 10:26:34,544 | INFO | No defined transition for current status: ISSUE ANALYSIS COMPLETED for ticket A15-3448
2026-03-19 10:26:34,545 | INFO | No defined transition for current status: ISSUE ANALYSIS COMPLETED for ticket A15-3448
2026-03-19 10:26:34,546 | INFO | No defined transition for current status: ISSUE ANALYSIS COMPLETED for ticket A15-3448
2026-03-19 10:26:34,547 | INFO | No defined transition for current status: ISSUE ANALYSIS COMPLETED for ticket A15-3448
2026-03-19 10:26:34,547 | INFO | No defined transition for current status: ISSUE ANALYSIS COMPLETED for ticket A15-3448
2026-03-19 10:26:34,548 | INFO | No defined transition for current status: ISSUE ANALYSIS COMPLETED for ticket A15-3448
2026-03-19 10:26:34,549 | INFO | No defined transition for current status: ISSUE ANALYSIS COMPLETED for ticket A15-3448
2026-03-19 10:26:34,550 | INFO | No defined transition for current status: ISSUE ANALYSIS COMPLETED for ticket A15-3448
2026-03-19 10:26:34,551 | INFO | No defined transition for current status: ISSUE ANALYSIS COMPLETED for ticket A15-3448
2026-03-19 10:26:34,551 | INFO | No defined transition for current status: ISSUE ANALYSIS COMPLETED for ticket A15-3448
2026-03-19 10:26:34,552 | INFO | No defined transition for current status: ISSUE ANALYSIS COMPLETED for ticket A15-3448
2026-03-19 10:26:34,553 | INFO | No defined transition for current status: ISSUE ANALYSIS COMPLETED for ticket A15-3448
2026-03-19 10:26:34,553 | INFO | No defined transition for current status: ISSUE ANALYSIS COMPLETED for ticket A15-3448
2026-03-19 10:26:34,554 | INFO | No defined transition for current status: ISSUE ANALYSIS COMPLETED for ticket A15-3448
2026-03-19 10:26:34,555 | INFO | No defined transition for current status: ISSUE ANALYSIS COMPLETED for ticket A15-3448
2026-03-19 10:26:34,555 | INFO | No defined transition for current status: ISSUE ANALYSIS COMPLETED for ticket A15-3448
2026-03-19 10:26:34,555 | INFO | No defined transition for current status: ISSUE ANALYSIS COMPLETED for ticket A15-3448
2026-03-19 10:26:34,557 | INFO | No defined transition for current status: ISSUE ANALYSIS COMPLETED for ticket A15-3448
2026-03-19 10:26:34,558 | INFO | No defined transition for current status: ISSUE ANALYSIS COMPLETED for ticket A15-3448
2026-03-19 10:26:34,558 | INFO | No defined transition for current status: ISSUE ANALYSIS COMPLETED for ticket A15-3448
2026-03-19 10:26:34,559 | INFO | No defined transition for current status: ISSUE ANALYSIS COMPLETED for ticket A15-3448
2026-03-19 10:26:34,560 | INFO | No defined transition for current status: ISSUE ANALYSIS COMPLETED for ticket A15-3448
2026-03-19 10:26:34,560 | INFO | No defined transition for current status: ISSUE ANALYSIS COMPLETED for ticket A15-3448
2026-03-19 10:26:34,561 | INFO | No defined transition for current status: ISSUE ANALYSIS COMPLETED for ticket A15-3448
2026-03-19 10:26:34,562 | INFO | No defined transition for current status: ISSUE ANALYSIS COMPLETED for ticket A15-3448
2026-03-19 10:26:34,562 | INFO | No defined transition for current status: ISSUE ANALYSIS COMPLETED for ticket A15-3448
2026-03-19 10:26:34,563 | INFO | No defined transition for current status: ISSUE ANALYSIS COMPLETED for ticket A15-3448
2026-03-19 10:26:34,564 | INFO | No defined transition for current status: ISSUE ANALYSIS COMPLETED for ticket A15-3448
2026-03-19 10:26:34,565 | INFO | No defined transition for current status: ISSUE ANALYSIS COMPLETED for ticket A15-3448
2026-03-19 10:26:34,566 | INFO | No defined transition for current status: ISSUE ANALYSIS COMPLETED for ticket A15-3448
2026-03-19 10:26:34,566 | INFO | No defined transition for current status: ISSUE ANALYSIS COMPLETED for ticket A15-3448
2026-03-19 10:26:34,567 | INFO | No defined transition for current status: ISSUE ANALYSIS COMPLETED for ticket A15-3448
2026-03-19 10:26:34,568 | INFO | No defined transition for current status: ISSUE ANALYSIS COMPLETED for ticket A15-3448
2026-03-19 10:26:34,569 | INFO | No defined transition for current status: ISSUE ANALYSIS COMPLETED for ticket A15-3448
2026-03-19 10:26:34,570 | INFO | No defined transition for current status: ISSUE ANALYSIS COMPLETED for ticket A15-3448
2026-03-19 10:26:34,570 | INFO | No defined transition for current status: ISSUE ANALYSIS COMPLETED for ticket A15-3448
2026-03-19 10:26:34,571 | INFO | No defined transition for current status: ISSUE ANALYSIS COMPLETED for ticket A15-3448
2026-03-19 10:26:34,572 | INFO | No defined transition for current status: ISSUE ANALYSIS COMPLETED for ticket A15-3448
2026-03-19 10:26:34,573 | INFO | No defined transition for current status: ISSUE ANALYSIS COMPLETED for ticket A15-3448
2026-03-19 10:26:34,574 | INFO | No defined transition for current status: ISSUE ANALYSIS COMPLETED for ticket A15-3448
2026-03-19 10:26:34,574 | INFO | No defined transition for current status: ISSUE ANALYSIS COMPLETED for ticket A15-3448
2026-03-19 10:26:34,575 | INFO | No defined transition for current status: ISSUE ANALYSIS COMPLETED for ticket A15-3448
2026-03-19 10:26:34,576 | INFO | No defined transition for current status: ISSUE ANALYSIS COMPLETED for ticket A15-3448
2026-03-19 10:26:34,577 | INFO | No defined transition for current status: ISSUE ANALYSIS COMPLETED for ticket A15-3448
2026-03-19 10:26:34,577 | INFO | No defined transition for current status: ISSUE ANALYSIS COMPLETED for ticket A15-3448
2026-03-19 10:26:34,578 | INFO | No defined transition for current status: ISSUE ANALYSIS COMPLETED for ticket A15-3448
2026-03-19 10:26:34,579 | INFO | No defined transition for current status: ISSUE ANALYSIS COMPLETED for ticket A15-3448
2026-03-19 10:26:34,580 | INFO | No defined transition for current status: ISSUE ANALYSIS COMPLETED for ticket A15-3448
2026-03-19 10:26:34,581 | INFO | No defined transition for current status: ISSUE ANALYSIS COMPLETED for ticket A15-3448
2026-03-19 10:26:34,582 | INFO | No defined transition for current status: ISSUE ANALYSIS COMPLETED for ticket A15-3448
2026-03-19 10:26:34,582 | INFO | No defined transition for current status: ISSUE ANALYSIS COMPLETED for ticket A15-3448
2026-03-19 10:26:34,583 | INFO | No defined transition for current status: ISSUE ANALYSIS COMPLETED for ticket A15-3448
2026-03-19 10:26:34,584 | INFO | No defined transition for current status: ISSUE ANALYSIS COMPLETED for ticket A15-3448
2026-03-19 10:26:34,584 | INFO | No defined transition for current status: ISSUE ANALYSIS COMPLETED for ticket A15-3448
2026-03-19 10:26:34,585 | INFO | No defined transition for current status: ISSUE ANALYSIS COMPLETED for ticket A15-3448
2026-03-19 10:26:34,586 | INFO | No defined transition for current status: ISSUE ANALYSIS COMPLETED for ticket A15-3448
2026-03-19 10:26:34,586 | INFO | No defined transition for current status: ISSUE ANALYSIS COMPLETED for ticket A15-3448
2026-03-19 10:26:34,587 | INFO | No defined transition for current status: ISSUE ANALYSIS COMPLETED for ticket A15-3448
2026-03-19 10:26:34,588 | INFO | No defined transition for current status: ISSUE ANALYSIS COMPLETED for ticket A15-3448
2026-03-19 10:26:34,590 | INFO | No defined transition for current status: ISSUE ANALYSIS COMPLETED for ticket A15-3448
2026-03-19 10:26:34,590 | INFO | No defined transition for current status: ISSUE ANALYSIS COMPLETED for ticket A15-3448
2026-03-19 10:26:34,591 | INFO | No defined transition for current status: ISSUE ANALYSIS COMPLETED for ticket A15-3448
2026-03-19 10:26:34,592 | INFO | No defined transition for current status: ISSUE ANALYSIS COMPLETED for ticket A15-3448
2026-03-19 10:26:34,593 | INFO | No defined transition for current status: ISSUE ANALYSIS COMPLETED for ticket A15-3448
2026-03-19 10:26:34,593 | INFO | No defined transition for current status: ISSUE ANALYSIS COMPLETED for ticket A15-3448
2026-03-19 10:26:34,594 | INFO | No defined transition for current status: ISSUE ANALYSIS COMPLETED for ticket A15-3448
2026-03-19 10:26:34,595 | INFO | No defined transition for current status: ISSUE ANALYSIS COMPLETED for ticket A15-3448
2026-03-19 10:26:34,596 | INFO | No defined transition for current status: ISSUE ANALYSIS COMPLETED for ticket A15-3448
2026-03-19 10:26:34,597 | INFO | No defined transition for current status: ISSUE ANALYSIS COMPLETED for ticket A15-3448
2026-03-19 10:26:34,597 | INFO | No defined transition for current status: ISSUE ANALYSIS COMPLETED for ticket A15-3448
2026-03-19 10:26:34,598 | INFO | No defined transition for current status: ISSUE ANALYSIS COMPLETED for ticket A15-3448
2026-03-19 10:26:34,598 | INFO | No defined transition for current status: ISSUE ANALYSIS COMPLETED for ticket A15-3448
2026-03-19 10:26:34,599 | INFO | No defined transition for current status: ISSUE ANALYSIS COMPLETED for ticket A15-3448
2026-03-19 10:26:34,600 | INFO | No defined transition for current status: ISSUE ANALYSIS COMPLETED for ticket A15-3448
2026-03-19 10:26:34,600 | INFO | No defined transition for current status: ISSUE ANALYSIS COMPLETED for ticket A15-3448
2026-03-19 10:26:34,601 | INFO | No defined transition for current status: ISSUE ANALYSIS COMPLETED for ticket A15-3448
2026-03-19 10:26:34,602 | INFO | No defined transition for current status: ISSUE ANALYSIS COMPLETED for ticket A15-3448
2026-03-19 10:26:34,603 | INFO | No defined transition for current status: ISSUE ANALYSIS COMPLETED for ticket A15-3448
2026-03-19 10:26:34,604 | INFO | No defined transition for current status: ISSUE ANALYSIS COMPLETED for ticket A15-3448
2026-03-19 10:26:34,604 | INFO | No defined transition for current status: ISSUE ANALYSIS COMPLETED for ticket A15-3448
2026-03-19 10:26:34,605 | INFO | No defined transition for current status: ISSUE ANALYSIS COMPLETED for ticket A15-3448
2026-03-19 10:26:34,606 | INFO | No defined transition for current status: ISSUE ANALYSIS COMPLETED for ticket A15-3448
2026-03-19 10:26:34,607 | INFO | No defined transition for current status: ISSUE ANALYSIS COMPLETED for ticket A15-3448
2026-03-19 10:26:34,607 | INFO | No defined transition for current status: ISSUE ANALYSIS COMPLETED for ticket A15-3448
2026-03-19 10:26:34,608 | INFO | No defined transition for current status: ISSUE ANALYSIS COMPLETED for ticket A15-3448
2026-03-19 10:26:34,609 | INFO | No defined transition for current status: ISSUE ANALYSIS COMPLETED for ticket A15-3448
2026-03-19 10:26:34,609 | INFO | No defined transition for current status: ISSUE ANALYSIS COMPLETED for ticket A15-3448
2026-03-19 10:26:34,610 | INFO | No defined transition for current status: ISSUE ANALYSIS COMPLETED for ticket A15-3448
2026-03-19 10:26:34,610 | INFO | No defined transition for current status: ISSUE ANALYSIS COMPLETED for ticket A15-3448
2026-03-19 10:26:34,611 | INFO | No defined transition for current status: ISSUE ANALYSIS COMPLETED for ticket A15-3448
2026-03-19 10:26:34,612 | INFO | No defined transition for current status: ISSUE ANALYSIS COMPLETED for ticket A15-3448
2026-03-19 10:26:34,612 | INFO | No defined transition for current status: ISSUE ANALYSIS COMPLETED for ticket A15-3448
2026-03-19 10:26:34,613 | INFO | No defined transition for current status: ISSUE ANALYSIS COMPLETED for ticket A15-3448
2026-03-19 10:26:34,613 | INFO | No defined transition for current status: ISSUE ANALYSIS COMPLETED for ticket A15-3448
2026-03-19 10:26:34,614 | INFO | No defined transition for current status: ISSUE ANALYSIS COMPLETED for ticket A15-3448
2026-03-19 10:26:34,614 | INFO | No defined transition for current status: ISSUE ANALYSIS COMPLETED for ticket A15-3448
2026-03-19 10:26:34,615 | INFO | No defined transition for current status: ISSUE ANALYSIS COMPLETED for ticket A15-3448
2026-03-19 10:26:34,615 | INFO | No defined transition for current status: ISSUE ANALYSIS COMPLETED for ticket A15-3448
2026-03-19 10:26:34,616 | INFO | No defined transition for current status: ISSUE ANALYSIS COMPLETED for ticket A15-3448
2026-03-19 10:26:34,617 | INFO | No defined transition for current status: ISSUE ANALYSIS COMPLETED for ticket A15-3448
2026-03-19 10:26:34,617 | INFO | No defined transition for current status: ISSUE ANALYSIS COMPLETED for ticket A15-3448
2026-03-19 10:26:34,618 | INFO | No defined transition for current status: ISSUE ANALYSIS COMPLETED for ticket A15-3448
2026-03-19 10:26:34,619 | INFO | No defined transition for current status: ISSUE ANALYSIS COMPLETED for ticket A15-3448
2026-03-19 10:26:34,619 | INFO | No defined transition for current status: ISSUE ANALYSIS COMPLETED for ticket A15-3448
2026-03-19 10:26:34,619 | INFO | No defined transition for current status: ISSUE ANALYSIS COMPLETED for ticket A15-3448
2026-03-19 10:26:34,620 | INFO | No defined transition for current status: ISSUE ANALYSIS COMPLETED for ticket A15-3448
2026-03-19 10:26:34,621 | INFO | No defined transition for current status: ISSUE ANALYSIS COMPLETED for ticket A15-3448
2026-03-19 10:26:34,621 | INFO | No defined transition for current status: ISSUE ANALYSIS COMPLETED for ticket A15-3448
2026-03-19 10:26:34,622 | INFO | No defined transition for current status: ISSUE ANALYSIS COMPLETED for ticket A15-3448
2026-03-19 10:26:34,623 | INFO | No defined transition for current status: ISSUE ANALYSIS COMPLETED for ticket A15-3448
2026-03-19 10:26:34,624 | INFO | No defined transition for current status: ISSUE ANALYSIS COMPLETED for ticket A15-3448
2026-03-19 10:26:34,625 | INFO | No defined transition for current status: ISSUE ANALYSIS COMPLETED for ticket A15-3448
2026-03-19 10:26:34,626 | INFO | No defined transition for current status: ISSUE ANALYSIS COMPLETED for ticket A15-3448
2026-03-19 10:26:34,627 | INFO | No defined transition for current status: ISSUE ANALYSIS COMPLETED for ticket A15-3448
2026-03-19 10:26:34,628 | INFO | No defined transition for current status: ISSUE ANALYSIS COMPLETED for ticket A15-3448
2026-03-19 10:26:34,629 | INFO | No defined transition for current status: ISSUE ANALYSIS COMPLETED for ticket A15-3448
2026-03-19 10:26:34,629 | INFO | No defined transition for current status: ISSUE ANALYSIS COMPLETED for ticket A15-3448
2026-03-19 10:26:34,630 | INFO | No defined transition for current status: ISSUE ANALYSIS COMPLETED for ticket A15-3448
2026-03-19 10:26:34,631 | INFO | No defined transition for current status: ISSUE ANALYSIS COMPLETED for ticket A15-3448
2026-03-19 10:26:34,631 | INFO | No defined transition for current status: ISSUE ANALYSIS COMPLETED for ticket A15-3448
2026-03-19 10:26:34,632 | INFO | No defined transition for current status: ISSUE ANALYSIS COMPLETED for ticket A15-3448
2026-03-19 10:26:34,633 | INFO | No defined transition for current status: ISSUE ANALYSIS COMPLETED for ticket A15-3448
2026-03-19 10:26:34,634 | INFO | No defined transition for current status: ISSUE ANALYSIS COMPLETED for ticket A15-3448
2026-03-19 10:26:34,634 | INFO | No defined transition for current status: ISSUE ANALYSIS COMPLETED for ticket A15-3448
2026-03-19 10:26:34,635 | INFO | No defined transition for current status: ISSUE ANALYSIS COMPLETED for ticket A15-3448
2026-03-19 10:26:34,636 | INFO | No defined transition for current status: ISSUE ANALYSIS COMPLETED for ticket A15-3448
2026-03-19 10:26:34,637 | INFO | No defined transition for current status: ISSUE ANALYSIS COMPLETED for ticket A15-3448
2026-03-19 10:26:34,637 | INFO | No defined transition for current status: ISSUE ANALYSIS COMPLETED for ticket A15-3448
2026-03-19 10:26:34,638 | INFO | No defined transition for current status: ISSUE ANALYSIS COMPLETED for ticket A15-3448
2026-03-19 10:26:34,639 | INFO | No defined transition for current status: ISSUE ANALYSIS COMPLETED for ticket A15-3448
2026-03-19 10:26:34,639 | INFO | No defined transition for current status: ISSUE ANALYSIS COMPLETED for ticket A15-3448
2026-03-19 10:26:34,640 | INFO | No defined transition for current status: ISSUE ANALYSIS COMPLETED for ticket A15-3448
2026-03-19 10:26:34,641 | INFO | No defined transition for current status: ISSUE ANALYSIS COMPLETED for ticket A15-3448
2026-03-19 10:26:34,642 | INFO | No defined transition for current status: ISSUE ANALYSIS COMPLETED for ticket A15-3448
2026-03-19 10:26:34,642 | INFO | No defined transition for current status: ISSUE ANALYSIS COMPLETED for ticket A15-3448
2026-03-19 10:26:34,643 | INFO | No defined transition for current status: ISSUE ANALYSIS COMPLETED for ticket A15-3448
2026-03-19 10:26:34,644 | INFO | No defined transition for current status: ISSUE ANALYSIS COMPLETED for ticket A15-3448
2026-03-19 10:26:34,645 | INFO | No defined transition for current status: ISSUE ANALYSIS COMPLETED for ticket A15-3448
2026-03-19 10:26:34,645 | INFO | No defined transition for current status: ISSUE ANALYSIS COMPLETED for ticket A15-3448
2026-03-19 10:26:34,646 | INFO | No defined transition for current status: ISSUE ANALYSIS COMPLETED for ticket A15-3448
2026-03-19 10:26:34,646 | INFO | No defined transition for current status: ISSUE ANALYSIS COMPLETED for ticket A15-3448
2026-03-19 10:26:34,647 | INFO | No defined transition for current status: ISSUE ANALYSIS COMPLETED for ticket A15-3448
2026-03-19 10:26:34,647 | INFO | No defined transition for current status: ISSUE ANALYSIS COMPLETED for ticket A15-3448
2026-03-19 10:26:34,647 | INFO | No defined transition for current status: ISSUE ANALYSIS COMPLETED for ticket A15-3448
2026-03-19 10:26:34,648 | INFO | No defined transition for current status: ISSUE ANALYSIS COMPLETED for ticket A15-3448
2026-03-19 10:26:34,648 | INFO | No defined transition for current status: ISSUE ANALYSIS COMPLETED for ticket A15-3448
2026-03-19 10:26:34,649 | INFO | No defined transition for current status: ISSUE ANALYSIS COMPLETED for ticket A15-3448
2026-03-19 10:26:34,649 | INFO | No defined transition for current status: ISSUE ANALYSIS COMPLETED for ticket A15-3448
2026-03-19 10:26:34,650 | INFO | No defined transition for current status: ISSUE ANALYSIS COMPLETED for ticket A15-3448
2026-03-19 10:26:34,651 | INFO | No defined transition for current status: ISSUE ANALYSIS COMPLETED for ticket A15-3448
2026-03-19 10:26:34,652 | INFO | No defined transition for current status: ISSUE ANALYSIS COMPLETED for ticket A15-3448
2026-03-19 10:26:34,653 | INFO | No defined transition for current status: ISSUE ANALYSIS COMPLETED for ticket A15-3448
2026-03-19 10:26:34,654 | INFO | No defined transition for current status: ISSUE ANALYSIS COMPLETED for ticket A15-3448
2026-03-19 10:26:34,654 | INFO | No defined transition for current status: ISSUE ANALYSIS COMPLETED for ticket A15-3448
2026-03-19 10:26:34,655 | INFO | No defined transition for current status: ISSUE ANALYSIS COMPLETED for ticket A15-3448
2026-03-19 10:26:34,656 | INFO | No defined transition for current status: ISSUE ANALYSIS COMPLETED for ticket A15-3448
2026-03-19 10:26:34,657 | INFO | No defined transition for current status: ISSUE ANALYSIS COMPLETED for ticket A15-3448
2026-03-19 10:26:34,657 | INFO | No defined transition for current status: ISSUE ANALYSIS COMPLETED for ticket A15-3448
2026-03-19 10:26:34,658 | INFO | No defined transition for current status: ISSUE ANALYSIS COMPLETED for ticket A15-3448
2026-03-19 10:26:34,659 | INFO | No defined transition for current status: ISSUE ANALYSIS COMPLETED for ticket A15-3448
2026-03-19 10:26:34,660 | INFO | No defined transition for current status: ISSUE ANALYSIS COMPLETED for ticket A15-3448
2026-03-19 10:26:34,661 | INFO | No defined transition for current status: ISSUE ANALYSIS COMPLETED for ticket A15-3448
2026-03-19 10:26:34,661 | INFO | No defined transition for current status: ISSUE ANALYSIS COMPLETED for ticket A15-3448
2026-03-19 10:26:34,662 | INFO | No defined transition for current status: ISSUE ANALYSIS COMPLETED for ticket A15-3448
2026-03-19 10:26:34,662 | INFO | No defined transition for current status: ISSUE ANALYSIS COMPLETED for ticket A15-3448
2026-03-19 10:26:34,663 | INFO | No defined transition for current status: ISSUE ANALYSIS COMPLETED for ticket A15-3448
2026-03-19 10:26:34,664 | INFO | No defined transition for current status: ISSUE ANALYSIS COMPLETED for ticket A15-3448
2026-03-19 10:26:34,664 | INFO | No defined transition for current status: ISSUE ANALYSIS COMPLETED for ticket A15-3448
2026-03-19 10:26:34,665 | INFO | No defined transition for current status: ISSUE ANALYSIS COMPLETED for ticket A15-3448
2026-03-19 10:26:34,666 | INFO | No defined transition for current status: ISSUE ANALYSIS COMPLETED for ticket A15-3448
2026-03-19 10:26:34,666 | INFO | No defined transition for current status: ISSUE ANALYSIS COMPLETED for ticket A15-3448
2026-03-19 10:26:34,667 | INFO | No defined transition for current status: ISSUE ANALYSIS COMPLETED for ticket A15-3448
2026-03-19 10:26:34,668 | INFO | No defined transition for current status: ISSUE ANALYSIS COMPLETED for ticket A15-3448
2026-03-19 10:26:34,668 | INFO | No defined transition for current status: ISSUE ANALYSIS COMPLETED for ticket A15-3448
2026-03-19 10:26:34,669 | INFO | No defined transition for current status: ISSUE ANALYSIS COMPLETED for ticket A15-3448
2026-03-19 10:26:34,670 | INFO | No defined transition for current status: ISSUE ANALYSIS COMPLETED for ticket A15-3448
2026-03-19 10:26:34,670 | INFO | No defined transition for current status: ISSUE ANALYSIS COMPLETED for ticket A15-3448
2026-03-19 10:26:34,671 | INFO | No defined transition for current status: ISSUE ANALYSIS COMPLETED for ticket A15-3448
2026-03-19 10:26:34,671 | INFO | No defined transition for current status: ISSUE ANALYSIS COMPLETED for ticket A15-3448
2026-03-19 10:26:34,672 | INFO | No defined transition for current status: ISSUE ANALYSIS COMPLETED for ticket A15-3448
2026-03-19 10:26:34,673 | INFO | No defined transition for current status: ISSUE ANALYSIS COMPLETED for ticket A15-3448
2026-03-19 10:26:34,673 | INFO | No defined transition for current status: ISSUE ANALYSIS COMPLETED for ticket A15-3448
2026-03-19 10:26:34,674 | INFO | No defined transition for current status: ISSUE ANALYSIS COMPLETED for ticket A15-3448
2026-03-19 10:26:34,675 | INFO | No defined transition for current status: ISSUE ANALYSIS COMPLETED for ticket A15-3448
2026-03-19 10:26:34,675 | INFO | No defined transition for current status: ISSUE ANALYSIS COMPLETED for ticket A15-3448
2026-03-19 10:26:34,676 | INFO | No defined transition for current status: ISSUE ANALYSIS COMPLETED for ticket A15-3448
2026-03-19 10:26:34,677 | INFO | No defined transition for current status: ISSUE ANALYSIS COMPLETED for ticket A15-3448
2026-03-19 10:26:34,678 | INFO | No defined transition for current status: ISSUE ANALYSIS COMPLETED for ticket A15-3448
2026-03-19 10:26:34,678 | INFO | No defined transition for current status: ISSUE ANALYSIS COMPLETED for ticket A15-3448
2026-03-19 10:26:34,679 | INFO | No defined transition for current status: ISSUE ANALYSIS COMPLETED for ticket A15-3448
2026-03-19 10:26:34,680 | INFO | No defined transition for current status: ISSUE ANALYSIS COMPLETED for ticket A15-3448
2026-03-19 10:26:34,680 | INFO | No defined transition for current status: ISSUE ANALYSIS COMPLETED for ticket A15-3448
2026-03-19 10:26:34,681 | INFO | No defined transition for current status: ISSUE ANALYSIS COMPLETED for ticket A15-3448
2026-03-19 10:26:34,682 | INFO | No defined transition for current status: ISSUE ANALYSIS COMPLETED for ticket A15-3448
2026-03-19 10:26:34,682 | INFO | No defined transition for current status: ISSUE ANALYSIS COMPLETED for ticket A15-3448
2026-03-19 10:26:34,683 | INFO | No defined transition for current status: ISSUE ANALYSIS COMPLETED for ticket A15-3448
2026-03-19 10:26:34,683 | INFO | No defined transition for current status: ISSUE ANALYSIS COMPLETED for ticket A15-3448
2026-03-19 10:26:34,684 | INFO | No defined transition for current status: ISSUE ANALYSIS COMPLETED for ticket A15-3448
2026-03-19 10:26:34,685 | INFO | No defined transition for current status: ISSUE ANALYSIS COMPLETED for ticket A15-3448
2026-03-19 10:26:34,686 | INFO | No defined transition for current status: ISSUE ANALYSIS COMPLETED for ticket A15-3448
2026-03-19 10:26:34,687 | INFO | No defined transition for current status: ISSUE ANALYSIS COMPLETED for ticket A15-3448
2026-03-19 10:26:34,687 | INFO | No defined transition for current status: ISSUE ANALYSIS COMPLETED for ticket A15-3448
2026-03-19 10:26:34,688 | INFO | No defined transition for current status: ISSUE ANALYSIS COMPLETED for ticket A15-3448
2026-03-19 10:26:34,689 | INFO | No defined transition for current status: ISSUE ANALYSIS COMPLETED for ticket A15-3448
2026-03-19 10:26:34,690 | INFO | No defined transition for current status: ISSUE ANALYSIS COMPLETED for ticket A15-3448
2026-03-19 10:26:34,690 | INFO | No defined transition for current status: ISSUE ANALYSIS COMPLETED for ticket A15-3448
2026-03-19 10:26:34,691 | INFO | No defined transition for current status: ISSUE ANALYSIS COMPLETED for ticket A15-3448
2026-03-19 10:26:34,692 | INFO | No defined transition for current status: ISSUE ANALYSIS COMPLETED for ticket A15-3448
2026-03-19 10:26:34,692 | INFO | No defined transition for current status: ISSUE ANALYSIS COMPLETED for ticket A15-3448
2026-03-19 10:26:34,693 | INFO | No defined transition for current status: ISSUE ANALYSIS COMPLETED for ticket A15-3448
2026-03-19 10:26:34,694 | INFO | No defined transition for current status: ISSUE ANALYSIS COMPLETED for ticket A15-3448
2026-03-19 10:26:34,695 | INFO | No defined transition for current status: ISSUE ANALYSIS COMPLETED for ticket A15-3448
2026-03-19 10:26:34,695 | INFO | No defined transition for current status: ISSUE ANALYSIS COMPLETED for ticket A15-3448
2026-03-19 10:26:34,696 | INFO | No defined transition for current status: ISSUE ANALYSIS COMPLETED for ticket A15-3448
2026-03-19 10:26:34,697 | INFO | No defined transition for current status: ISSUE ANALYSIS COMPLETED for ticket A15-3448
2026-03-19 10:26:34,698 | INFO | No defined transition for current status: ISSUE ANALYSIS COMPLETED for ticket A15-3448
2026-03-19 10:26:34,698 | INFO | No defined transition for current status: ISSUE ANALYSIS COMPLETED for ticket A15-3448
2026-03-19 10:26:34,699 | INFO | No defined transition for current status: ISSUE ANALYSIS COMPLETED for ticket A15-3448
2026-03-19 10:26:34,700 | INFO | No defined transition for current status: ISSUE ANALYSIS COMPLETED for ticket A15-3448
2026-03-19 10:26:34,700 | INFO | No defined transition for current status: ISSUE ANALYSIS COMPLETED for ticket A15-3448
2026-03-19 10:26:34,701 | INFO | No defined transition for current status: ISSUE ANALYSIS COMPLETED for ticket A15-3448
2026-03-19 10:26:34,702 | INFO | No defined transition for current status: ISSUE ANALYSIS COMPLETED for ticket A15-3448
2026-03-19 10:26:34,702 | INFO | No defined transition for current status: ISSUE ANALYSIS COMPLETED for ticket A15-3448
2026-03-19 10:26:34,703 | INFO | No defined transition for current status: ISSUE ANALYSIS COMPLETED for ticket A15-3448
2026-03-19 10:26:34,704 | INFO | No defined transition for current status: ISSUE ANALYSIS COMPLETED for ticket A15-3448
2026-03-19 10:26:34,705 | INFO | No defined transition for current status: ISSUE ANALYSIS COMPLETED for ticket A15-3448
2026-03-19 10:26:34,705 | INFO | No defined transition for current status: ISSUE ANALYSIS COMPLETED for ticket A15-3448
2026-03-19 10:26:34,706 | INFO | No defined transition for current status: ISSUE ANALYSIS COMPLETED for ticket A15-3448
2026-03-19 10:26:34,707 | INFO | No defined transition for current status: ISSUE ANALYSIS COMPLETED for ticket A15-3448
2026-03-19 10:26:34,708 | INFO | No defined transition for current status: ISSUE ANALYSIS COMPLETED for ticket A15-3448
2026-03-19 10:26:34,709 | INFO | No defined transition for current status: ISSUE ANALYSIS COMPLETED for ticket A15-3448
2026-03-19 10:26:34,709 | INFO | No defined transition for current status: ISSUE ANALYSIS COMPLETED for ticket A15-3448
2026-03-19 10:26:34,710 | INFO | No defined transition for current status: ISSUE ANALYSIS COMPLETED for ticket A15-3448
2026-03-19 10:26:34,711 | INFO | No defined transition for current status: ISSUE ANALYSIS COMPLETED for ticket A15-3448
2026-03-19 10:26:34,711 | INFO | No defined transition for current status: ISSUE ANALYSIS COMPLETED for ticket A15-3448
2026-03-19 10:26:34,712 | INFO | No defined transition for current status: ISSUE ANALYSIS COMPLETED for ticket A15-3448
2026-03-19 10:26:34,713 | INFO | No defined transition for current status: ISSUE ANALYSIS COMPLETED for ticket A15-3448
2026-03-19 10:26:34,714 | INFO | No defined transition for current status: ISSUE ANALYSIS COMPLETED for ticket A15-3448
2026-03-19 10:26:34,715 | INFO | No defined transition for current status: ISSUE ANALYSIS COMPLETED for ticket A15-3448
2026-03-19 10:26:34,716 | INFO | No defined transition for current status: ISSUE ANALYSIS COMPLETED for ticket A15-3448
2026-03-19 10:26:34,717 | INFO | No defined transition for current status: ISSUE ANALYSIS COMPLETED for ticket A15-3448
2026-03-19 10:26:34,717 | INFO | No defined transition for current status: ISSUE ANALYSIS COMPLETED for ticket A15-3448
2026-03-19 10:26:34,719 | INFO | No defined transition for current status: ISSUE ANALYSIS COMPLETED for ticket A15-3448
2026-03-19 10:26:34,720 | INFO | No defined transition for current status: ISSUE ANALYSIS COMPLETED for ticket A15-3448
2026-03-19 10:26:34,721 | INFO | No defined transition for current status: ISSUE ANALYSIS COMPLETED for ticket A15-3448
2026-03-19 10:26:34,722 | INFO | No defined transition for current status: ISSUE ANALYSIS COMPLETED for ticket A15-3448
2026-03-19 10:26:34,722 | INFO | No defined transition for current status: ISSUE ANALYSIS COMPLETED for ticket A15-3448
2026-03-19 10:26:34,723 | INFO | No defined transition for current status: ISSUE ANALYSIS COMPLETED for ticket A15-3448
2026-03-19 10:26:34,724 | INFO | No defined transition for current status: ISSUE ANALYSIS COMPLETED for ticket A15-3448
2026-03-19 10:26:34,724 | INFO | No defined transition for current status: ISSUE ANALYSIS COMPLETED for ticket A15-3448
2026-03-19 10:26:34,725 | INFO | No defined transition for current status: ISSUE ANALYSIS COMPLETED for ticket A15-3448
2026-03-19 10:26:34,726 | INFO | No defined transition for current status: ISSUE ANALYSIS COMPLETED for ticket A15-3448
2026-03-19 10:26:34,726 | INFO | No defined transition for current status: ISSUE ANALYSIS COMPLETED for ticket A15-3448
2026-03-19 10:26:34,727 | INFO | No defined transition for current status: ISSUE ANALYSIS COMPLETED for ticket A15-3448
2026-03-19 10:26:34,728 | INFO | No defined transition for current status: ISSUE ANALYSIS COMPLETED for ticket A15-3448
2026-03-19 10:26:34,728 | INFO | No defined transition for current status: ISSUE ANALYSIS COMPLETED for ticket A15-3448
2026-03-19 10:26:34,729 | INFO | No defined transition for current status: ISSUE ANALYSIS COMPLETED for ticket A15-3448
2026-03-19 10:26:34,730 | INFO | No defined transition for current status: ISSUE ANALYSIS COMPLETED for ticket A15-3448
2026-03-19 10:26:34,730 | INFO | No defined transition for current status: ISSUE ANALYSIS COMPLETED for ticket A15-3448
2026-03-19 10:26:34,731 | INFO | No defined transition for current status: ISSUE ANALYSIS COMPLETED for ticket A15-3448
2026-03-19 10:26:34,732 | INFO | No defined transition for current status: ISSUE ANALYSIS COMPLETED for ticket A15-3448
2026-03-19 10:26:34,732 | INFO | No defined transition for current status: ISSUE ANALYSIS COMPLETED for ticket A15-3448
2026-03-19 10:26:34,733 | INFO | No defined transition for current status: ISSUE ANALYSIS COMPLETED for ticket A15-3448
2026-03-19 10:26:34,734 | INFO | No defined transition for current status: ISSUE ANALYSIS COMPLETED for ticket A15-3448
2026-03-19 10:26:34,735 | INFO | No defined transition for current status: ISSUE ANALYSIS COMPLETED for ticket A15-3448
2026-03-19 10:26:34,736 | INFO | No defined transition for current status: ISSUE ANALYSIS COMPLETED for ticket A15-3448
2026-03-19 10:26:34,737 | INFO | No defined transition for current status: ISSUE ANALYSIS COMPLETED for ticket A15-3448
2026-03-19 10:26:34,737 | INFO | No defined transition for current status: ISSUE ANALYSIS COMPLETED for ticket A15-3448
2026-03-19 10:26:34,738 | INFO | No defined transition for current status: ISSUE ANALYSIS COMPLETED for ticket A15-3448
2026-03-19 10:26:34,739 | INFO | No defined transition for current status: ISSUE ANALYSIS COMPLETED for ticket A15-3448
2026-03-19 10:26:34,739 | INFO | No defined transition for current status: ISSUE ANALYSIS COMPLETED for ticket A15-3448
2026-03-19 10:26:34,740 | INFO | No defined transition for current status: ISSUE ANALYSIS COMPLETED for ticket A15-3448
2026-03-19 10:26:34,741 | INFO | No defined transition for current status: ISSUE ANALYSIS COMPLETED for ticket A15-3448
2026-03-19 10:26:34,742 | INFO | No defined transition for current status: ISSUE ANALYSIS COMPLETED for ticket A15-3448
2026-03-19 10:26:34,743 | INFO | No defined transition for current status: ISSUE ANALYSIS COMPLETED for ticket A15-3448
2026-03-19 10:26:34,744 | INFO | No defined transition for current status: ISSUE ANALYSIS COMPLETED for ticket A15-3448
2026-03-19 10:26:34,745 | INFO | No defined transition for current status: ISSUE ANALYSIS COMPLETED for ticket A15-3448
2026-03-19 10:26:34,745 | INFO | No defined transition for current status: ISSUE ANALYSIS COMPLETED for ticket A15-3448
2026-03-19 10:26:34,746 | INFO | No defined transition for current status: ISSUE ANALYSIS COMPLETED for ticket A15-3448
2026-03-19 10:26:34,747 | INFO | No defined transition for current status: ISSUE ANALYSIS COMPLETED for ticket A15-3448
2026-03-19 10:26:34,748 | INFO | No defined transition for current status: ISSUE ANALYSIS COMPLETED for ticket A15-3448
2026-03-19 10:26:34,749 | INFO | No defined transition for current status: ISSUE ANALYSIS COMPLETED for ticket A15-3448
2026-03-19 10:26:34,750 | INFO | No defined transition for current status: ISSUE ANALYSIS COMPLETED for ticket A15-3448
2026-03-19 10:26:34,751 | INFO | No defined transition for current status: ISSUE ANALYSIS COMPLETED for ticket A15-3448
2026-03-19 10:26:34,751 | INFO | No defined transition for current status: ISSUE ANALYSIS COMPLETED for ticket A15-3448
2026-03-19 10:26:34,752 | INFO | No defined transition for current status: ISSUE ANALYSIS COMPLETED for ticket A15-3448
2026-03-19 10:26:34,753 | INFO | No defined transition for current status: ISSUE ANALYSIS COMPLETED for ticket A15-3448
2026-03-19 10:26:34,754 | INFO | No defined transition for current status: ISSUE ANALYSIS COMPLETED for ticket A15-3448
2026-03-19 10:26:34,755 | INFO | No defined transition for current status: ISSUE ANALYSIS COMPLETED for ticket A15-3448
2026-03-19 10:26:34,755 | INFO | No defined transition for current status: ISSUE ANALYSIS COMPLETED for ticket A15-3448
2026-03-19 10:26:34,756 | INFO | No defined transition for current status: ISSUE ANALYSIS COMPLETED for ticket A15-3448
2026-03-19 10:26:34,757 | INFO | No defined transition for current status: ISSUE ANALYSIS COMPLETED for ticket A15-3448
2026-03-19 10:26:34,758 | INFO | No defined transition for current status: ISSUE ANALYSIS COMPLETED for ticket A15-3448
2026-03-19 10:26:34,759 | INFO | No defined transition for current status: ISSUE ANALYSIS COMPLETED for ticket A15-3448
2026-03-19 10:26:34,760 | INFO | No defined transition for current status: ISSUE ANALYSIS COMPLETED for ticket A15-3448
2026-03-19 10:26:34,761 | INFO | No defined transition for current status: ISSUE ANALYSIS COMPLETED for ticket A15-3448
2026-03-19 10:26:34,761 | INFO | No defined transition for current status: ISSUE ANALYSIS COMPLETED for ticket A15-3448
2026-03-19 10:26:34,762 | INFO | No defined transition for current status: ISSUE ANALYSIS COMPLETED for ticket A15-3448
2026-03-19 10:26:34,763 | INFO | No defined transition for current status: ISSUE ANALYSIS COMPLETED for ticket A15-3448
2026-03-19 10:26:34,764 | INFO | No defined transition for current status: ISSUE ANALYSIS COMPLETED for ticket A15-3448
2026-03-19 10:26:34,765 | INFO | No defined transition for current status: ISSUE ANALYSIS COMPLETED for ticket A15-3448
2026-03-19 10:26:34,766 | INFO | No defined transition for current status: ISSUE ANALYSIS COMPLETED for ticket A15-3448
2026-03-19 10:26:34,767 | INFO | No defined transition for current status: ISSUE ANALYSIS COMPLETED for ticket A15-3448
2026-03-19 10:26:34,767 | INFO | No defined transition for current status: ISSUE ANALYSIS COMPLETED for ticket A15-3448
2026-03-19 10:26:34,768 | INFO | No defined transition for current status: ISSUE ANALYSIS COMPLETED for ticket A15-3448
2026-03-19 10:26:34,769 | INFO | No defined transition for current status: ISSUE ANALYSIS COMPLETED for ticket A15-3448
2026-03-19 10:26:34,770 | INFO | No defined transition for current status: ISSUE ANALYSIS COMPLETED for ticket A15-3448
2026-03-19 10:26:34,771 | INFO | No defined transition for current status: ISSUE ANALYSIS COMPLETED for ticket A15-3448
2026-03-19 10:26:34,772 | INFO | No defined transition for current status: ISSUE ANALYSIS COMPLETED for ticket A15-3448
2026-03-19 10:26:34,772 | INFO | No defined transition for current status: ISSUE ANALYSIS COMPLETED for ticket A15-3448
2026-03-19 10:26:34,773 | INFO | No defined transition for current status: ISSUE ANALYSIS COMPLETED for ticket A15-3448
2026-03-19 10:26:34,774 | INFO | No defined transition for current status: ISSUE ANALYSIS COMPLETED for ticket A15-3448
2026-03-19 10:26:34,775 | INFO | No defined transition for current status: ISSUE ANALYSIS COMPLETED for ticket A15-3448
2026-03-19 10:26:34,775 | INFO | No defined transition for current status: ISSUE ANALYSIS COMPLETED for ticket A15-3448
2026-03-19 10:26:34,776 | INFO | No defined transition for current status: ISSUE ANALYSIS COMPLETED for ticket A15-3448
2026-03-19 10:26:34,777 | INFO | No defined transition for current status: ISSUE ANALYSIS COMPLETED for ticket A15-3448
2026-03-19 10:26:34,778 | INFO | No defined transition for current status: ISSUE ANALYSIS COMPLETED for ticket A15-3448
2026-03-19 10:26:34,779 | INFO | No defined transition for current status: ISSUE ANALYSIS COMPLETED for ticket A15-3448
2026-03-19 10:26:34,779 | INFO | No defined transition for current status: ISSUE ANALYSIS COMPLETED for ticket A15-3448
2026-03-19 10:26:34,780 | INFO | No defined transition for current status: ISSUE ANALYSIS COMPLETED for ticket A15-3448
2026-03-19 10:26:34,781 | INFO | No defined transition for current status: ISSUE ANALYSIS COMPLETED for ticket A15-3448
2026-03-19 10:26:34,781 | INFO | No defined transition for current status: ISSUE ANALYSIS COMPLETED for ticket A15-3448
2026-03-19 10:26:34,782 | INFO | No defined transition for current status: ISSUE ANALYSIS COMPLETED for ticket A15-3448
2026-03-19 10:26:34,783 | INFO | No defined transition for current status: ISSUE ANALYSIS COMPLETED for ticket A15-3448
2026-03-19 10:26:34,784 | INFO | No defined transition for current status: ISSUE ANALYSIS COMPLETED for ticket A15-3448
2026-03-19 10:26:34,784 | INFO | No defined transition for current status: ISSUE ANALYSIS COMPLETED for ticket A15-3448
2026-03-19 10:26:34,785 | INFO | No defined transition for current status: ISSUE ANALYSIS COMPLETED for ticket A15-3448
2026-03-19 10:26:34,786 | INFO | No defined transition for current status: ISSUE ANALYSIS COMPLETED for ticket A15-3448
2026-03-19 10:26:34,787 | INFO | No defined transition for current status: ISSUE ANALYSIS COMPLETED for ticket A15-3448
2026-03-19 10:26:34,788 | INFO | No defined transition for current status: ISSUE ANALYSIS COMPLETED for ticket A15-3448
2026-03-19 10:26:34,788 | INFO | No defined transition for current status: ISSUE ANALYSIS COMPLETED for ticket A15-3448
2026-03-19 10:26:34,789 | INFO | No defined transition for current status: ISSUE ANALYSIS COMPLETED for ticket A15-3448
2026-03-19 10:26:34,790 | INFO | No defined transition for current status: ISSUE ANALYSIS COMPLETED for ticket A15-3448
2026-03-19 10:26:34,791 | INFO | No defined transition for current status: ISSUE ANALYSIS COMPLETED for ticket A15-3448
2026-03-19 10:26:34,792 | INFO | No defined transition for current status: ISSUE ANALYSIS COMPLETED for ticket A15-3448
2026-03-19 10:26:34,792 | INFO | No defined transition for current status: ISSUE ANALYSIS COMPLETED for ticket A15-3448
2026-03-19 10:26:34,793 | INFO | No defined transition for current status: ISSUE ANALYSIS COMPLETED for ticket A15-3448
2026-03-19 10:26:34,794 | INFO | No defined transition for current status: ISSUE ANALYSIS COMPLETED for ticket A15-3448
2026-03-19 10:26:34,795 | INFO | No defined transition for current status: ISSUE ANALYSIS COMPLETED for ticket A15-3448
2026-03-19 10:26:34,796 | INFO | No defined transition for current status: ISSUE ANALYSIS COMPLETED for ticket A15-3448
2026-03-19 10:26:34,797 | INFO | No defined transition for current status: ISSUE ANALYSIS COMPLETED for ticket A15-3448
2026-03-19 10:26:34,797 | INFO | No defined transition for current status: ISSUE ANALYSIS COMPLETED for ticket A15-3448
2026-03-19 10:26:34,798 | INFO | No defined transition for current status: ISSUE ANALYSIS COMPLETED for ticket A15-3448
2026-03-19 10:26:34,799 | INFO | No defined transition for current status: ISSUE ANALYSIS COMPLETED for ticket A15-3448
2026-03-19 10:26:34,800 | INFO | No defined transition for current status: ISSUE ANALYSIS COMPLETED for ticket A15-3448
2026-03-19 10:26:34,801 | INFO | No defined transition for current status: ISSUE ANALYSIS COMPLETED for ticket A15-3448
2026-03-19 10:26:34,801 | INFO | No defined transition for current status: ISSUE ANALYSIS COMPLETED for ticket A15-3448
2026-03-19 10:26:34,802 | INFO | No defined transition for current status: ISSUE ANALYSIS COMPLETED for ticket A15-3448
2026-03-19 10:26:34,803 | INFO | No defined transition for current status: ISSUE ANALYSIS COMPLETED for ticket A15-3448
2026-03-19 10:26:34,804 | INFO | No defined transition for current status: ISSUE ANALYSIS COMPLETED for ticket A15-3448
2026-03-19 10:26:34,804 | INFO | No defined transition for current status: ISSUE ANALYSIS COMPLETED for ticket A15-3448
2026-03-19 10:26:34,805 | INFO | No defined transition for current status: ISSUE ANALYSIS COMPLETED for ticket A15-3448
2026-03-19 10:26:34,806 | INFO | No defined transition for current status: ISSUE ANALYSIS COMPLETED for ticket A15-3448
2026-03-19 10:26:34,807 | INFO | No defined transition for current status: ISSUE ANALYSIS COMPLETED for ticket A15-3448
2026-03-19 10:26:34,808 | INFO | No defined transition for current status: ISSUE ANALYSIS COMPLETED for ticket A15-3448
2026-03-19 10:26:34,809 | INFO | No defined transition for current status: ISSUE ANALYSIS COMPLETED for ticket A15-3448
2026-03-19 10:26:34,809 | INFO | No defined transition for current status: ISSUE ANALYSIS COMPLETED for ticket A15-3448
2026-03-19 10:26:34,810 | INFO | No defined transition for current status: ISSUE ANALYSIS COMPLETED for ticket A15-3448
2026-03-19 10:26:34,811 | INFO | No defined transition for current status: ISSUE ANALYSIS COMPLETED for ticket A15-3448
2026-03-19 10:26:34,812 | INFO | No defined transition for current status: ISSUE ANALYSIS COMPLETED for ticket A15-3448
2026-03-19 10:26:34,813 | INFO | No defined transition for current status: ISSUE ANALYSIS COMPLETED for ticket A15-3448
2026-03-19 10:26:34,814 | INFO | No defined transition for current status: ISSUE ANALYSIS COMPLETED for ticket A15-3448
2026-03-19 10:26:34,814 | INFO | No defined transition for current status: ISSUE ANALYSIS COMPLETED for ticket A15-3448
2026-03-19 10:26:34,815 | INFO | No defined transition for current status: ISSUE ANALYSIS COMPLETED for ticket A15-3448
2026-03-19 10:26:34,816 | INFO | No defined transition for current status: ISSUE ANALYSIS COMPLETED for ticket A15-3448
2026-03-19 10:26:34,817 | INFO | No defined transition for current status: ISSUE ANALYSIS COMPLETED for ticket A15-3448
2026-03-19 10:26:34,817 | INFO | No defined transition for current status: ISSUE ANALYSIS COMPLETED for ticket A15-3448
2026-03-19 10:26:34,819 | INFO | No defined transition for current status: ISSUE ANALYSIS COMPLETED for ticket A15-3448
2026-03-19 10:26:34,820 | INFO | No defined transition for current status: ISSUE ANALYSIS COMPLETED for ticket A15-3448
2026-03-19 10:26:34,820 | INFO | No defined transition for current status: ISSUE ANALYSIS COMPLETED for ticket A15-3448
2026-03-19 10:26:34,821 | INFO | No defined transition for current status: ISSUE ANALYSIS COMPLETED for ticket A15-3448
2026-03-19 10:26:34,822 | INFO | No defined transition for current status: ISSUE ANALYSIS COMPLETED for ticket A15-3448
2026-03-19 10:26:34,823 | INFO | No defined transition for current status: ISSUE ANALYSIS COMPLETED for ticket A15-3448
2026-03-19 10:26:34,824 | INFO | No defined transition for current status: ISSUE ANALYSIS COMPLETED for ticket A15-3448
2026-03-19 10:26:34,824 | INFO | No defined transition for current status: ISSUE ANALYSIS COMPLETED for ticket A15-3448
2026-03-19 10:26:34,825 | INFO | No defined transition for current status: ISSUE ANALYSIS COMPLETED for ticket A15-3448
2026-03-19 10:26:34,826 | INFO | No defined transition for current status: ISSUE ANALYSIS COMPLETED for ticket A15-3448
2026-03-19 10:26:34,827 | INFO | No defined transition for current status: ISSUE ANALYSIS COMPLETED for ticket A15-3448
2026-03-19 10:26:34,828 | INFO | No defined transition for current status: ISSUE ANALYSIS COMPLETED for ticket A15-3448
2026-03-19 10:26:34,829 | INFO | No defined transition for current status: ISSUE ANALYSIS COMPLETED for ticket A15-3448
2026-03-19 10:26:34,830 | INFO | No defined transition for current status: ISSUE ANALYSIS COMPLETED for ticket A15-3448
2026-03-19 10:26:34,830 | INFO | No defined transition for current status: ISSUE ANALYSIS COMPLETED for ticket A15-3448
2026-03-19 10:26:34,831 | INFO | No defined transition for current status: ISSUE ANALYSIS COMPLETED for ticket A15-3448
2026-03-19 10:26:34,832 | INFO | No defined transition for current status: ISSUE ANALYSIS COMPLETED for ticket A15-3448
2026-03-19 10:26:34,833 | INFO | No defined transition for current status: ISSUE ANALYSIS COMPLETED for ticket A15-3448
2026-03-19 10:26:34,834 | INFO | No defined transition for current status: ISSUE ANALYSIS COMPLETED for ticket A15-3448
2026-03-19 10:26:34,835 | INFO | No defined transition for current status: ISSUE ANALYSIS COMPLETED for ticket A15-3448
2026-03-19 10:26:34,835 | INFO | No defined transition for current status: ISSUE ANALYSIS COMPLETED for ticket A15-3448
2026-03-19 10:26:34,836 | INFO | No defined transition for current status: ISSUE ANALYSIS COMPLETED for ticket A15-3448
2026-03-19 10:26:34,837 | INFO | No defined transition for current status: ISSUE ANALYSIS COMPLETED for ticket A15-3448
2026-03-19 10:26:34,837 | INFO | No defined transition for current status: ISSUE ANALYSIS COMPLETED for ticket A15-3448
2026-03-19 10:26:34,838 | INFO | No defined transition for current status: ISSUE ANALYSIS COMPLETED for ticket A15-3448
2026-03-19 10:26:34,839 | INFO | No defined transition for current status: ISSUE ANALYSIS COMPLETED for ticket A15-3448
2026-03-19 10:26:34,839 | INFO | No defined transition for current status: ISSUE ANALYSIS COMPLETED for ticket A15-3448
2026-03-19 10:26:34,840 | INFO | No defined transition for current status: ISSUE ANALYSIS COMPLETED for ticket A15-3448
2026-03-19 10:26:34,841 | INFO | No defined transition for current status: ISSUE ANALYSIS COMPLETED for ticket A15-3448
2026-03-19 10:26:34,842 | INFO | No defined transition for current status: ISSUE ANALYSIS COMPLETED for ticket A15-3448
2026-03-19 10:26:34,842 | INFO | No defined transition for current status: ISSUE ANALYSIS COMPLETED for ticket A15-3448
2026-03-19 10:26:34,843 | INFO | No defined transition for current status: ISSUE ANALYSIS COMPLETED for ticket A15-3448
2026-03-19 10:26:34,844 | INFO | No defined transition for current status: ISSUE ANALYSIS COMPLETED for ticket A15-3448
2026-03-19 10:26:34,845 | INFO | No defined transition for current status: ISSUE ANALYSIS COMPLETED for ticket A15-3448
2026-03-19 10:26:34,845 | INFO | No defined transition for current status: ISSUE ANALYSIS COMPLETED for ticket A15-3448
2026-03-19 10:26:34,846 | INFO | No defined transition for current status: ISSUE ANALYSIS COMPLETED for ticket A15-3448
2026-03-19 10:26:34,847 | INFO | No defined transition for current status: ISSUE ANALYSIS COMPLETED for ticket A15-3448
2026-03-19 10:26:34,847 | INFO | No defined transition for current status: ISSUE ANALYSIS COMPLETED for ticket A15-3448
2026-03-19 10:26:34,848 | INFO | No defined transition for current status: ISSUE ANALYSIS COMPLETED for ticket A15-3448
2026-03-19 10:26:34,848 | INFO | No defined transition for current status: ISSUE ANALYSIS COMPLETED for ticket A15-3448
2026-03-19 10:26:34,849 | INFO | No defined transition for current status: ISSUE ANALYSIS COMPLETED for ticket A15-3448
2026-03-19 10:26:34,850 | INFO | No defined transition for current status: ISSUE ANALYSIS COMPLETED for ticket A15-3448
2026-03-19 10:26:34,851 | INFO | No defined transition for current status: ISSUE ANALYSIS COMPLETED for ticket A15-3448
2026-03-19 10:26:34,851 | INFO | No defined transition for current status: ISSUE ANALYSIS COMPLETED for ticket A15-3448
2026-03-19 10:26:34,852 | INFO | No defined transition for current status: ISSUE ANALYSIS COMPLETED for ticket A15-3448
2026-03-19 10:26:34,853 | INFO | No defined transition for current status: ISSUE ANALYSIS COMPLETED for ticket A15-3448
2026-03-19 10:26:34,853 | INFO | No defined transition for current status: ISSUE ANALYSIS COMPLETED for ticket A15-3448
2026-03-19 10:26:34,854 | INFO | No defined transition for current status: ISSUE ANALYSIS COMPLETED for ticket A15-3448
2026-03-19 10:26:34,855 | INFO | No defined transition for current status: ISSUE ANALYSIS COMPLETED for ticket A15-3448
2026-03-19 10:26:34,855 | INFO | No defined transition for current status: ISSUE ANALYSIS COMPLETED for ticket A15-3448
2026-03-19 10:26:34,856 | INFO | No defined transition for current status: ISSUE ANALYSIS COMPLETED for ticket A15-3448
2026-03-19 10:26:34,857 | INFO | No defined transition for current status: ISSUE ANALYSIS COMPLETED for ticket A15-3448
2026-03-19 10:26:34,857 | INFO | No defined transition for current status: ISSUE ANALYSIS COMPLETED for ticket A15-3448
2026-03-19 10:26:34,858 | INFO | No defined transition for current status: ISSUE ANALYSIS COMPLETED for ticket A15-3448
2026-03-19 10:26:34,859 | INFO | No defined transition for current status: ISSUE ANALYSIS COMPLETED for ticket A15-3448
2026-03-19 10:26:34,860 | INFO | No defined transition for current status: ISSUE ANALYSIS COMPLETED for ticket A15-3448
2026-03-19 10:26:34,860 | INFO | No defined transition for current status: ISSUE ANALYSIS COMPLETED for ticket A15-3448
2026-03-19 10:26:34,861 | INFO | No defined transition for current status: ISSUE ANALYSIS COMPLETED for ticket A15-3448
2026-03-19 10:26:34,862 | INFO | No defined transition for current status: ISSUE ANALYSIS COMPLETED for ticket A15-3448
2026-03-19 10:26:34,862 | INFO | No defined transition for current status: ISSUE ANALYSIS COMPLETED for ticket A15-3448
2026-03-19 10:26:34,862 | INFO | No defined transition for current status: ISSUE ANALYSIS COMPLETED for ticket A15-3448
2026-03-19 10:26:34,862 | INFO | No defined transition for current status: ISSUE ANALYSIS COMPLETED for ticket A15-3448
2026-03-19 10:26:34,862 | INFO | No defined transition for current status: ISSUE ANALYSIS COMPLETED for ticket A15-3448
2026-03-19 10:26:34,863 | INFO | No defined transition for current status: ISSUE ANALYSIS COMPLETED for ticket A15-3448
2026-03-19 10:26:34,863 | INFO | No defined transition for current status: ISSUE ANALYSIS COMPLETED for ticket A15-3448
2026-03-19 10:26:34,864 | INFO | No defined transition for current status: ISSUE ANALYSIS COMPLETED for ticket A15-3448
2026-03-19 10:26:34,864 | INFO | No defined transition for current status: ISSUE ANALYSIS COMPLETED for ticket A15-3448
2026-03-19 10:26:34,865 | INFO | No defined transition for current status: ISSUE ANALYSIS COMPLETED for ticket A15-3448
2026-03-19 10:26:34,865 | INFO | No defined transition for current status: ISSUE ANALYSIS COMPLETED for ticket A15-3448
2026-03-19 10:26:34,866 | INFO | No defined transition for current status: ISSUE ANALYSIS COMPLETED for ticket A15-3448
2026-03-19 10:26:34,866 | INFO | No defined transition for current status: ISSUE ANALYSIS COMPLETED for ticket A15-3448
2026-03-19 10:26:34,867 | INFO | No defined transition for current status: ISSUE ANALYSIS COMPLETED for ticket A15-3448
2026-03-19 10:26:34,867 | INFO | No defined transition for current status: ISSUE ANALYSIS COMPLETED for ticket A15-3448
2026-03-19 10:26:34,868 | INFO | No defined transition for current status: ISSUE ANALYSIS COMPLETED for ticket A15-3448
2026-03-19 10:26:34,869 | INFO | No defined transition for current status: ISSUE ANALYSIS COMPLETED for ticket A15-3448
2026-03-19 10:26:34,869 | INFO | No defined transition for current status: ISSUE ANALYSIS COMPLETED for ticket A15-3448
2026-03-19 10:26:34,870 | INFO | No defined transition for current status: ISSUE ANALYSIS COMPLETED for ticket A15-3448
2026-03-19 10:26:34,871 | INFO | No defined transition for current status: ISSUE ANALYSIS COMPLETED for ticket A15-3448
2026-03-19 10:26:34,872 | INFO | No defined transition for current status: ISSUE ANALYSIS COMPLETED for ticket A15-3448
2026-03-19 10:26:34,872 | INFO | No defined transition for current status: ISSUE ANALYSIS COMPLETED for ticket A15-3448
2026-03-19 10:26:34,873 | INFO | No defined transition for current status: ISSUE ANALYSIS COMPLETED for ticket A15-3448
2026-03-19 10:26:34,874 | INFO | No defined transition for current status: ISSUE ANALYSIS COMPLETED for ticket A15-3448
2026-03-19 10:26:34,874 | INFO | No defined transition for current status: ISSUE ANALYSIS COMPLETED for ticket A15-3448
2026-03-19 10:26:34,875 | INFO | No defined transition for current status: ISSUE ANALYSIS COMPLETED for ticket A15-3448
2026-03-19 10:26:34,876 | INFO | No defined transition for current status: ISSUE ANALYSIS COMPLETED for ticket A15-3448
2026-03-19 10:26:34,876 | INFO | No defined transition for current status: ISSUE ANALYSIS COMPLETED for ticket A15-3448
2026-03-19 10:26:34,877 | INFO | No defined transition for current status: ISSUE ANALYSIS COMPLETED for ticket A15-3448
2026-03-19 10:26:34,878 | INFO | No defined transition for current status: ISSUE ANALYSIS COMPLETED for ticket A15-3448
2026-03-19 10:26:34,878 | INFO | No defined transition for current status: ISSUE ANALYSIS COMPLETED for ticket A15-3448
2026-03-19 10:26:34,879 | INFO | No defined transition for current status: ISSUE ANALYSIS COMPLETED for ticket A15-3448
2026-03-19 10:26:34,880 | INFO | No defined transition for current status: ISSUE ANALYSIS COMPLETED for ticket A15-3448
2026-03-19 10:26:34,880 | INFO | No defined transition for current status: ISSUE ANALYSIS COMPLETED for ticket A15-3448
2026-03-19 10:26:34,881 | INFO | No defined transition for current status: ISSUE ANALYSIS COMPLETED for ticket A15-3448
2026-03-19 10:26:34,881 | INFO | No defined transition for current status: ISSUE ANALYSIS COMPLETED for ticket A15-3448
2026-03-19 10:26:34,882 | INFO | No defined transition for current status: ISSUE ANALYSIS COMPLETED for ticket A15-3448
2026-03-19 10:26:34,882 | INFO | No defined transition for current status: ISSUE ANALYSIS COMPLETED for ticket A15-3448
2026-03-19 10:26:34,883 | INFO | No defined transition for current status: ISSUE ANALYSIS COMPLETED for ticket A15-3448
2026-03-19 10:26:34,884 | INFO | No defined transition for current status: ISSUE ANALYSIS COMPLETED for ticket A15-3448
2026-03-19 10:26:34,885 | INFO | No defined transition for current status: ISSUE ANALYSIS COMPLETED for ticket A15-3448
2026-03-19 10:26:34,885 | INFO | No defined transition for current status: ISSUE ANALYSIS COMPLETED for ticket A15-3448
2026-03-19 10:26:34,886 | INFO | No defined transition for current status: ISSUE ANALYSIS COMPLETED for ticket A15-3448
2026-03-19 10:26:34,887 | INFO | No defined transition for current status: ISSUE ANALYSIS COMPLETED for ticket A15-3448
2026-03-19 10:26:34,887 | INFO | No defined transition for current status: ISSUE ANALYSIS COMPLETED for ticket A15-3448
2026-03-19 10:26:34,888 | INFO | No defined transition for current status: ISSUE ANALYSIS COMPLETED for ticket A15-3448
2026-03-19 10:26:34,889 | INFO | No defined transition for current status: ISSUE ANALYSIS COMPLETED for ticket A15-3448
2026-03-19 10:26:34,889 | INFO | No defined transition for current status: ISSUE ANALYSIS COMPLETED for ticket A15-3448
2026-03-19 10:26:34,890 | INFO | No defined transition for current status: ISSUE ANALYSIS COMPLETED for ticket A15-3448
2026-03-19 10:26:34,891 | INFO | No defined transition for current status: ISSUE ANALYSIS COMPLETED for ticket A15-3448
2026-03-19 10:26:34,891 | INFO | No defined transition for current status: ISSUE ANALYSIS COMPLETED for ticket A15-3448
2026-03-19 10:26:34,892 | INFO | No defined transition for current status: ISSUE ANALYSIS COMPLETED for ticket A15-3448
2026-03-19 10:26:34,893 | INFO | No defined transition for current status: ISSUE ANALYSIS COMPLETED for ticket A15-3448
2026-03-19 10:26:34,894 | INFO | No defined transition for current status: ISSUE ANALYSIS COMPLETED for ticket A15-3448
2026-03-19 10:26:34,894 | INFO | No defined transition for current status: ISSUE ANALYSIS COMPLETED for ticket A15-3448
2026-03-19 10:26:34,895 | INFO | No defined transition for current status: ISSUE ANALYSIS COMPLETED for ticket A15-3448
2026-03-19 10:26:34,896 | INFO | No defined transition for current status: ISSUE ANALYSIS COMPLETED for ticket A15-3448
2026-03-19 10:26:34,896 | INFO | No defined transition for current status: ISSUE ANALYSIS COMPLETED for ticket A15-3448
2026-03-19 10:26:34,897 | INFO | No defined transition for current status: ISSUE ANALYSIS COMPLETED for ticket A15-3448
2026-03-19 10:26:34,898 | INFO | No defined transition for current status: ISSUE ANALYSIS COMPLETED for ticket A15-3448
2026-03-19 10:26:34,898 | INFO | No defined transition for current status: ISSUE ANALYSIS COMPLETED for ticket A15-3448
2026-03-19 10:26:34,899 | INFO | No defined transition for current status: ISSUE ANALYSIS COMPLETED for ticket A15-3448
2026-03-19 10:26:34,900 | INFO | No defined transition for current status: ISSUE ANALYSIS COMPLETED for ticket A15-3448
2026-03-19 10:26:34,900 | INFO | No defined transition for current status: ISSUE ANALYSIS COMPLETED for ticket A15-3448
2026-03-19 10:26:34,901 | INFO | No defined transition for current status: ISSUE ANALYSIS COMPLETED for ticket A15-3448
2026-03-19 10:26:34,902 | INFO | No defined transition for current status: ISSUE ANALYSIS COMPLETED for ticket A15-3448
2026-03-19 10:26:34,903 | INFO | No defined transition for current status: ISSUE ANALYSIS COMPLETED for ticket A15-3448
2026-03-19 10:26:34,903 | INFO | No defined transition for current status: ISSUE ANALYSIS COMPLETED for ticket A15-3448
2026-03-19 10:26:34,904 | INFO | No defined transition for current status: ISSUE ANALYSIS COMPLETED for ticket A15-3448
2026-03-19 10:26:34,905 | INFO | No defined transition for current status: ISSUE ANALYSIS COMPLETED for ticket A15-3448
2026-03-19 10:26:34,906 | INFO | No defined transition for current status: ISSUE ANALYSIS COMPLETED for ticket A15-3448
2026-03-19 10:26:34,907 | INFO | No defined transition for current status: ISSUE ANALYSIS COMPLETED for ticket A15-3448
2026-03-19 10:26:34,908 | INFO | No defined transition for current status: ISSUE ANALYSIS COMPLETED for ticket A15-3448
2026-03-19 10:26:34,909 | INFO | No defined transition for current status: ISSUE ANALYSIS COMPLETED for ticket A15-3448
2026-03-19 10:26:34,910 | INFO | No defined transition for current status: ISSUE ANALYSIS COMPLETED for ticket A15-3448
2026-03-19 10:26:34,910 | INFO | No defined transition for current status: ISSUE ANALYSIS COMPLETED for ticket A15-3448
2026-03-19 10:26:34,911 | INFO | No defined transition for current status: ISSUE ANALYSIS COMPLETED for ticket A15-3448
2026-03-19 10:26:34,912 | INFO | No defined transition for current status: ISSUE ANALYSIS COMPLETED for ticket A15-3448
2026-03-19 10:26:34,913 | INFO | No defined transition for current status: ISSUE ANALYSIS COMPLETED for ticket A15-3448
2026-03-19 10:26:34,914 | INFO | No defined transition for current status: ISSUE ANALYSIS COMPLETED for ticket A15-3448
2026-03-19 10:26:34,915 | INFO | No defined transition for current status: ISSUE ANALYSIS COMPLETED for ticket A15-3448
2026-03-19 10:26:34,916 | INFO | No defined transition for current status: ISSUE ANALYSIS COMPLETED for ticket A15-3448
2026-03-19 10:26:34,917 | INFO | No defined transition for current status: ISSUE ANALYSIS COMPLETED for ticket A15-3448
2026-03-19 10:26:34,917 | INFO | No defined transition for current status: ISSUE ANALYSIS COMPLETED for ticket A15-3448
2026-03-19 10:26:34,919 | INFO | No defined transition for current status: ISSUE ANALYSIS COMPLETED for ticket A15-3448
2026-03-19 10:26:34,920 | INFO | No defined transition for current status: ISSUE ANALYSIS COMPLETED for ticket A15-3448
2026-03-19 10:26:34,921 | INFO | No defined transition for current status: ISSUE ANALYSIS COMPLETED for ticket A15-3448
2026-03-19 10:26:34,921 | INFO | No defined transition for current status: ISSUE ANALYSIS COMPLETED for ticket A15-3448
2026-03-19 10:26:34,922 | INFO | No defined transition for current status: ISSUE ANALYSIS COMPLETED for ticket A15-3448
2026-03-19 10:26:34,923 | INFO | No defined transition for current status: ISSUE ANALYSIS COMPLETED for ticket A15-3448
2026-03-19 10:26:34,924 | INFO | No defined transition for current status: ISSUE ANALYSIS COMPLETED for ticket A15-3448
2026-03-19 10:26:34,925 | INFO | No defined transition for current status: ISSUE ANALYSIS COMPLETED for ticket A15-3448
2026-03-19 10:26:34,926 | INFO | No defined transition for current status: ISSUE ANALYSIS COMPLETED for ticket A15-3448
2026-03-19 10:26:34,927 | INFO | No defined transition for current status: ISSUE ANALYSIS COMPLETED for ticket A15-3448
2026-03-19 10:26:34,928 | INFO | No defined transition for current status: ISSUE ANALYSIS COMPLETED for ticket A15-3448
2026-03-19 10:26:34,928 | INFO | No defined transition for current status: ISSUE ANALYSIS COMPLETED for ticket A15-3448
2026-03-19 10:26:34,929 | INFO | No defined transition for current status: ISSUE ANALYSIS COMPLETED for ticket A15-3448
2026-03-19 10:26:34,930 | INFO | No defined transition for current status: ISSUE ANALYSIS COMPLETED for ticket A15-3448
2026-03-19 10:26:34,931 | INFO | No defined transition for current status: ISSUE ANALYSIS COMPLETED for ticket A15-3448
2026-03-19 10:26:34,932 | INFO | No defined transition for current status: ISSUE ANALYSIS COMPLETED for ticket A15-3448
2026-03-19 10:26:34,933 | INFO | No defined transition for current status: ISSUE ANALYSIS COMPLETED for ticket A15-3448
2026-03-19 10:26:34,934 | INFO | No defined transition for current status: ISSUE ANALYSIS COMPLETED for ticket A15-3448
2026-03-19 10:26:34,935 | INFO | No defined transition for current status: ISSUE ANALYSIS COMPLETED for ticket A15-3448
2026-03-19 10:26:34,936 | INFO | No defined transition for current status: ISSUE ANALYSIS COMPLETED for ticket A15-3448
2026-03-19 10:26:34,937 | INFO | No defined transition for current status: ISSUE ANALYSIS COMPLETED for ticket A15-3448
2026-03-19 10:26:34,938 | INFO | No defined transition for current status: ISSUE ANALYSIS COMPLETED for ticket A15-3448
2026-03-19 10:26:34,938 | INFO | No defined transition for current status: ISSUE ANALYSIS COMPLETED for ticket A15-3448
2026-03-19 10:26:34,939 | INFO | No defined transition for current status: ISSUE ANALYSIS COMPLETED for ticket A15-3448
2026-03-19 10:26:34,940 | INFO | No defined transition for current status: ISSUE ANALYSIS COMPLETED for ticket A15-3448
2026-03-19 10:26:34,941 | INFO | No defined transition for current status: ISSUE ANALYSIS COMPLETED for ticket A15-3448
2026-03-19 10:26:34,942 | INFO | No defined transition for current status: ISSUE ANALYSIS COMPLETED for ticket A15-3448
2026-03-19 10:26:34,942 | INFO | No defined transition for current status: ISSUE ANALYSIS COMPLETED for ticket A15-3448
2026-03-19 10:26:34,943 | INFO | No defined transition for current status: ISSUE ANALYSIS COMPLETED for ticket A15-3448
2026-03-19 10:26:34,944 | INFO | No defined transition for current status: ISSUE ANALYSIS COMPLETED for ticket A15-3448
2026-03-19 10:26:34,945 | INFO | No defined transition for current status: ISSUE ANALYSIS COMPLETED for ticket A15-3448
2026-03-19 10:26:34,945 | INFO | No defined transition for current status: ISSUE ANALYSIS COMPLETED for ticket A15-3448
2026-03-19 10:26:34,946 | INFO | No defined transition for current status: ISSUE ANALYSIS COMPLETED for ticket A15-3448
2026-03-19 10:26:34,947 | INFO | No defined transition for current status: ISSUE ANALYSIS COMPLETED for ticket A15-3448
2026-03-19 10:26:34,948 | INFO | No defined transition for current status: ISSUE ANALYSIS COMPLETED for ticket A15-3448
2026-03-19 10:26:34,949 | INFO | No defined transition for current status: ISSUE ANALYSIS COMPLETED for ticket A15-3448
2026-03-19 10:26:34,949 | INFO | No defined transition for current status: ISSUE ANALYSIS COMPLETED for ticket A15-3448
2026-03-19 10:26:34,950 | INFO | No defined transition for current status: ISSUE ANALYSIS COMPLETED for ticket A15-3448
2026-03-19 10:26:34,951 | INFO | No defined transition for current status: ISSUE ANALYSIS COMPLETED for ticket A15-3448
2026-03-19 10:26:34,952 | INFO | No defined transition for current status: ISSUE ANALYSIS COMPLETED for ticket A15-3448
2026-03-19 10:26:34,952 | INFO | No defined transition for current status: ISSUE ANALYSIS COMPLETED for ticket A15-3448
2026-03-19 10:26:34,953 | INFO | No defined transition for current status: ISSUE ANALYSIS COMPLETED for ticket A15-3448
2026-03-19 10:26:34,954 | INFO | No defined transition for current status: ISSUE ANALYSIS COMPLETED for ticket A15-3448
2026-03-19 10:26:34,954 | INFO | No defined transition for current status: ISSUE ANALYSIS COMPLETED for ticket A15-3448
2026-03-19 10:26:34,955 | INFO | No defined transition for current status: ISSUE ANALYSIS COMPLETED for ticket A15-3448
2026-03-19 10:26:34,956 | INFO | No defined transition for current status: ISSUE ANALYSIS COMPLETED for ticket A15-3448
2026-03-19 10:26:34,957 | INFO | No defined transition for current status: ISSUE ANALYSIS COMPLETED for ticket A15-3448
2026-03-19 10:26:34,958 | INFO | No defined transition for current status: ISSUE ANALYSIS COMPLETED for ticket A15-3448
2026-03-19 10:26:34,958 | INFO | No defined transition for current status: ISSUE ANALYSIS COMPLETED for ticket A15-3448
2026-03-19 10:26:34,959 | INFO | No defined transition for current status: ISSUE ANALYSIS COMPLETED for ticket A15-3448
2026-03-19 10:26:34,960 | INFO | No defined transition for current status: ISSUE ANALYSIS COMPLETED for ticket A15-3448
2026-03-19 10:26:34,961 | INFO | No defined transition for current status: ISSUE ANALYSIS COMPLETED for ticket A15-3448
2026-03-19 10:26:34,962 | INFO | No defined transition for current status: ISSUE ANALYSIS COMPLETED for ticket A15-3448
2026-03-19 10:26:34,963 | INFO | No defined transition for current status: ISSUE ANALYSIS COMPLETED for ticket A15-3448
2026-03-19 10:26:34,963 | INFO | No defined transition for current status: ISSUE ANALYSIS COMPLETED for ticket A15-3448
2026-03-19 10:26:34,964 | INFO | No defined transition for current status: ISSUE ANALYSIS COMPLETED for ticket A15-3448
2026-03-19 10:26:34,965 | INFO | No defined transition for current status: ISSUE ANALYSIS COMPLETED for ticket A15-3448
2026-03-19 10:26:34,966 | INFO | No defined transition for current status: ISSUE ANALYSIS COMPLETED for ticket A15-3448
2026-03-19 10:26:34,967 | INFO | No defined transition for current status: ISSUE ANALYSIS COMPLETED for ticket A15-3448
2026-03-19 10:26:34,967 | INFO | No defined transition for current status: ISSUE ANALYSIS COMPLETED for ticket A15-3448
2026-03-19 10:26:34,968 | INFO | No defined transition for current status: ISSUE ANALYSIS COMPLETED for ticket A15-3448
2026-03-19 10:26:34,969 | INFO | No defined transition for current status: ISSUE ANALYSIS COMPLETED for ticket A15-3448
2026-03-19 10:26:34,970 | INFO | No defined transition for current status: ISSUE ANALYSIS COMPLETED for ticket A15-3448
2026-03-19 10:26:34,970 | INFO | No defined transition for current status: ISSUE ANALYSIS COMPLETED for ticket A15-3448
2026-03-19 10:26:34,971 | INFO | No defined transition for current status: ISSUE ANALYSIS COMPLETED for ticket A15-3448
2026-03-19 10:26:34,972 | INFO | No defined transition for current status: ISSUE ANALYSIS COMPLETED for ticket A15-3448
2026-03-19 10:26:34,973 | INFO | No defined transition for current status: ISSUE ANALYSIS COMPLETED for ticket A15-3448
2026-03-19 10:26:34,974 | INFO | No defined transition for current status: ISSUE ANALYSIS COMPLETED for ticket A15-3448
2026-03-19 10:26:34,974 | INFO | No defined transition for current status: ISSUE ANALYSIS COMPLETED for ticket A15-3448
2026-03-19 10:26:34,975 | INFO | No defined transition for current status: ISSUE ANALYSIS COMPLETED for ticket A15-3448
2026-03-19 10:26:34,976 | INFO | No defined transition for current status: ISSUE ANALYSIS COMPLETED for ticket A15-3448
2026-03-19 10:26:34,977 | INFO | No defined transition for current status: ISSUE ANALYSIS COMPLETED for ticket A15-3448
2026-03-19 10:26:34,978 | INFO | No defined transition for current status: ISSUE ANALYSIS COMPLETED for ticket A15-3448
2026-03-19 10:26:34,979 | INFO | No defined transition for current status: ISSUE ANALYSIS COMPLETED for ticket A15-3448
2026-03-19 10:26:34,980 | INFO | No defined transition for current status: ISSUE ANALYSIS COMPLETED for ticket A15-3448
2026-03-19 10:26:34,980 | INFO | No defined transition for current status: ISSUE ANALYSIS COMPLETED for ticket A15-3448
2026-03-19 10:26:34,981 | INFO | No defined transition for current status: ISSUE ANALYSIS COMPLETED for ticket A15-3448
2026-03-19 10:26:34,982 | INFO | No defined transition for current status: ISSUE ANALYSIS COMPLETED for ticket A15-3448
2026-03-19 10:26:34,983 | INFO | No defined transition for current status: ISSUE ANALYSIS COMPLETED for ticket A15-3448
2026-03-19 10:26:34,984 | INFO | No defined transition for current status: ISSUE ANALYSIS COMPLETED for ticket A15-3448
2026-03-19 10:26:34,984 | INFO | No defined transition for current status: ISSUE ANALYSIS COMPLETED for ticket A15-3448
2026-03-19 10:26:34,985 | INFO | No defined transition for current status: ISSUE ANALYSIS COMPLETED for ticket A15-3448
2026-03-19 10:26:34,986 | INFO | No defined transition for current status: ISSUE ANALYSIS COMPLETED for ticket A15-3448
2026-03-19 10:26:34,987 | INFO | No defined transition for current status: ISSUE ANALYSIS COMPLETED for ticket A15-3448
2026-03-19 10:26:34,987 | INFO | No defined transition for current status: ISSUE ANALYSIS COMPLETED for ticket A15-3448
2026-03-19 10:26:34,988 | INFO | No defined transition for current status: ISSUE ANALYSIS COMPLETED for ticket A15-3448
2026-03-19 10:26:34,988 | INFO | No defined transition for current status: ISSUE ANALYSIS COMPLETED for ticket A15-3448
2026-03-19 10:26:34,989 | INFO | No defined transition for current status: ISSUE ANALYSIS COMPLETED for ticket A15-3448
2026-03-19 10:26:34,990 | INFO | No defined transition for current status: ISSUE ANALYSIS COMPLETED for ticket A15-3448
2026-03-19 10:26:34,991 | INFO | No defined transition for current status: ISSUE ANALYSIS COMPLETED for ticket A15-3448
2026-03-19 10:26:34,992 | INFO | No defined transition for current status: ISSUE ANALYSIS COMPLETED for ticket A15-3448
2026-03-19 10:26:34,992 | INFO | No defined transition for current status: ISSUE ANALYSIS COMPLETED for ticket A15-3448
2026-03-19 10:26:34,993 | INFO | No defined transition for current status: ISSUE ANALYSIS COMPLETED for ticket A15-3448
2026-03-19 10:26:34,994 | INFO | No defined transition for current status: ISSUE ANALYSIS COMPLETED for ticket A15-3448
2026-03-19 10:26:34,995 | INFO | No defined transition for current status: ISSUE ANALYSIS COMPLETED for ticket A15-3448
2026-03-19 10:26:34,996 | INFO | No defined transition for current status: ISSUE ANALYSIS COMPLETED for ticket A15-3448
2026-03-19 10:26:34,996 | INFO | No defined transition for current status: ISSUE ANALYSIS COMPLETED for ticket A15-3448
2026-03-19 10:26:34,997 | INFO | No defined transition for current status: ISSUE ANALYSIS COMPLETED for ticket A15-3448
2026-03-19 10:26:34,998 | INFO | No defined transition for current status: ISSUE ANALYSIS COMPLETED for ticket A15-3448
2026-03-19 10:26:34,999 | INFO | No defined transition for current status: ISSUE ANALYSIS COMPLETED for ticket A15-3448
2026-03-19 10:26:35,000 | INFO | No defined transition for current status: ISSUE ANALYSIS COMPLETED for ticket A15-3448
2026-03-19 10:26:35,000 | INFO | No defined transition for current status: ISSUE ANALYSIS COMPLETED for ticket A15-3448
2026-03-19 10:26:35,001 | INFO | No defined transition for current status: ISSUE ANALYSIS COMPLETED for ticket A15-3448
2026-03-19 10:26:35,002 | INFO | No defined transition for current status: ISSUE ANALYSIS COMPLETED for ticket A15-3448
2026-03-19 10:26:35,003 | INFO | No defined transition for current status: ISSUE ANALYSIS COMPLETED for ticket A15-3448
2026-03-19 10:26:35,004 | INFO | No defined transition for current status: ISSUE ANALYSIS COMPLETED for ticket A15-3448
2026-03-19 10:26:35,004 | INFO | No defined transition for current status: ISSUE ANALYSIS COMPLETED for ticket A15-3448
2026-03-19 10:26:35,005 | INFO | No defined transition for current status: ISSUE ANALYSIS COMPLETED for ticket A15-3448
2026-03-19 10:26:35,006 | INFO | No defined transition for current status: ISSUE ANALYSIS COMPLETED for ticket A15-3448
2026-03-19 10:26:35,006 | INFO | No defined transition for current status: ISSUE ANALYSIS COMPLETED for ticket A15-3448
2026-03-19 10:26:35,007 | INFO | No defined transition for current status: ISSUE ANALYSIS COMPLETED for ticket A15-3448
2026-03-19 10:26:35,008 | INFO | No defined transition for current status: ISSUE ANALYSIS COMPLETED for ticket A15-3448
2026-03-19 10:26:35,009 | INFO | No defined transition for current status: ISSUE ANALYSIS COMPLETED for ticket A15-3448
2026-03-19 10:26:35,009 | INFO | No defined transition for current status: ISSUE ANALYSIS COMPLETED for ticket A15-3448
2026-03-19 10:26:35,010 | INFO | No defined transition for current status: ISSUE ANALYSIS COMPLETED for ticket A15-3448
2026-03-19 10:26:35,011 | INFO | No defined transition for current status: ISSUE ANALYSIS COMPLETED for ticket A15-3448
2026-03-19 10:26:35,012 | INFO | No defined transition for current status: ISSUE ANALYSIS COMPLETED for ticket A15-3448
2026-03-19 10:26:35,012 | INFO | No defined transition for current status: ISSUE ANALYSIS COMPLETED for ticket A15-3448
2026-03-19 10:26:35,013 | INFO | No defined transition for current status: ISSUE ANALYSIS COMPLETED for ticket A15-3448
2026-03-19 10:26:35,014 | INFO | No defined transition for current status: ISSUE ANALYSIS COMPLETED for ticket A15-3448
2026-03-19 10:26:35,015 | INFO | No defined transition for current status: ISSUE ANALYSIS COMPLETED for ticket A15-3448
2026-03-19 10:26:35,016 | INFO | No defined transition for current status: ISSUE ANALYSIS COMPLETED for ticket A15-3448
2026-03-19 10:26:35,016 | INFO | No defined transition for current status: ISSUE ANALYSIS COMPLETED for ticket A15-3448
2026-03-19 10:26:35,017 | INFO | No defined transition for current status: ISSUE ANALYSIS COMPLETED for ticket A15-3448
2026-03-19 10:26:35,018 | INFO | No defined transition for current status: ISSUE ANALYSIS COMPLETED for ticket A15-3448
2026-03-19 10:26:35,018 | INFO | No defined transition for current status: ISSUE ANALYSIS COMPLETED for ticket A15-3448
2026-03-19 10:26:35,019 | INFO | No defined transition for current status: ISSUE ANALYSIS COMPLETED for ticket A15-3448
2026-03-19 10:26:35,020 | INFO | No defined transition for current status: ISSUE ANALYSIS COMPLETED for ticket A15-3448
2026-03-19 10:26:35,020 | INFO | No defined transition for current status: ISSUE ANALYSIS COMPLETED for ticket A15-3448
2026-03-19 10:26:35,021 | INFO | No defined transition for current status: ISSUE ANALYSIS COMPLETED for ticket A15-3448
2026-03-19 10:26:35,022 | INFO | No defined transition for current status: ISSUE ANALYSIS COMPLETED for ticket A15-3448
2026-03-19 10:26:35,023 | INFO | No defined transition for current status: ISSUE ANALYSIS COMPLETED for ticket A15-3448
2026-03-19 10:26:35,024 | INFO | No defined transition for current status: ISSUE ANALYSIS COMPLETED for ticket A15-3448
2026-03-19 10:26:35,024 | INFO | No defined transition for current status: ISSUE ANALYSIS COMPLETED for ticket A15-3448
2026-03-19 10:26:35,025 | INFO | No defined transition for current status: ISSUE ANALYSIS COMPLETED for ticket A15-3448
2026-03-19 10:26:35,026 | INFO | No defined transition for current status: ISSUE ANALYSIS COMPLETED for ticket A15-3448
2026-03-19 10:26:35,027 | INFO | No defined transition for current status: ISSUE ANALYSIS COMPLETED for ticket A15-3448
2026-03-19 10:26:35,028 | INFO | No defined transition for current status: ISSUE ANALYSIS COMPLETED for ticket A15-3448
2026-03-19 10:26:35,029 | INFO | No defined transition for current status: ISSUE ANALYSIS COMPLETED for ticket A15-3448
2026-03-19 10:26:35,029 | INFO | No defined transition for current status: ISSUE ANALYSIS COMPLETED for ticket A15-3448
2026-03-19 10:26:35,031 | INFO | No defined transition for current status: ISSUE ANALYSIS COMPLETED for ticket A15-3448
2026-03-19 10:26:35,031 | INFO | No defined transition for current status: ISSUE ANALYSIS COMPLETED for ticket A15-3448
2026-03-19 10:26:35,032 | INFO | No defined transition for current status: ISSUE ANALYSIS COMPLETED for ticket A15-3448
2026-03-19 10:26:35,033 | INFO | No defined transition for current status: ISSUE ANALYSIS COMPLETED for ticket A15-3448
2026-03-19 10:26:35,034 | INFO | No defined transition for current status: ISSUE ANALYSIS COMPLETED for ticket A15-3448
2026-03-19 10:26:35,034 | INFO | No defined transition for current status: ISSUE ANALYSIS COMPLETED for ticket A15-3448
2026-03-19 10:26:35,035 | INFO | No defined transition for current status: ISSUE ANALYSIS COMPLETED for ticket A15-3448
2026-03-19 10:26:35,037 | INFO | No defined transition for current status: ISSUE ANALYSIS COMPLETED for ticket A15-3448
2026-03-19 10:26:35,037 | INFO | No defined transition for current status: ISSUE ANALYSIS COMPLETED for ticket A15-3448
2026-03-19 10:26:35,038 | INFO | No defined transition for current status: ISSUE ANALYSIS COMPLETED for ticket A15-3448
2026-03-19 10:26:35,038 | INFO | No defined transition for current status: ISSUE ANALYSIS COMPLETED for ticket A15-3448
2026-03-19 10:26:35,039 | INFO | No defined transition for current status: ISSUE ANALYSIS COMPLETED for ticket A15-3448
2026-03-19 10:26:35,040 | INFO | No defined transition for current status: ISSUE ANALYSIS COMPLETED for ticket A15-3448
2026-03-19 10:26:35,041 | INFO | No defined transition for current status: ISSUE ANALYSIS COMPLETED for ticket A15-3448
2026-03-19 10:26:35,041 | INFO | No defined transition for current status: ISSUE ANALYSIS COMPLETED for ticket A15-3448
2026-03-19 10:26:35,042 | INFO | No defined transition for current status: ISSUE ANALYSIS COMPLETED for ticket A15-3448
2026-03-19 10:26:35,043 | INFO | No defined transition for current status: ISSUE ANALYSIS COMPLETED for ticket A15-3448
2026-03-19 10:26:35,044 | INFO | No defined transition for current status: ISSUE ANALYSIS COMPLETED for ticket A15-3448
2026-03-19 10:26:35,045 | INFO | No defined transition for current status: ISSUE ANALYSIS COMPLETED for ticket A15-3448
2026-03-19 10:26:35,046 | INFO | No defined transition for current status: ISSUE ANALYSIS COMPLETED for ticket A15-3448
2026-03-19 10:26:35,046 | INFO | No defined transition for current status: ISSUE ANALYSIS COMPLETED for ticket A15-3448
2026-03-19 10:26:35,047 | INFO | No defined transition for current status: ISSUE ANALYSIS COMPLETED for ticket A15-3448
2026-03-19 10:26:35,048 | INFO | No defined transition for current status: ISSUE ANALYSIS COMPLETED for ticket A15-3448
2026-03-19 10:26:35,049 | INFO | No defined transition for current status: ISSUE ANALYSIS COMPLETED for ticket A15-3448
2026-03-19 10:26:35,050 | INFO | No defined transition for current status: ISSUE ANALYSIS COMPLETED for ticket A15-3448
2026-03-19 10:26:35,050 | INFO | No defined transition for current status: ISSUE ANALYSIS COMPLETED for ticket A15-3448
2026-03-19 10:26:35,051 | INFO | No defined transition for current status: ISSUE ANALYSIS COMPLETED for ticket A15-3448
2026-03-19 10:26:35,052 | INFO | No defined transition for current status: ISSUE ANALYSIS COMPLETED for ticket A15-3448
2026-03-19 10:26:35,053 | INFO | No defined transition for current status: ISSUE ANALYSIS COMPLETED for ticket A15-3448
2026-03-19 10:26:35,054 | INFO | No defined transition for current status: ISSUE ANALYSIS COMPLETED for ticket A15-3448
2026-03-19 10:26:35,055 | INFO | No defined transition for current status: ISSUE ANALYSIS COMPLETED for ticket A15-3448
2026-03-19 10:26:35,055 | INFO | No defined transition for current status: ISSUE ANALYSIS COMPLETED for ticket A15-3448
2026-03-19 10:26:35,056 | INFO | No defined transition for current status: ISSUE ANALYSIS COMPLETED for ticket A15-3448
2026-03-19 10:26:35,057 | INFO | No defined transition for current status: ISSUE ANALYSIS COMPLETED for ticket A15-3448
2026-03-19 10:26:35,058 | INFO | No defined transition for current status: ISSUE ANALYSIS COMPLETED for ticket A15-3448
2026-03-19 10:26:35,059 | INFO | No defined transition for current status: ISSUE ANALYSIS COMPLETED for ticket A15-3448
2026-03-19 10:26:35,060 | INFO | No defined transition for current status: ISSUE ANALYSIS COMPLETED for ticket A15-3448
2026-03-19 10:26:35,060 | INFO | No defined transition for current status: ISSUE ANALYSIS COMPLETED for ticket A15-3448
2026-03-19 10:26:35,061 | INFO | No defined transition for current status: ISSUE ANALYSIS COMPLETED for ticket A15-3448
2026-03-19 10:26:35,062 | INFO | No defined transition for current status: ISSUE ANALYSIS COMPLETED for ticket A15-3448
2026-03-19 10:26:35,063 | INFO | No defined transition for current status: ISSUE ANALYSIS COMPLETED for ticket A15-3448
2026-03-19 10:26:35,063 | INFO | No defined transition for current status: ISSUE ANALYSIS COMPLETED for ticket A15-3448
2026-03-19 10:26:35,064 | INFO | No defined transition for current status: ISSUE ANALYSIS COMPLETED for ticket A15-3448
2026-03-19 10:26:35,064 | INFO | No defined transition for current status: ISSUE ANALYSIS COMPLETED for ticket A15-3448
2026-03-19 10:26:35,066 | INFO | No defined transition for current status: ISSUE ANALYSIS COMPLETED for ticket A15-3448
2026-03-19 10:26:35,067 | INFO | No defined transition for current status: ISSUE ANALYSIS COMPLETED for ticket A15-3448
2026-03-19 10:26:35,067 | INFO | No defined transition for current status: ISSUE ANALYSIS COMPLETED for ticket A15-3448
2026-03-19 10:26:35,068 | INFO | No defined transition for current status: ISSUE ANALYSIS COMPLETED for ticket A15-3448
2026-03-19 10:26:35,069 | INFO | No defined transition for current status: ISSUE ANALYSIS COMPLETED for ticket A15-3448
2026-03-19 10:26:35,070 | INFO | No defined transition for current status: ISSUE ANALYSIS COMPLETED for ticket A15-3448
2026-03-19 10:26:35,070 | INFO | No defined transition for current status: ISSUE ANALYSIS COMPLETED for ticket A15-3448
2026-03-19 10:26:35,071 | INFO | No defined transition for current status: ISSUE ANALYSIS COMPLETED for ticket A15-3448
2026-03-19 10:26:35,072 | INFO | No defined transition for current status: ISSUE ANALYSIS COMPLETED for ticket A15-3448
2026-03-19 10:26:35,073 | INFO | No defined transition for current status: ISSUE ANALYSIS COMPLETED for ticket A15-3448
2026-03-19 10:26:35,073 | INFO | No defined transition for current status: ISSUE ANALYSIS COMPLETED for ticket A15-3448
2026-03-19 10:26:35,074 | INFO | No defined transition for current status: ISSUE ANALYSIS COMPLETED for ticket A15-3448
2026-03-19 10:26:35,075 | INFO | No defined transition for current status: ISSUE ANALYSIS COMPLETED for ticket A15-3448
2026-03-19 10:26:35,076 | INFO | No defined transition for current status: ISSUE ANALYSIS COMPLETED for ticket A15-3448
2026-03-19 10:26:35,077 | INFO | No defined transition for current status: ISSUE ANALYSIS COMPLETED for ticket A15-3448
2026-03-19 10:26:35,077 | INFO | No defined transition for current status: ISSUE ANALYSIS COMPLETED for ticket A15-3448
2026-03-19 10:26:35,078 | INFO | No defined transition for current status: ISSUE ANALYSIS COMPLETED for ticket A15-3448
2026-03-19 10:26:35,079 | INFO | No defined transition for current status: ISSUE ANALYSIS COMPLETED for ticket A15-3448
2026-03-19 10:26:35,080 | INFO | No defined transition for current status: ISSUE ANALYSIS COMPLETED for ticket A15-3448
2026-03-19 10:26:35,081 | INFO | No defined transition for current status: ISSUE ANALYSIS COMPLETED for ticket A15-3448
2026-03-19 10:26:35,082 | INFO | No defined transition for current status: ISSUE ANALYSIS COMPLETED for ticket A15-3448
2026-03-19 10:26:35,082 | INFO | No defined transition for current status: ISSUE ANALYSIS COMPLETED for ticket A15-3448
2026-03-19 10:26:35,083 | INFO | No defined transition for current status: ISSUE ANALYSIS COMPLETED for ticket A15-3448
2026-03-19 10:26:35,084 | INFO | No defined transition for current status: ISSUE ANALYSIS COMPLETED for ticket A15-3448
2026-03-19 10:26:35,085 | INFO | No defined transition for current status: ISSUE ANALYSIS COMPLETED for ticket A15-3448
2026-03-19 10:26:35,085 | INFO | No defined transition for current status: ISSUE ANALYSIS COMPLETED for ticket A15-3448
2026-03-19 10:26:35,086 | INFO | No defined transition for current status: ISSUE ANALYSIS COMPLETED for ticket A15-3448
2026-03-19 10:26:35,087 | INFO | No defined transition for current status: ISSUE ANALYSIS COMPLETED for ticket A15-3448
2026-03-19 10:26:35,088 | INFO | No defined transition for current status: ISSUE ANALYSIS COMPLETED for ticket A15-3448
2026-03-19 10:26:35,088 | INFO | No defined transition for current status: ISSUE ANALYSIS COMPLETED for ticket A15-3448
2026-03-19 10:26:35,089 | INFO | No defined transition for current status: ISSUE ANALYSIS COMPLETED for ticket A15-3448
2026-03-19 10:26:35,090 | INFO | No defined transition for current status: ISSUE ANALYSIS COMPLETED for ticket A15-3448
2026-03-19 10:26:35,091 | INFO | No defined transition for current status: ISSUE ANALYSIS COMPLETED for ticket A15-3448
2026-03-19 10:26:35,091 | INFO | No defined transition for current status: ISSUE ANALYSIS COMPLETED for ticket A15-3448
2026-03-19 10:26:35,092 | INFO | No defined transition for current status: ISSUE ANALYSIS COMPLETED for ticket A15-3448
2026-03-19 10:26:35,092 | INFO | No defined transition for current status: ISSUE ANALYSIS COMPLETED for ticket A15-3448
2026-03-19 10:26:35,093 | INFO | No defined transition for current status: ISSUE ANALYSIS COMPLETED for ticket A15-3448
2026-03-19 10:26:35,094 | INFO | No defined transition for current status: ISSUE ANALYSIS COMPLETED for ticket A15-3448
2026-03-19 10:26:35,094 | INFO | No defined transition for current status: ISSUE ANALYSIS COMPLETED for ticket A15-3448
2026-03-19 10:26:35,095 | INFO | No defined transition for current status: ISSUE ANALYSIS COMPLETED for ticket A15-3448
2026-03-19 10:26:35,096 | INFO | No defined transition for current status: ISSUE ANALYSIS COMPLETED for ticket A15-3448
2026-03-19 10:26:35,096 | INFO | No defined transition for current status: ISSUE ANALYSIS COMPLETED for ticket A15-3448
2026-03-19 10:26:35,097 | INFO | No defined transition for current status: ISSUE ANALYSIS COMPLETED for ticket A15-3448
2026-03-19 10:26:35,098 | INFO | No defined transition for current status: ISSUE ANALYSIS COMPLETED for ticket A15-3448
2026-03-19 10:26:35,098 | INFO | No defined transition for current status: ISSUE ANALYSIS COMPLETED for ticket A15-3448
2026-03-19 10:26:35,099 | INFO | No defined transition for current status: ISSUE ANALYSIS COMPLETED for ticket A15-3448
2026-03-19 10:26:35,100 | INFO | No defined transition for current status: ISSUE ANALYSIS COMPLETED for ticket A15-3448
2026-03-19 10:26:35,100 | INFO | No defined transition for current status: ISSUE ANALYSIS COMPLETED for ticket A15-3448
2026-03-19 10:26:35,101 | INFO | No defined transition for current status: ISSUE ANALYSIS COMPLETED for ticket A15-3448
2026-03-19 10:26:35,101 | INFO | No defined transition for current status: ISSUE ANALYSIS COMPLETED for ticket A15-3448
2026-03-19 10:26:35,102 | INFO | No defined transition for current status: ISSUE ANALYSIS COMPLETED for ticket A15-3448
2026-03-19 10:26:35,103 | INFO | No defined transition for current status: ISSUE ANALYSIS COMPLETED for ticket A15-3448
2026-03-19 10:26:35,103 | INFO | No defined transition for current status: ISSUE ANALYSIS COMPLETED for ticket A15-3448
2026-03-19 10:26:35,104 | INFO | No defined transition for current status: ISSUE ANALYSIS COMPLETED for ticket A15-3448
2026-03-19 10:26:35,105 | INFO | No defined transition for current status: ISSUE ANALYSIS COMPLETED for ticket A15-3448
2026-03-19 10:26:35,105 | INFO | No defined transition for current status: ISSUE ANALYSIS COMPLETED for ticket A15-3448
2026-03-19 10:26:35,106 | INFO | No defined transition for current status: ISSUE ANALYSIS COMPLETED for ticket A15-3448
2026-03-19 10:26:35,107 | INFO | No defined transition for current status: ISSUE ANALYSIS COMPLETED for ticket A15-3448
2026-03-19 10:26:35,107 | INFO | No defined transition for current status: ISSUE ANALYSIS COMPLETED for ticket A15-3448
2026-03-19 10:26:35,108 | INFO | No defined transition for current status: ISSUE ANALYSIS COMPLETED for ticket A15-3448
2026-03-19 10:26:35,109 | INFO | No defined transition for current status: ISSUE ANALYSIS COMPLETED for ticket A15-3448
2026-03-19 10:26:35,109 | INFO | No defined transition for current status: ISSUE ANALYSIS COMPLETED for ticket A15-3448
2026-03-19 10:26:35,110 | INFO | No defined transition for current status: ISSUE ANALYSIS COMPLETED for ticket A15-3448
2026-03-19 10:26:35,111 | INFO | No defined transition for current status: ISSUE ANALYSIS COMPLETED for ticket A15-3448
2026-03-19 10:26:35,112 | INFO | No defined transition for current status: ISSUE ANALYSIS COMPLETED for ticket A15-3448
2026-03-19 10:26:35,113 | INFO | No defined transition for current status: ISSUE ANALYSIS COMPLETED for ticket A15-3448
2026-03-19 10:26:35,114 | INFO | No defined transition for current status: ISSUE ANALYSIS COMPLETED for ticket A15-3448
2026-03-19 10:26:35,114 | INFO | No defined transition for current status: ISSUE ANALYSIS COMPLETED for ticket A15-3448
2026-03-19 10:26:35,115 | INFO | No defined transition for current status: ISSUE ANALYSIS COMPLETED for ticket A15-3448
2026-03-19 10:26:35,116 | INFO | No defined transition for current status: ISSUE ANALYSIS COMPLETED for ticket A15-3448
2026-03-19 10:26:35,117 | INFO | No defined transition for current status: ISSUE ANALYSIS COMPLETED for ticket A15-3448
2026-03-19 10:26:35,117 | INFO | No defined transition for current status: ISSUE ANALYSIS COMPLETED for ticket A15-3448
2026-03-19 10:26:35,118 | INFO | No defined transition for current status: ISSUE ANALYSIS COMPLETED for ticket A15-3448
2026-03-19 10:26:35,119 | INFO | No defined transition for current status: ISSUE ANALYSIS COMPLETED for ticket A15-3448
2026-03-19 10:26:35,119 | INFO | No defined transition for current status: ISSUE ANALYSIS COMPLETED for ticket A15-3448
2026-03-19 10:26:35,120 | INFO | No defined transition for current status: ISSUE ANALYSIS COMPLETED for ticket A15-3448
2026-03-19 10:26:35,121 | INFO | No defined transition for current status: ISSUE ANALYSIS COMPLETED for ticket A15-3448
2026-03-19 10:26:35,122 | INFO | No defined transition for current status: ISSUE ANALYSIS COMPLETED for ticket A15-3448
2026-03-19 10:26:35,122 | INFO | No defined transition for current status: ISSUE ANALYSIS COMPLETED for ticket A15-3448
2026-03-19 10:26:35,123 | INFO | No defined transition for current status: ISSUE ANALYSIS COMPLETED for ticket A15-3448
2026-03-19 10:26:35,124 | INFO | No defined transition for current status: ISSUE ANALYSIS COMPLETED for ticket A15-3448
2026-03-19 10:26:35,124 | INFO | No defined transition for current status: ISSUE ANALYSIS COMPLETED for ticket A15-3448
2026-03-19 10:26:35,125 | INFO | No defined transition for current status: ISSUE ANALYSIS COMPLETED for ticket A15-3448
2026-03-19 10:26:35,126 | INFO | No defined transition for current status: ISSUE ANALYSIS COMPLETED for ticket A15-3448
2026-03-19 10:26:35,127 | INFO | No defined transition for current status: ISSUE ANALYSIS COMPLETED for ticket A15-3448
2026-03-19 10:26:35,128 | INFO | No defined transition for current status: ISSUE ANALYSIS COMPLETED for ticket A15-3448
2026-03-19 10:26:35,129 | INFO | No defined transition for current status: ISSUE ANALYSIS COMPLETED for ticket A15-3448
2026-03-19 10:26:35,130 | INFO | No defined transition for current status: ISSUE ANALYSIS COMPLETED for ticket A15-3448
2026-03-19 10:26:35,130 | INFO | No defined transition for current status: ISSUE ANALYSIS COMPLETED for ticket A15-3448
2026-03-19 10:26:35,131 | INFO | No defined transition for current status: ISSUE ANALYSIS COMPLETED for ticket A15-3448
2026-03-19 10:26:35,132 | INFO | No defined transition for current status: ISSUE ANALYSIS COMPLETED for ticket A15-3448
2026-03-19 10:26:35,132 | INFO | No defined transition for current status: ISSUE ANALYSIS COMPLETED for ticket A15-3448
2026-03-19 10:26:35,133 | INFO | No defined transition for current status: ISSUE ANALYSIS COMPLETED for ticket A15-3448
2026-03-19 10:26:35,133 | INFO | No defined transition for current status: ISSUE ANALYSIS COMPLETED for ticket A15-3448
2026-03-19 10:26:35,134 | INFO | No defined transition for current status: ISSUE ANALYSIS COMPLETED for ticket A15-3448
2026-03-19 10:26:35,135 | INFO | No defined transition for current status: ISSUE ANALYSIS COMPLETED for ticket A15-3448
2026-03-19 10:26:35,136 | INFO | No defined transition for current status: ISSUE ANALYSIS COMPLETED for ticket A15-3448
2026-03-19 10:26:35,137 | INFO | No defined transition for current status: ISSUE ANALYSIS COMPLETED for ticket A15-3448
2026-03-19 10:26:35,137 | INFO | No defined transition for current status: ISSUE ANALYSIS COMPLETED for ticket A15-3448
2026-03-19 10:26:35,138 | INFO | No defined transition for current status: ISSUE ANALYSIS COMPLETED for ticket A15-3448
2026-03-19 10:26:35,139 | INFO | No defined transition for current status: ISSUE ANALYSIS COMPLETED for ticket A15-3448
2026-03-19 10:26:35,140 | INFO | No defined transition for current status: ISSUE ANALYSIS COMPLETED for ticket A15-3448
2026-03-19 10:26:35,140 | INFO | No defined transition for current status: ISSUE ANALYSIS COMPLETED for ticket A15-3448
2026-03-19 10:26:35,141 | INFO | No defined transition for current status: ISSUE ANALYSIS COMPLETED for ticket A15-3448
2026-03-19 10:26:35,142 | INFO | No defined transition for current status: ISSUE ANALYSIS COMPLETED for ticket A15-3448
2026-03-19 10:26:35,142 | INFO | No defined transition for current status: ISSUE ANALYSIS COMPLETED for ticket A15-3448
2026-03-19 10:26:35,143 | INFO | No defined transition for current status: ISSUE ANALYSIS COMPLETED for ticket A15-3448
2026-03-19 10:26:35,144 | INFO | No defined transition for current status: ISSUE ANALYSIS COMPLETED for ticket A15-3448
2026-03-19 10:26:35,145 | INFO | No defined transition for current status: ISSUE ANALYSIS COMPLETED for ticket A15-3448
2026-03-19 10:26:35,145 | INFO | No defined transition for current status: ISSUE ANALYSIS COMPLETED for ticket A15-3448
2026-03-19 10:26:35,146 | INFO | No defined transition for current status: ISSUE ANALYSIS COMPLETED for ticket A15-3448
2026-03-19 10:26:35,147 | INFO | No defined transition for current status: ISSUE ANALYSIS COMPLETED for ticket A15-3448
2026-03-19 10:26:35,148 | INFO | No defined transition for current status: ISSUE ANALYSIS COMPLETED for ticket A15-3448
2026-03-19 10:26:35,148 | INFO | No defined transition for current status: ISSUE ANALYSIS COMPLETED for ticket A15-3448
2026-03-19 10:26:35,149 | INFO | No defined transition for current status: ISSUE ANALYSIS COMPLETED for ticket A15-3448
2026-03-19 10:26:35,149 | INFO | No defined transition for current status: ISSUE ANALYSIS COMPLETED for ticket A15-3448
2026-03-19 10:26:35,150 | INFO | No defined transition for current status: ISSUE ANALYSIS COMPLETED for ticket A15-3448
2026-03-19 10:26:35,151 | INFO | No defined transition for current status: ISSUE ANALYSIS COMPLETED for ticket A15-3448
2026-03-19 10:26:35,151 | INFO | No defined transition for current status: ISSUE ANALYSIS COMPLETED for ticket A15-3448
2026-03-19 10:26:35,152 | INFO | No defined transition for current status: ISSUE ANALYSIS COMPLETED for ticket A15-3448
2026-03-19 10:26:35,152 | INFO | No defined transition for current status: ISSUE ANALYSIS COMPLETED for ticket A15-3448
2026-03-19 10:26:35,153 | INFO | No defined transition for current status: ISSUE ANALYSIS COMPLETED for ticket A15-3448
2026-03-19 10:26:35,154 | INFO | No defined transition for current status: ISSUE ANALYSIS COMPLETED for ticket A15-3448
2026-03-19 10:26:35,155 | INFO | No defined transition for current status: ISSUE ANALYSIS COMPLETED for ticket A15-3448
2026-03-19 10:26:35,155 | INFO | No defined transition for current status: ISSUE ANALYSIS COMPLETED for ticket A15-3448
2026-03-19 10:26:35,156 | INFO | No defined transition for current status: ISSUE ANALYSIS COMPLETED for ticket A15-3448
2026-03-19 10:26:35,156 | INFO | No defined transition for current status: ISSUE ANALYSIS COMPLETED for ticket A15-3448
2026-03-19 10:26:35,157 | INFO | No defined transition for current status: ISSUE ANALYSIS COMPLETED for ticket A15-3448
2026-03-19 10:26:35,157 | INFO | No defined transition for current status: ISSUE ANALYSIS COMPLETED for ticket A15-3448
2026-03-19 10:26:35,158 | INFO | No defined transition for current status: ISSUE ANALYSIS COMPLETED for ticket A15-3448
2026-03-19 10:26:35,159 | INFO | No defined transition for current status: ISSUE ANALYSIS COMPLETED for ticket A15-3448
2026-03-19 10:26:35,160 | INFO | No defined transition for current status: ISSUE ANALYSIS COMPLETED for ticket A15-3448
2026-03-19 10:26:35,160 | INFO | No defined transition for current status: ISSUE ANALYSIS COMPLETED for ticket A15-3448
2026-03-19 10:26:35,161 | INFO | No defined transition for current status: ISSUE ANALYSIS COMPLETED for ticket A15-3448
2026-03-19 10:26:35,161 | INFO | No defined transition for current status: ISSUE ANALYSIS COMPLETED for ticket A15-3448
2026-03-19 10:26:35,162 | INFO | No defined transition for current status: ISSUE ANALYSIS COMPLETED for ticket A15-3448
2026-03-19 10:26:35,163 | INFO | No defined transition for current status: ISSUE ANALYSIS COMPLETED for ticket A15-3448
2026-03-19 10:26:35,164 | INFO | No defined transition for current status: ISSUE ANALYSIS COMPLETED for ticket A15-3448
2026-03-19 10:26:35,164 | INFO | No defined transition for current status: ISSUE ANALYSIS COMPLETED for ticket A15-3448
2026-03-19 10:26:35,165 | INFO | No defined transition for current status: ISSUE ANALYSIS COMPLETED for ticket A15-3448
2026-03-19 10:26:35,165 | INFO | No defined transition for current status: ISSUE ANALYSIS COMPLETED for ticket A15-3448
2026-03-19 10:26:35,166 | INFO | No defined transition for current status: ISSUE ANALYSIS COMPLETED for ticket A15-3448
2026-03-19 10:26:35,167 | INFO | No defined transition for current status: ISSUE ANALYSIS COMPLETED for ticket A15-3448
2026-03-19 10:26:35,168 | INFO | No defined transition for current status: ISSUE ANALYSIS COMPLETED for ticket A15-3448
