2026-02-10 13:03:31,289 | INFO | Token loaded from Environment Variable
2026-02-10 13:03:32,036 | INFO | Successfully connected to Jira server: https://kpithondajapan.atlassian.net
2026-02-10 13:03:33,940 | INFO | Successfully read Excel file: Transite_Issues.xlsx
2026-02-10 13:03:34,693 | INFO | Processing ticket A15-2902 with current status: In Progress
2026-02-10 13:03:34,693 | INFO | No defined transition for current status: In Progress for ticket A15-2902
2026-02-10 13:03:34,694 | INFO | No defined transition for current status: In Progress for ticket A15-2902
2026-02-10 13:03:34,695 | INFO | No defined transition for current status: In Progress for ticket A15-2902
2026-02-10 13:03:34,695 | INFO | No defined transition for current status: In Progress for ticket A15-2902
2026-02-10 13:03:34,708 | INFO | No defined transition for current status: In Progress for ticket A15-2902
2026-02-10 13:03:34,708 | INFO | No defined transition for current status: In Progress for ticket A15-2902
2026-02-10 13:03:34,709 | INFO | No defined transition for current status: In Progress for ticket A15-2902
2026-02-10 13:03:34,709 | INFO | No defined transition for current status: In Progress for ticket A15-2902
2026-02-10 13:03:34,709 | INFO | No defined transition for current status: In Progress for ticket A15-2902
2026-02-10 13:03:34,710 | INFO | No defined transition for current status: In Progress for ticket A15-2902
2026-02-10 13:03:34,710 | INFO | No defined transition for current status: In Progress for ticket A15-2902
2026-02-10 13:03:34,710 | INFO | No defined transition for current status: In Progress for ticket A15-2902
2026-02-10 13:03:34,710 | INFO | No defined transition for current status: In Progress for ticket A15-2902
2026-02-10 13:03:34,710 | INFO | No defined transition for current status: In Progress for ticket A15-2902
2026-02-10 13:03:34,711 | INFO | No defined transition for current status: In Progress for ticket A15-2902
2026-02-10 13:03:34,711 | INFO | No defined transition for current status: In Progress for ticket A15-2902
2026-02-10 13:03:34,711 | INFO | No defined transition for current status: In Progress for ticket A15-2902
2026-02-10 13:03:34,711 | INFO | No defined transition for current status: In Progress for ticket A15-2902
2026-02-10 13:03:34,712 | INFO | No defined transition for current status: In Progress for ticket A15-2902
2026-02-10 13:03:34,712 | INFO | No defined transition for current status: In Progress for ticket A15-2902
2026-02-10 13:03:34,712 | INFO | No defined transition for current status: In Progress for ticket A15-2902
2026-02-10 13:03:34,712 | INFO | No defined transition for current status: In Progress for ticket A15-2902
2026-02-10 13:03:34,712 | INFO | No defined transition for current status: In Progress for ticket A15-2902
2026-02-10 13:03:34,712 | INFO | No defined transition for current status: In Progress for ticket A15-2902
2026-02-10 13:03:34,713 | INFO | No defined transition for current status: In Progress for ticket A15-2902
2026-02-10 13:03:34,713 | INFO | No defined transition for current status: In Progress for ticket A15-2902
2026-02-10 13:03:34,713 | INFO | No defined transition for current status: In Progress for ticket A15-2902
2026-02-10 13:03:34,713 | INFO | No defined transition for current status: In Progress for ticket A15-2902
2026-02-10 13:03:34,714 | INFO | No defined transition for current status: In Progress for ticket A15-2902
2026-02-10 13:03:34,714 | INFO | No defined transition for current status: In Progress for ticket A15-2902
2026-02-10 13:03:34,714 | INFO | No defined transition for current status: In Progress for ticket A15-2902
2026-02-10 13:03:34,714 | INFO | No defined transition for current status: In Progress for ticket A15-2902
2026-02-10 13:03:34,715 | INFO | No defined transition for current status: In Progress for ticket A15-2902
2026-02-10 13:03:34,715 | INFO | No defined transition for current status: In Progress for ticket A15-2902
2026-02-10 13:03:34,715 | INFO | No defined transition for current status: In Progress for ticket A15-2902
2026-02-10 13:03:34,716 | INFO | No defined transition for current status: In Progress for ticket A15-2902
2026-02-10 13:03:34,716 | INFO | No defined transition for current status: In Progress for ticket A15-2902
2026-02-10 13:03:34,716 | INFO | No defined transition for current status: In Progress for ticket A15-2902
2026-02-10 13:03:34,717 | INFO | No defined transition for current status: In Progress for ticket A15-2902
2026-02-10 13:03:34,717 | INFO | No defined transition for current status: In Progress for ticket A15-2902
2026-02-10 13:03:34,717 | INFO | No defined transition for current status: In Progress for ticket A15-2902
2026-02-10 13:03:34,718 | INFO | No defined transition for current status: In Progress for ticket A15-2902
2026-02-10 13:03:34,718 | INFO | No defined transition for current status: In Progress for ticket A15-2902
2026-02-10 13:03:34,718 | INFO | No defined transition for current status: In Progress for ticket A15-2902
2026-02-10 13:03:34,718 | INFO | No defined transition for current status: In Progress for ticket A15-2902
2026-02-10 13:03:34,719 | INFO | No defined transition for current status: In Progress for ticket A15-2902
2026-02-10 13:03:34,719 | INFO | No defined transition for current status: In Progress for ticket A15-2902
2026-02-10 13:03:34,719 | INFO | No defined transition for current status: In Progress for ticket A15-2902
2026-02-10 13:03:34,719 | INFO | No defined transition for current status: In Progress for ticket A15-2902
2026-02-10 13:03:34,719 | INFO | No defined transition for current status: In Progress for ticket A15-2902
2026-02-10 13:03:34,720 | INFO | No defined transition for current status: In Progress for ticket A15-2902
2026-02-10 13:03:34,720 | INFO | No defined transition for current status: In Progress for ticket A15-2902
2026-02-10 13:03:34,720 | INFO | No defined transition for current status: In Progress for ticket A15-2902
2026-02-10 13:03:34,720 | INFO | No defined transition for current status: In Progress for ticket A15-2902
2026-02-10 13:03:34,721 | INFO | No defined transition for current status: In Progress for ticket A15-2902
2026-02-10 13:03:34,721 | INFO | No defined transition for current status: In Progress for ticket A15-2902
2026-02-10 13:03:34,721 | INFO | No defined transition for current status: In Progress for ticket A15-2902
2026-02-10 13:03:34,721 | INFO | No defined transition for current status: In Progress for ticket A15-2902
2026-02-10 13:03:34,721 | INFO | No defined transition for current status: In Progress for ticket A15-2902
2026-02-10 13:03:34,722 | INFO | No defined transition for current status: In Progress for ticket A15-2902
2026-02-10 13:03:34,722 | INFO | No defined transition for current status: In Progress for ticket A15-2902
2026-02-10 13:03:34,722 | INFO | No defined transition for current status: In Progress for ticket A15-2902
2026-02-10 13:03:34,723 | INFO | No defined transition for current status: In Progress for ticket A15-2902
2026-02-10 13:03:34,723 | INFO | No defined transition for current status: In Progress for ticket A15-2902
2026-02-10 13:03:34,723 | INFO | No defined transition for current status: In Progress for ticket A15-2902
2026-02-10 13:03:34,723 | INFO | No defined transition for current status: In Progress for ticket A15-2902
2026-02-10 13:03:34,724 | INFO | No defined transition for current status: In Progress for ticket A15-2902
2026-02-10 13:03:34,724 | INFO | No defined transition for current status: In Progress for ticket A15-2902
2026-02-10 13:03:34,724 | INFO | No defined transition for current status: In Progress for ticket A15-2902
2026-02-10 13:03:34,724 | INFO | No defined transition for current status: In Progress for ticket A15-2902
2026-02-10 13:03:34,724 | INFO | No defined transition for current status: In Progress for ticket A15-2902
2026-02-10 13:03:34,724 | INFO | No defined transition for current status: In Progress for ticket A15-2902
2026-02-10 13:03:34,725 | INFO | No defined transition for current status: In Progress for ticket A15-2902
2026-02-10 13:03:34,725 | INFO | No defined transition for current status: In Progress for ticket A15-2902
2026-02-10 13:03:34,725 | INFO | No defined transition for current status: In Progress for ticket A15-2902
2026-02-10 13:03:34,725 | INFO | No defined transition for current status: In Progress for ticket A15-2902
2026-02-10 13:03:34,725 | INFO | No defined transition for current status: In Progress for ticket A15-2902
2026-02-10 13:03:34,725 | INFO | No defined transition for current status: In Progress for ticket A15-2902
2026-02-10 13:03:34,725 | INFO | No defined transition for current status: In Progress for ticket A15-2902
2026-02-10 13:03:34,725 | INFO | No defined transition for current status: In Progress for ticket A15-2902
2026-02-10 13:03:34,725 | INFO | No defined transition for current status: In Progress for ticket A15-2902
2026-02-10 13:03:34,726 | INFO | No defined transition for current status: In Progress for ticket A15-2902
2026-02-10 13:03:34,726 | INFO | No defined transition for current status: In Progress for ticket A15-2902
2026-02-10 13:03:34,726 | INFO | No defined transition for current status: In Progress for ticket A15-2902
2026-02-10 13:03:34,726 | INFO | No defined transition for current status: In Progress for ticket A15-2902
2026-02-10 13:03:34,726 | INFO | No defined transition for current status: In Progress for ticket A15-2902
2026-02-10 13:03:34,726 | INFO | No defined transition for current status: In Progress for ticket A15-2902
2026-02-10 13:03:34,726 | INFO | No defined transition for current status: In Progress for ticket A15-2902
2026-02-10 13:03:34,727 | INFO | No defined transition for current status: In Progress for ticket A15-2902
2026-02-10 13:03:34,727 | INFO | No defined transition for current status: In Progress for ticket A15-2902
2026-02-10 13:03:34,727 | INFO | No defined transition for current status: In Progress for ticket A15-2902
2026-02-10 13:03:34,727 | INFO | No defined transition for current status: In Progress for ticket A15-2902
2026-02-10 13:03:34,727 | INFO | No defined transition for current status: In Progress for ticket A15-2902
2026-02-10 13:03:34,727 | INFO | No defined transition for current status: In Progress for ticket A15-2902
2026-02-10 13:03:34,727 | INFO | No defined transition for current status: In Progress for ticket A15-2902
2026-02-10 13:03:34,727 | INFO | No defined transition for current status: In Progress for ticket A15-2902
2026-02-10 13:03:34,728 | INFO | No defined transition for current status: In Progress for ticket A15-2902
2026-02-10 13:03:34,728 | INFO | No defined transition for current status: In Progress for ticket A15-2902
2026-02-10 13:03:34,728 | INFO | No defined transition for current status: In Progress for ticket A15-2902
2026-02-10 13:03:34,728 | INFO | No defined transition for current status: In Progress for ticket A15-2902
2026-02-10 13:03:34,728 | INFO | No defined transition for current status: In Progress for ticket A15-2902
2026-02-10 13:03:34,728 | INFO | No defined transition for current status: In Progress for ticket A15-2902
2026-02-10 13:03:34,728 | INFO | No defined transition for current status: In Progress for ticket A15-2902
2026-02-10 13:03:34,729 | INFO | No defined transition for current status: In Progress for ticket A15-2902
2026-02-10 13:03:34,729 | INFO | No defined transition for current status: In Progress for ticket A15-2902
2026-02-10 13:03:34,729 | INFO | No defined transition for current status: In Progress for ticket A15-2902
2026-02-10 13:03:34,730 | INFO | No defined transition for current status: In Progress for ticket A15-2902
2026-02-10 13:03:34,730 | INFO | No defined transition for current status: In Progress for ticket A15-2902
2026-02-10 13:03:34,730 | INFO | No defined transition for current status: In Progress for ticket A15-2902
2026-02-10 13:03:34,730 | INFO | No defined transition for current status: In Progress for ticket A15-2902
2026-02-10 13:03:34,731 | INFO | No defined transition for current status: In Progress for ticket A15-2902
2026-02-10 13:03:34,731 | INFO | No defined transition for current status: In Progress for ticket A15-2902
2026-02-10 13:03:34,732 | INFO | No defined transition for current status: In Progress for ticket A15-2902
2026-02-10 13:03:34,732 | INFO | No defined transition for current status: In Progress for ticket A15-2902
2026-02-10 13:03:34,732 | INFO | No defined transition for current status: In Progress for ticket A15-2902
2026-02-10 13:03:34,733 | INFO | No defined transition for current status: In Progress for ticket A15-2902
2026-02-10 13:03:34,733 | INFO | No defined transition for current status: In Progress for ticket A15-2902
2026-02-10 13:03:34,733 | INFO | No defined transition for current status: In Progress for ticket A15-2902
2026-02-10 13:03:34,734 | INFO | No defined transition for current status: In Progress for ticket A15-2902
2026-02-10 13:03:34,734 | INFO | No defined transition for current status: In Progress for ticket A15-2902
2026-02-10 13:03:34,734 | INFO | No defined transition for current status: In Progress for ticket A15-2902
2026-02-10 13:03:34,734 | INFO | No defined transition for current status: In Progress for ticket A15-2902
2026-02-10 13:03:34,734 | INFO | No defined transition for current status: In Progress for ticket A15-2902
2026-02-10 13:03:34,734 | INFO | No defined transition for current status: In Progress for ticket A15-2902
2026-02-10 13:03:34,734 | INFO | No defined transition for current status: In Progress for ticket A15-2902
2026-02-10 13:03:34,735 | INFO | No defined transition for current status: In Progress for ticket A15-2902
2026-02-10 13:03:34,735 | INFO | No defined transition for current status: In Progress for ticket A15-2902
2026-02-10 13:03:34,735 | INFO | No defined transition for current status: In Progress for ticket A15-2902
2026-02-10 13:03:34,735 | INFO | No defined transition for current status: In Progress for ticket A15-2902
2026-02-10 13:03:34,735 | INFO | No defined transition for current status: In Progress for ticket A15-2902
2026-02-10 13:03:34,735 | INFO | No defined transition for current status: In Progress for ticket A15-2902
2026-02-10 13:03:34,735 | INFO | No defined transition for current status: In Progress for ticket A15-2902
2026-02-10 13:03:34,735 | INFO | No defined transition for current status: In Progress for ticket A15-2902
2026-02-10 13:03:34,736 | INFO | No defined transition for current status: In Progress for ticket A15-2902
2026-02-10 13:03:34,736 | INFO | No defined transition for current status: In Progress for ticket A15-2902
2026-02-10 13:03:34,736 | INFO | No defined transition for current status: In Progress for ticket A15-2902
2026-02-10 13:03:34,736 | INFO | No defined transition for current status: In Progress for ticket A15-2902
2026-02-10 13:03:34,736 | INFO | No defined transition for current status: In Progress for ticket A15-2902
2026-02-10 13:03:34,736 | INFO | No defined transition for current status: In Progress for ticket A15-2902
2026-02-10 13:03:34,736 | INFO | No defined transition for current status: In Progress for ticket A15-2902
2026-02-10 13:03:34,736 | INFO | No defined transition for current status: In Progress for ticket A15-2902
2026-02-10 13:03:34,736 | INFO | No defined transition for current status: In Progress for ticket A15-2902
2026-02-10 13:03:34,737 | INFO | No defined transition for current status: In Progress for ticket A15-2902
2026-02-10 13:03:34,737 | INFO | No defined transition for current status: In Progress for ticket A15-2902
2026-02-10 13:03:34,737 | INFO | No defined transition for current status: In Progress for ticket A15-2902
2026-02-10 13:03:34,737 | INFO | No defined transition for current status: In Progress for ticket A15-2902
2026-02-10 13:03:34,737 | INFO | No defined transition for current status: In Progress for ticket A15-2902
2026-02-10 13:03:34,738 | INFO | No defined transition for current status: In Progress for ticket A15-2902
2026-02-10 13:03:34,738 | INFO | No defined transition for current status: In Progress for ticket A15-2902
2026-02-10 13:03:34,738 | INFO | No defined transition for current status: In Progress for ticket A15-2902
2026-02-10 13:03:34,738 | INFO | No defined transition for current status: In Progress for ticket A15-2902
2026-02-10 13:03:34,738 | INFO | No defined transition for current status: In Progress for ticket A15-2902
2026-02-10 13:03:34,738 | INFO | No defined transition for current status: In Progress for ticket A15-2902
2026-02-10 13:03:34,738 | INFO | No defined transition for current status: In Progress for ticket A15-2902
2026-02-10 13:03:34,739 | INFO | No defined transition for current status: In Progress for ticket A15-2902
2026-02-10 13:03:34,739 | INFO | No defined transition for current status: In Progress for ticket A15-2902
2026-02-10 13:03:34,739 | INFO | No defined transition for current status: In Progress for ticket A15-2902
2026-02-10 13:03:34,739 | INFO | No defined transition for current status: In Progress for ticket A15-2902
2026-02-10 13:03:34,739 | INFO | No defined transition for current status: In Progress for ticket A15-2902
2026-02-10 13:03:34,739 | INFO | No defined transition for current status: In Progress for ticket A15-2902
2026-02-10 13:03:34,739 | INFO | No defined transition for current status: In Progress for ticket A15-2902
2026-02-10 13:03:34,740 | INFO | No defined transition for current status: In Progress for ticket A15-2902
2026-02-10 13:03:34,740 | INFO | No defined transition for current status: In Progress for ticket A15-2902
2026-02-10 13:03:34,740 | INFO | No defined transition for current status: In Progress for ticket A15-2902
2026-02-10 13:03:34,740 | INFO | No defined transition for current status: In Progress for ticket A15-2902
2026-02-10 13:03:34,740 | INFO | No defined transition for current status: In Progress for ticket A15-2902
2026-02-10 13:03:34,740 | INFO | No defined transition for current status: In Progress for ticket A15-2902
2026-02-10 13:03:34,740 | INFO | No defined transition for current status: In Progress for ticket A15-2902
2026-02-10 13:03:34,741 | INFO | No defined transition for current status: In Progress for ticket A15-2902
2026-02-10 13:03:34,741 | INFO | No defined transition for current status: In Progress for ticket A15-2902
2026-02-10 13:03:34,741 | INFO | No defined transition for current status: In Progress for ticket A15-2902
2026-02-10 13:03:34,741 | INFO | No defined transition for current status: In Progress for ticket A15-2902
2026-02-10 13:03:34,741 | INFO | No defined transition for current status: In Progress for ticket A15-2902
2026-02-10 13:03:34,741 | INFO | No defined transition for current status: In Progress for ticket A15-2902
2026-02-10 13:03:34,741 | INFO | No defined transition for current status: In Progress for ticket A15-2902
2026-02-10 13:03:34,741 | INFO | No defined transition for current status: In Progress for ticket A15-2902
2026-02-10 13:03:34,742 | INFO | No defined transition for current status: In Progress for ticket A15-2902
2026-02-10 13:03:34,742 | INFO | No defined transition for current status: In Progress for ticket A15-2902
2026-02-10 13:03:34,742 | INFO | No defined transition for current status: In Progress for ticket A15-2902
2026-02-10 13:03:34,742 | INFO | No defined transition for current status: In Progress for ticket A15-2902
2026-02-10 13:03:34,742 | INFO | No defined transition for current status: In Progress for ticket A15-2902
2026-02-10 13:03:34,742 | INFO | No defined transition for current status: In Progress for ticket A15-2902
2026-02-10 13:03:34,742 | INFO | No defined transition for current status: In Progress for ticket A15-2902
2026-02-10 13:03:34,743 | INFO | No defined transition for current status: In Progress for ticket A15-2902
2026-02-10 13:03:34,743 | INFO | No defined transition for current status: In Progress for ticket A15-2902
2026-02-10 13:03:34,743 | INFO | No defined transition for current status: In Progress for ticket A15-2902
2026-02-10 13:03:34,743 | INFO | No defined transition for current status: In Progress for ticket A15-2902
2026-02-10 13:03:34,744 | INFO | No defined transition for current status: In Progress for ticket A15-2902
2026-02-10 13:03:34,744 | INFO | No defined transition for current status: In Progress for ticket A15-2902
2026-02-10 13:03:34,744 | INFO | No defined transition for current status: In Progress for ticket A15-2902
2026-02-10 13:03:34,744 | INFO | No defined transition for current status: In Progress for ticket A15-2902
2026-02-10 13:03:34,744 | INFO | No defined transition for current status: In Progress for ticket A15-2902
2026-02-10 13:03:34,744 | INFO | No defined transition for current status: In Progress for ticket A15-2902
2026-02-10 13:03:34,744 | INFO | No defined transition for current status: In Progress for ticket A15-2902
2026-02-10 13:03:34,744 | INFO | No defined transition for current status: In Progress for ticket A15-2902
2026-02-10 13:03:34,745 | INFO | No defined transition for current status: In Progress for ticket A15-2902
2026-02-10 13:03:34,745 | INFO | No defined transition for current status: In Progress for ticket A15-2902
2026-02-10 13:03:34,745 | INFO | No defined transition for current status: In Progress for ticket A15-2902
2026-02-10 13:03:34,746 | INFO | No defined transition for current status: In Progress for ticket A15-2902
2026-02-10 13:03:34,746 | INFO | No defined transition for current status: In Progress for ticket A15-2902
2026-02-10 13:03:34,746 | INFO | No defined transition for current status: In Progress for ticket A15-2902
2026-02-10 13:03:34,746 | INFO | No defined transition for current status: In Progress for ticket A15-2902
2026-02-10 13:03:34,747 | INFO | No defined transition for current status: In Progress for ticket A15-2902
2026-02-10 13:03:34,747 | INFO | No defined transition for current status: In Progress for ticket A15-2902
2026-02-10 13:03:34,747 | INFO | No defined transition for current status: In Progress for ticket A15-2902
2026-02-10 13:03:34,747 | INFO | No defined transition for current status: In Progress for ticket A15-2902
2026-02-10 13:03:34,747 | INFO | No defined transition for current status: In Progress for ticket A15-2902
2026-02-10 13:03:34,747 | INFO | No defined transition for current status: In Progress for ticket A15-2902
2026-02-10 13:03:34,747 | INFO | No defined transition for current status: In Progress for ticket A15-2902
2026-02-10 13:03:34,748 | INFO | No defined transition for current status: In Progress for ticket A15-2902
2026-02-10 13:03:34,748 | INFO | No defined transition for current status: In Progress for ticket A15-2902
2026-02-10 13:03:34,748 | INFO | No defined transition for current status: In Progress for ticket A15-2902
2026-02-10 13:03:34,748 | INFO | No defined transition for current status: In Progress for ticket A15-2902
2026-02-10 13:03:34,749 | INFO | No defined transition for current status: In Progress for ticket A15-2902
2026-02-10 13:03:34,749 | INFO | No defined transition for current status: In Progress for ticket A15-2902
2026-02-10 13:03:34,750 | INFO | No defined transition for current status: In Progress for ticket A15-2902
2026-02-10 13:03:34,750 | INFO | No defined transition for current status: In Progress for ticket A15-2902
2026-02-10 13:03:34,751 | INFO | No defined transition for current status: In Progress for ticket A15-2902
2026-02-10 13:03:34,751 | INFO | No defined transition for current status: In Progress for ticket A15-2902
2026-02-10 13:03:34,752 | INFO | No defined transition for current status: In Progress for ticket A15-2902
2026-02-10 13:03:34,752 | INFO | No defined transition for current status: In Progress for ticket A15-2902
2026-02-10 13:03:34,753 | INFO | No defined transition for current status: In Progress for ticket A15-2902
2026-02-10 13:03:34,754 | INFO | No defined transition for current status: In Progress for ticket A15-2902
2026-02-10 13:03:34,754 | INFO | No defined transition for current status: In Progress for ticket A15-2902
2026-02-10 13:03:34,755 | INFO | No defined transition for current status: In Progress for ticket A15-2902
2026-02-10 13:03:34,756 | INFO | No defined transition for current status: In Progress for ticket A15-2902
2026-02-10 13:03:34,756 | INFO | No defined transition for current status: In Progress for ticket A15-2902
2026-02-10 13:03:34,757 | INFO | No defined transition for current status: In Progress for ticket A15-2902
2026-02-10 13:03:34,758 | INFO | No defined transition for current status: In Progress for ticket A15-2902
2026-02-10 13:03:34,758 | INFO | No defined transition for current status: In Progress for ticket A15-2902
2026-02-10 13:03:34,759 | INFO | No defined transition for current status: In Progress for ticket A15-2902
2026-02-10 13:03:34,760 | INFO | No defined transition for current status: In Progress for ticket A15-2902
2026-02-10 13:03:34,761 | INFO | No defined transition for current status: In Progress for ticket A15-2902
2026-02-10 13:03:34,761 | INFO | No defined transition for current status: In Progress for ticket A15-2902
2026-02-10 13:03:34,762 | INFO | No defined transition for current status: In Progress for ticket A15-2902
2026-02-10 13:03:34,763 | INFO | No defined transition for current status: In Progress for ticket A15-2902
2026-02-10 13:03:34,763 | INFO | No defined transition for current status: In Progress for ticket A15-2902
2026-02-10 13:03:34,764 | INFO | No defined transition for current status: In Progress for ticket A15-2902
2026-02-10 13:03:34,765 | INFO | No defined transition for current status: In Progress for ticket A15-2902
2026-02-10 13:03:34,765 | INFO | No defined transition for current status: In Progress for ticket A15-2902
2026-02-10 13:03:34,765 | INFO | No defined transition for current status: In Progress for ticket A15-2902
2026-02-10 13:03:34,766 | INFO | No defined transition for current status: In Progress for ticket A15-2902
2026-02-10 13:03:34,766 | INFO | No defined transition for current status: In Progress for ticket A15-2902
2026-02-10 13:03:34,767 | INFO | No defined transition for current status: In Progress for ticket A15-2902
2026-02-10 13:03:34,768 | INFO | No defined transition for current status: In Progress for ticket A15-2902
2026-02-10 13:03:34,768 | INFO | No defined transition for current status: In Progress for ticket A15-2902
2026-02-10 13:03:34,769 | INFO | No defined transition for current status: In Progress for ticket A15-2902
2026-02-10 13:03:34,770 | INFO | No defined transition for current status: In Progress for ticket A15-2902
2026-02-10 13:03:34,770 | INFO | No defined transition for current status: In Progress for ticket A15-2902
2026-02-10 13:03:34,771 | INFO | No defined transition for current status: In Progress for ticket A15-2902
2026-02-10 13:03:34,772 | INFO | No defined transition for current status: In Progress for ticket A15-2902
2026-02-10 13:03:34,772 | INFO | No defined transition for current status: In Progress for ticket A15-2902
2026-02-10 13:03:34,773 | INFO | No defined transition for current status: In Progress for ticket A15-2902
2026-02-10 13:03:34,774 | INFO | No defined transition for current status: In Progress for ticket A15-2902
2026-02-10 13:03:34,774 | INFO | No defined transition for current status: In Progress for ticket A15-2902
2026-02-10 13:03:34,775 | INFO | No defined transition for current status: In Progress for ticket A15-2902
2026-02-10 13:03:34,775 | INFO | No defined transition for current status: In Progress for ticket A15-2902
2026-02-10 13:03:34,776 | INFO | No defined transition for current status: In Progress for ticket A15-2902
2026-02-10 13:03:34,777 | INFO | No defined transition for current status: In Progress for ticket A15-2902
2026-02-10 13:03:34,778 | INFO | No defined transition for current status: In Progress for ticket A15-2902
2026-02-10 13:03:34,778 | INFO | No defined transition for current status: In Progress for ticket A15-2902
2026-02-10 13:03:34,779 | INFO | No defined transition for current status: In Progress for ticket A15-2902
2026-02-10 13:03:34,780 | INFO | No defined transition for current status: In Progress for ticket A15-2902
2026-02-10 13:03:34,780 | INFO | No defined transition for current status: In Progress for ticket A15-2902
2026-02-10 13:03:34,781 | INFO | No defined transition for current status: In Progress for ticket A15-2902
2026-02-10 13:03:34,781 | INFO | No defined transition for current status: In Progress for ticket A15-2902
2026-02-10 13:03:34,782 | INFO | No defined transition for current status: In Progress for ticket A15-2902
2026-02-10 13:03:34,783 | INFO | No defined transition for current status: In Progress for ticket A15-2902
2026-02-10 13:03:34,783 | INFO | No defined transition for current status: In Progress for ticket A15-2902
2026-02-10 13:03:34,783 | INFO | No defined transition for current status: In Progress for ticket A15-2902
2026-02-10 13:03:34,784 | INFO | No defined transition for current status: In Progress for ticket A15-2902
2026-02-10 13:03:34,785 | INFO | No defined transition for current status: In Progress for ticket A15-2902
2026-02-10 13:03:34,786 | INFO | No defined transition for current status: In Progress for ticket A15-2902
2026-02-10 13:03:34,786 | INFO | No defined transition for current status: In Progress for ticket A15-2902
2026-02-10 13:03:34,787 | INFO | No defined transition for current status: In Progress for ticket A15-2902
2026-02-10 13:03:34,788 | INFO | No defined transition for current status: In Progress for ticket A15-2902
2026-02-10 13:03:34,788 | INFO | No defined transition for current status: In Progress for ticket A15-2902
2026-02-10 13:03:34,789 | INFO | No defined transition for current status: In Progress for ticket A15-2902
2026-02-10 13:03:34,790 | INFO | No defined transition for current status: In Progress for ticket A15-2902
2026-02-10 13:03:34,790 | INFO | No defined transition for current status: In Progress for ticket A15-2902
2026-02-10 13:03:34,791 | INFO | No defined transition for current status: In Progress for ticket A15-2902
2026-02-10 13:03:34,792 | INFO | No defined transition for current status: In Progress for ticket A15-2902
2026-02-10 13:03:34,792 | INFO | No defined transition for current status: In Progress for ticket A15-2902
2026-02-10 13:03:34,793 | INFO | No defined transition for current status: In Progress for ticket A15-2902
2026-02-10 13:03:34,794 | INFO | No defined transition for current status: In Progress for ticket A15-2902
2026-02-10 13:03:34,795 | INFO | No defined transition for current status: In Progress for ticket A15-2902
2026-02-10 13:03:34,795 | INFO | No defined transition for current status: In Progress for ticket A15-2902
2026-02-10 13:03:34,796 | INFO | No defined transition for current status: In Progress for ticket A15-2902
2026-02-10 13:03:34,797 | INFO | No defined transition for current status: In Progress for ticket A15-2902
2026-02-10 13:03:34,798 | INFO | No defined transition for current status: In Progress for ticket A15-2902
2026-02-10 13:03:34,799 | INFO | No defined transition for current status: In Progress for ticket A15-2902
2026-02-10 13:03:34,799 | INFO | No defined transition for current status: In Progress for ticket A15-2902
2026-02-10 13:03:34,800 | INFO | No defined transition for current status: In Progress for ticket A15-2902
2026-02-10 13:03:34,801 | INFO | No defined transition for current status: In Progress for ticket A15-2902
2026-02-10 13:03:34,802 | INFO | No defined transition for current status: In Progress for ticket A15-2902
2026-02-10 13:03:34,803 | INFO | No defined transition for current status: In Progress for ticket A15-2902
2026-02-10 13:03:34,803 | INFO | No defined transition for current status: In Progress for ticket A15-2902
2026-02-10 13:03:34,804 | INFO | No defined transition for current status: In Progress for ticket A15-2902
2026-02-10 13:03:34,805 | INFO | No defined transition for current status: In Progress for ticket A15-2902
2026-02-10 13:03:34,806 | INFO | No defined transition for current status: In Progress for ticket A15-2902
2026-02-10 13:03:34,807 | INFO | No defined transition for current status: In Progress for ticket A15-2902
2026-02-10 13:03:34,809 | INFO | No defined transition for current status: In Progress for ticket A15-2902
2026-02-10 13:03:34,809 | INFO | No defined transition for current status: In Progress for ticket A15-2902
2026-02-10 13:03:34,810 | INFO | No defined transition for current status: In Progress for ticket A15-2902
2026-02-10 13:03:34,811 | INFO | No defined transition for current status: In Progress for ticket A15-2902
2026-02-10 13:03:34,812 | INFO | No defined transition for current status: In Progress for ticket A15-2902
2026-02-10 13:03:34,813 | INFO | No defined transition for current status: In Progress for ticket A15-2902
2026-02-10 13:03:34,814 | INFO | No defined transition for current status: In Progress for ticket A15-2902
2026-02-10 13:03:34,815 | INFO | No defined transition for current status: In Progress for ticket A15-2902
2026-02-10 13:03:34,815 | INFO | No defined transition for current status: In Progress for ticket A15-2902
2026-02-10 13:03:34,816 | INFO | No defined transition for current status: In Progress for ticket A15-2902
2026-02-10 13:03:34,817 | INFO | No defined transition for current status: In Progress for ticket A15-2902
2026-02-10 13:03:34,818 | INFO | No defined transition for current status: In Progress for ticket A15-2902
2026-02-10 13:03:34,819 | INFO | No defined transition for current status: In Progress for ticket A15-2902
2026-02-10 13:03:34,819 | INFO | No defined transition for current status: In Progress for ticket A15-2902
2026-02-10 13:03:34,820 | INFO | No defined transition for current status: In Progress for ticket A15-2902
2026-02-10 13:03:34,821 | INFO | No defined transition for current status: In Progress for ticket A15-2902
2026-02-10 13:03:34,822 | INFO | No defined transition for current status: In Progress for ticket A15-2902
2026-02-10 13:03:34,823 | INFO | No defined transition for current status: In Progress for ticket A15-2902
2026-02-10 13:03:34,824 | INFO | No defined transition for current status: In Progress for ticket A15-2902
2026-02-10 13:03:34,824 | INFO | No defined transition for current status: In Progress for ticket A15-2902
2026-02-10 13:03:34,825 | INFO | No defined transition for current status: In Progress for ticket A15-2902
2026-02-10 13:03:34,825 | INFO | No defined transition for current status: In Progress for ticket A15-2902
2026-02-10 13:03:34,826 | INFO | No defined transition for current status: In Progress for ticket A15-2902
2026-02-10 13:03:34,827 | INFO | No defined transition for current status: In Progress for ticket A15-2902
2026-02-10 13:03:34,828 | INFO | No defined transition for current status: In Progress for ticket A15-2902
2026-02-10 13:03:34,828 | INFO | No defined transition for current status: In Progress for ticket A15-2902
2026-02-10 13:03:34,829 | INFO | No defined transition for current status: In Progress for ticket A15-2902
2026-02-10 13:03:34,830 | INFO | No defined transition for current status: In Progress for ticket A15-2902
2026-02-10 13:03:34,831 | INFO | No defined transition for current status: In Progress for ticket A15-2902
2026-02-10 13:03:34,831 | INFO | No defined transition for current status: In Progress for ticket A15-2902
2026-02-10 13:03:34,832 | INFO | No defined transition for current status: In Progress for ticket A15-2902
2026-02-10 13:03:34,833 | INFO | No defined transition for current status: In Progress for ticket A15-2902
2026-02-10 13:03:34,834 | INFO | No defined transition for current status: In Progress for ticket A15-2902
2026-02-10 13:03:34,834 | INFO | No defined transition for current status: In Progress for ticket A15-2902
2026-02-10 13:03:34,835 | INFO | No defined transition for current status: In Progress for ticket A15-2902
2026-02-10 13:03:34,836 | INFO | No defined transition for current status: In Progress for ticket A15-2902
2026-02-10 13:03:34,837 | INFO | No defined transition for current status: In Progress for ticket A15-2902
2026-02-10 13:03:34,838 | INFO | No defined transition for current status: In Progress for ticket A15-2902
2026-02-10 13:03:34,838 | INFO | No defined transition for current status: In Progress for ticket A15-2902
2026-02-10 13:03:34,839 | INFO | No defined transition for current status: In Progress for ticket A15-2902
2026-02-10 13:03:34,840 | INFO | No defined transition for current status: In Progress for ticket A15-2902
2026-02-10 13:03:34,841 | INFO | No defined transition for current status: In Progress for ticket A15-2902
2026-02-10 13:03:34,841 | INFO | No defined transition for current status: In Progress for ticket A15-2902
2026-02-10 13:03:34,842 | INFO | No defined transition for current status: In Progress for ticket A15-2902
2026-02-10 13:03:34,842 | INFO | No defined transition for current status: In Progress for ticket A15-2902
2026-02-10 13:03:34,843 | INFO | No defined transition for current status: In Progress for ticket A15-2902
2026-02-10 13:03:34,844 | INFO | No defined transition for current status: In Progress for ticket A15-2902
2026-02-10 13:03:34,845 | INFO | No defined transition for current status: In Progress for ticket A15-2902
2026-02-10 13:03:34,845 | INFO | No defined transition for current status: In Progress for ticket A15-2902
2026-02-10 13:03:34,846 | INFO | No defined transition for current status: In Progress for ticket A15-2902
2026-02-10 13:03:34,847 | INFO | No defined transition for current status: In Progress for ticket A15-2902
2026-02-10 13:03:34,848 | INFO | No defined transition for current status: In Progress for ticket A15-2902
2026-02-10 13:03:34,848 | INFO | No defined transition for current status: In Progress for ticket A15-2902
2026-02-10 13:03:34,849 | INFO | No defined transition for current status: In Progress for ticket A15-2902
2026-02-10 13:03:34,850 | INFO | No defined transition for current status: In Progress for ticket A15-2902
2026-02-10 13:03:34,851 | INFO | No defined transition for current status: In Progress for ticket A15-2902
2026-02-10 13:03:34,852 | INFO | No defined transition for current status: In Progress for ticket A15-2902
2026-02-10 13:03:34,852 | INFO | No defined transition for current status: In Progress for ticket A15-2902
2026-02-10 13:03:34,853 | INFO | No defined transition for current status: In Progress for ticket A15-2902
2026-02-10 13:03:34,854 | INFO | No defined transition for current status: In Progress for ticket A15-2902
2026-02-10 13:03:34,854 | INFO | No defined transition for current status: In Progress for ticket A15-2902
2026-02-10 13:03:34,855 | INFO | No defined transition for current status: In Progress for ticket A15-2902
2026-02-10 13:03:34,856 | INFO | No defined transition for current status: In Progress for ticket A15-2902
2026-02-10 13:03:34,857 | INFO | No defined transition for current status: In Progress for ticket A15-2902
2026-02-10 13:03:34,858 | INFO | No defined transition for current status: In Progress for ticket A15-2902
2026-02-10 13:03:34,859 | INFO | No defined transition for current status: In Progress for ticket A15-2902
2026-02-10 13:03:34,859 | INFO | No defined transition for current status: In Progress for ticket A15-2902
2026-02-10 13:03:34,860 | INFO | No defined transition for current status: In Progress for ticket A15-2902
2026-02-10 13:03:34,861 | INFO | No defined transition for current status: In Progress for ticket A15-2902
2026-02-10 13:03:34,862 | INFO | No defined transition for current status: In Progress for ticket A15-2902
2026-02-10 13:03:34,863 | INFO | No defined transition for current status: In Progress for ticket A15-2902
2026-02-10 13:03:34,864 | INFO | No defined transition for current status: In Progress for ticket A15-2902
2026-02-10 13:03:34,865 | INFO | No defined transition for current status: In Progress for ticket A15-2902
2026-02-10 13:03:34,866 | INFO | No defined transition for current status: In Progress for ticket A15-2902
2026-02-10 13:03:34,866 | INFO | No defined transition for current status: In Progress for ticket A15-2902
2026-02-10 13:03:34,867 | INFO | No defined transition for current status: In Progress for ticket A15-2902
2026-02-10 13:03:34,867 | INFO | No defined transition for current status: In Progress for ticket A15-2902
2026-02-10 13:03:34,868 | INFO | No defined transition for current status: In Progress for ticket A15-2902
2026-02-10 13:03:34,869 | INFO | No defined transition for current status: In Progress for ticket A15-2902
2026-02-10 13:03:34,870 | INFO | No defined transition for current status: In Progress for ticket A15-2902
2026-02-10 13:03:34,871 | INFO | No defined transition for current status: In Progress for ticket A15-2902
2026-02-10 13:03:34,872 | INFO | No defined transition for current status: In Progress for ticket A15-2902
2026-02-10 13:03:34,873 | INFO | No defined transition for current status: In Progress for ticket A15-2902
2026-02-10 13:03:34,873 | INFO | No defined transition for current status: In Progress for ticket A15-2902
2026-02-10 13:03:34,874 | INFO | No defined transition for current status: In Progress for ticket A15-2902
2026-02-10 13:03:34,875 | INFO | No defined transition for current status: In Progress for ticket A15-2902
2026-02-10 13:03:34,876 | INFO | No defined transition for current status: In Progress for ticket A15-2902
2026-02-10 13:03:34,877 | INFO | No defined transition for current status: In Progress for ticket A15-2902
2026-02-10 13:03:34,878 | INFO | No defined transition for current status: In Progress for ticket A15-2902
2026-02-10 13:03:34,879 | INFO | No defined transition for current status: In Progress for ticket A15-2902
2026-02-10 13:03:34,880 | INFO | No defined transition for current status: In Progress for ticket A15-2902
2026-02-10 13:03:34,880 | INFO | No defined transition for current status: In Progress for ticket A15-2902
2026-02-10 13:03:34,881 | INFO | No defined transition for current status: In Progress for ticket A15-2902
2026-02-10 13:03:34,882 | INFO | No defined transition for current status: In Progress for ticket A15-2902
2026-02-10 13:03:34,882 | INFO | No defined transition for current status: In Progress for ticket A15-2902
2026-02-10 13:03:34,883 | INFO | No defined transition for current status: In Progress for ticket A15-2902
2026-02-10 13:03:34,883 | INFO | No defined transition for current status: In Progress for ticket A15-2902
2026-02-10 13:03:34,884 | INFO | No defined transition for current status: In Progress for ticket A15-2902
2026-02-10 13:03:34,885 | INFO | No defined transition for current status: In Progress for ticket A15-2902
2026-02-10 13:03:34,886 | INFO | No defined transition for current status: In Progress for ticket A15-2902
2026-02-10 13:03:34,886 | INFO | No defined transition for current status: In Progress for ticket A15-2902
2026-02-10 13:03:34,887 | INFO | No defined transition for current status: In Progress for ticket A15-2902
2026-02-10 13:03:34,888 | INFO | No defined transition for current status: In Progress for ticket A15-2902
2026-02-10 13:03:34,889 | INFO | No defined transition for current status: In Progress for ticket A15-2902
2026-02-10 13:03:34,889 | INFO | No defined transition for current status: In Progress for ticket A15-2902
2026-02-10 13:03:34,890 | INFO | No defined transition for current status: In Progress for ticket A15-2902
2026-02-10 13:03:34,891 | INFO | No defined transition for current status: In Progress for ticket A15-2902
2026-02-10 13:03:34,891 | INFO | No defined transition for current status: In Progress for ticket A15-2902
2026-02-10 13:03:34,892 | INFO | No defined transition for current status: In Progress for ticket A15-2902
2026-02-10 13:03:34,893 | INFO | No defined transition for current status: In Progress for ticket A15-2902
2026-02-10 13:03:34,893 | INFO | No defined transition for current status: In Progress for ticket A15-2902
2026-02-10 13:03:34,894 | INFO | No defined transition for current status: In Progress for ticket A15-2902
2026-02-10 13:03:34,895 | INFO | No defined transition for current status: In Progress for ticket A15-2902
2026-02-10 13:03:34,895 | INFO | No defined transition for current status: In Progress for ticket A15-2902
2026-02-10 13:03:34,896 | INFO | No defined transition for current status: In Progress for ticket A15-2902
2026-02-10 13:03:34,897 | INFO | No defined transition for current status: In Progress for ticket A15-2902
2026-02-10 13:03:34,897 | INFO | No defined transition for current status: In Progress for ticket A15-2902
2026-02-10 13:03:34,898 | INFO | No defined transition for current status: In Progress for ticket A15-2902
2026-02-10 13:03:34,899 | INFO | No defined transition for current status: In Progress for ticket A15-2902
2026-02-10 13:03:34,899 | INFO | No defined transition for current status: In Progress for ticket A15-2902
2026-02-10 13:03:34,900 | INFO | No defined transition for current status: In Progress for ticket A15-2902
2026-02-10 13:03:34,901 | INFO | No defined transition for current status: In Progress for ticket A15-2902
2026-02-10 13:03:34,902 | INFO | No defined transition for current status: In Progress for ticket A15-2902
2026-02-10 13:03:34,902 | INFO | No defined transition for current status: In Progress for ticket A15-2902
2026-02-10 13:03:34,903 | INFO | No defined transition for current status: In Progress for ticket A15-2902
2026-02-10 13:03:34,904 | INFO | No defined transition for current status: In Progress for ticket A15-2902
2026-02-10 13:03:34,905 | INFO | No defined transition for current status: In Progress for ticket A15-2902
2026-02-10 13:03:34,906 | INFO | No defined transition for current status: In Progress for ticket A15-2902
2026-02-10 13:03:34,907 | INFO | No defined transition for current status: In Progress for ticket A15-2902
2026-02-10 13:03:34,908 | INFO | No defined transition for current status: In Progress for ticket A15-2902
2026-02-10 13:03:34,909 | INFO | No defined transition for current status: In Progress for ticket A15-2902
2026-02-10 13:03:34,910 | INFO | No defined transition for current status: In Progress for ticket A15-2902
2026-02-10 13:03:34,910 | INFO | No defined transition for current status: In Progress for ticket A15-2902
2026-02-10 13:03:34,911 | INFO | No defined transition for current status: In Progress for ticket A15-2902
2026-02-10 13:03:34,912 | INFO | No defined transition for current status: In Progress for ticket A15-2902
2026-02-10 13:03:34,913 | INFO | No defined transition for current status: In Progress for ticket A15-2902
2026-02-10 13:03:34,914 | INFO | No defined transition for current status: In Progress for ticket A15-2902
2026-02-10 13:03:34,915 | INFO | No defined transition for current status: In Progress for ticket A15-2902
2026-02-10 13:03:34,916 | INFO | No defined transition for current status: In Progress for ticket A15-2902
2026-02-10 13:03:34,916 | INFO | No defined transition for current status: In Progress for ticket A15-2902
2026-02-10 13:03:34,917 | INFO | No defined transition for current status: In Progress for ticket A15-2902
2026-02-10 13:03:34,918 | INFO | No defined transition for current status: In Progress for ticket A15-2902
2026-02-10 13:03:34,919 | INFO | No defined transition for current status: In Progress for ticket A15-2902
2026-02-10 13:03:34,919 | INFO | No defined transition for current status: In Progress for ticket A15-2902
2026-02-10 13:03:34,920 | INFO | No defined transition for current status: In Progress for ticket A15-2902
2026-02-10 13:03:34,921 | INFO | No defined transition for current status: In Progress for ticket A15-2902
2026-02-10 13:03:34,922 | INFO | No defined transition for current status: In Progress for ticket A15-2902
2026-02-10 13:03:34,923 | INFO | No defined transition for current status: In Progress for ticket A15-2902
2026-02-10 13:03:34,925 | INFO | No defined transition for current status: In Progress for ticket A15-2902
2026-02-10 13:03:34,926 | INFO | No defined transition for current status: In Progress for ticket A15-2902
2026-02-10 13:03:34,927 | INFO | No defined transition for current status: In Progress for ticket A15-2902
2026-02-10 13:03:34,928 | INFO | No defined transition for current status: In Progress for ticket A15-2902
2026-02-10 13:03:34,929 | INFO | No defined transition for current status: In Progress for ticket A15-2902
2026-02-10 13:03:34,930 | INFO | No defined transition for current status: In Progress for ticket A15-2902
2026-02-10 13:03:34,931 | INFO | No defined transition for current status: In Progress for ticket A15-2902
2026-02-10 13:03:34,932 | INFO | No defined transition for current status: In Progress for ticket A15-2902
2026-02-10 13:03:34,932 | INFO | No defined transition for current status: In Progress for ticket A15-2902
2026-02-10 13:03:34,934 | INFO | No defined transition for current status: In Progress for ticket A15-2902
2026-02-10 13:03:34,935 | INFO | No defined transition for current status: In Progress for ticket A15-2902
2026-02-10 13:03:34,936 | INFO | No defined transition for current status: In Progress for ticket A15-2902
2026-02-10 13:03:34,936 | INFO | No defined transition for current status: In Progress for ticket A15-2902
2026-02-10 13:03:34,937 | INFO | No defined transition for current status: In Progress for ticket A15-2902
2026-02-10 13:03:34,938 | INFO | No defined transition for current status: In Progress for ticket A15-2902
2026-02-10 13:03:34,938 | INFO | No defined transition for current status: In Progress for ticket A15-2902
2026-02-10 13:03:34,939 | INFO | No defined transition for current status: In Progress for ticket A15-2902
2026-02-10 13:03:34,941 | INFO | No defined transition for current status: In Progress for ticket A15-2902
2026-02-10 13:03:34,942 | INFO | No defined transition for current status: In Progress for ticket A15-2902
2026-02-10 13:03:34,942 | INFO | No defined transition for current status: In Progress for ticket A15-2902
2026-02-10 13:03:34,943 | INFO | No defined transition for current status: In Progress for ticket A15-2902
2026-02-10 13:03:34,944 | INFO | No defined transition for current status: In Progress for ticket A15-2902
2026-02-10 13:03:34,944 | INFO | No defined transition for current status: In Progress for ticket A15-2902
2026-02-10 13:03:34,945 | INFO | No defined transition for current status: In Progress for ticket A15-2902
2026-02-10 13:03:34,945 | INFO | No defined transition for current status: In Progress for ticket A15-2902
2026-02-10 13:03:34,946 | INFO | No defined transition for current status: In Progress for ticket A15-2902
2026-02-10 13:03:34,947 | INFO | No defined transition for current status: In Progress for ticket A15-2902
2026-02-10 13:03:34,947 | INFO | No defined transition for current status: In Progress for ticket A15-2902
2026-02-10 13:03:34,948 | INFO | No defined transition for current status: In Progress for ticket A15-2902
2026-02-10 13:03:34,949 | INFO | No defined transition for current status: In Progress for ticket A15-2902
2026-02-10 13:03:34,950 | INFO | No defined transition for current status: In Progress for ticket A15-2902
2026-02-10 13:03:34,951 | INFO | No defined transition for current status: In Progress for ticket A15-2902
2026-02-10 13:03:34,952 | INFO | No defined transition for current status: In Progress for ticket A15-2902
2026-02-10 13:03:34,953 | INFO | No defined transition for current status: In Progress for ticket A15-2902
2026-02-10 13:03:34,953 | INFO | No defined transition for current status: In Progress for ticket A15-2902
2026-02-10 13:03:34,954 | INFO | No defined transition for current status: In Progress for ticket A15-2902
2026-02-10 13:03:34,954 | INFO | No defined transition for current status: In Progress for ticket A15-2902
2026-02-10 13:03:34,955 | INFO | No defined transition for current status: In Progress for ticket A15-2902
2026-02-10 13:03:34,955 | INFO | No defined transition for current status: In Progress for ticket A15-2902
2026-02-10 13:03:34,956 | INFO | No defined transition for current status: In Progress for ticket A15-2902
2026-02-10 13:03:34,956 | INFO | No defined transition for current status: In Progress for ticket A15-2902
2026-02-10 13:03:34,957 | INFO | No defined transition for current status: In Progress for ticket A15-2902
2026-02-10 13:03:34,957 | INFO | No defined transition for current status: In Progress for ticket A15-2902
2026-02-10 13:03:34,959 | INFO | No defined transition for current status: In Progress for ticket A15-2902
2026-02-10 13:03:34,959 | INFO | No defined transition for current status: In Progress for ticket A15-2902
2026-02-10 13:03:34,959 | INFO | No defined transition for current status: In Progress for ticket A15-2902
2026-02-10 13:03:34,961 | INFO | No defined transition for current status: In Progress for ticket A15-2902
2026-02-10 13:03:34,961 | INFO | No defined transition for current status: In Progress for ticket A15-2902
2026-02-10 13:03:34,962 | INFO | No defined transition for current status: In Progress for ticket A15-2902
2026-02-10 13:03:34,962 | INFO | No defined transition for current status: In Progress for ticket A15-2902
2026-02-10 13:03:34,962 | INFO | No defined transition for current status: In Progress for ticket A15-2902
2026-02-10 13:03:34,962 | INFO | No defined transition for current status: In Progress for ticket A15-2902
2026-02-10 13:03:34,963 | INFO | No defined transition for current status: In Progress for ticket A15-2902
2026-02-10 13:03:34,964 | INFO | No defined transition for current status: In Progress for ticket A15-2902
2026-02-10 13:03:34,964 | INFO | No defined transition for current status: In Progress for ticket A15-2902
2026-02-10 13:03:34,965 | INFO | No defined transition for current status: In Progress for ticket A15-2902
2026-02-10 13:03:34,966 | INFO | No defined transition for current status: In Progress for ticket A15-2902
2026-02-10 13:03:34,967 | INFO | No defined transition for current status: In Progress for ticket A15-2902
2026-02-10 13:03:34,967 | INFO | No defined transition for current status: In Progress for ticket A15-2902
2026-02-10 13:03:34,968 | INFO | No defined transition for current status: In Progress for ticket A15-2902
2026-02-10 13:03:34,968 | INFO | No defined transition for current status: In Progress for ticket A15-2902
2026-02-10 13:03:34,969 | INFO | No defined transition for current status: In Progress for ticket A15-2902
2026-02-10 13:03:34,969 | INFO | No defined transition for current status: In Progress for ticket A15-2902
2026-02-10 13:03:34,970 | INFO | No defined transition for current status: In Progress for ticket A15-2902
2026-02-10 13:03:34,971 | INFO | No defined transition for current status: In Progress for ticket A15-2902
2026-02-10 13:03:34,971 | INFO | No defined transition for current status: In Progress for ticket A15-2902
2026-02-10 13:03:34,972 | INFO | No defined transition for current status: In Progress for ticket A15-2902
2026-02-10 13:03:34,972 | INFO | No defined transition for current status: In Progress for ticket A15-2902
2026-02-10 13:03:34,973 | INFO | No defined transition for current status: In Progress for ticket A15-2902
2026-02-10 13:03:34,974 | INFO | No defined transition for current status: In Progress for ticket A15-2902
2026-02-10 13:03:34,974 | INFO | No defined transition for current status: In Progress for ticket A15-2902
2026-02-10 13:03:34,975 | INFO | No defined transition for current status: In Progress for ticket A15-2902
2026-02-10 13:03:34,975 | INFO | No defined transition for current status: In Progress for ticket A15-2902
2026-02-10 13:03:34,976 | INFO | No defined transition for current status: In Progress for ticket A15-2902
2026-02-10 13:03:34,976 | INFO | No defined transition for current status: In Progress for ticket A15-2902
2026-02-10 13:03:34,977 | INFO | No defined transition for current status: In Progress for ticket A15-2902
2026-02-10 13:03:34,978 | INFO | No defined transition for current status: In Progress for ticket A15-2902
2026-02-10 13:03:34,978 | INFO | No defined transition for current status: In Progress for ticket A15-2902
2026-02-10 13:03:34,979 | INFO | No defined transition for current status: In Progress for ticket A15-2902
2026-02-10 13:03:34,980 | INFO | No defined transition for current status: In Progress for ticket A15-2902
2026-02-10 13:03:34,980 | INFO | No defined transition for current status: In Progress for ticket A15-2902
2026-02-10 13:03:34,981 | INFO | No defined transition for current status: In Progress for ticket A15-2902
2026-02-10 13:03:34,981 | INFO | No defined transition for current status: In Progress for ticket A15-2902
2026-02-10 13:03:34,982 | INFO | No defined transition for current status: In Progress for ticket A15-2902
2026-02-10 13:03:34,982 | INFO | No defined transition for current status: In Progress for ticket A15-2902
2026-02-10 13:03:34,983 | INFO | No defined transition for current status: In Progress for ticket A15-2902
2026-02-10 13:03:34,984 | INFO | No defined transition for current status: In Progress for ticket A15-2902
2026-02-10 13:03:34,984 | INFO | No defined transition for current status: In Progress for ticket A15-2902
2026-02-10 13:03:34,985 | INFO | No defined transition for current status: In Progress for ticket A15-2902
2026-02-10 13:03:34,986 | INFO | No defined transition for current status: In Progress for ticket A15-2902
2026-02-10 13:03:34,986 | INFO | No defined transition for current status: In Progress for ticket A15-2902
2026-02-10 13:03:34,987 | INFO | No defined transition for current status: In Progress for ticket A15-2902
2026-02-10 13:03:34,987 | INFO | No defined transition for current status: In Progress for ticket A15-2902
2026-02-10 13:03:34,988 | INFO | No defined transition for current status: In Progress for ticket A15-2902
2026-02-10 13:03:34,989 | INFO | No defined transition for current status: In Progress for ticket A15-2902
2026-02-10 13:03:34,989 | INFO | No defined transition for current status: In Progress for ticket A15-2902
2026-02-10 13:03:34,990 | INFO | No defined transition for current status: In Progress for ticket A15-2902
2026-02-10 13:03:34,990 | INFO | No defined transition for current status: In Progress for ticket A15-2902
2026-02-10 13:03:34,991 | INFO | No defined transition for current status: In Progress for ticket A15-2902
2026-02-10 13:03:34,991 | INFO | No defined transition for current status: In Progress for ticket A15-2902
2026-02-10 13:03:34,992 | INFO | No defined transition for current status: In Progress for ticket A15-2902
2026-02-10 13:03:34,992 | INFO | No defined transition for current status: In Progress for ticket A15-2902
2026-02-10 13:03:34,993 | INFO | No defined transition for current status: In Progress for ticket A15-2902
2026-02-10 13:03:34,994 | INFO | No defined transition for current status: In Progress for ticket A15-2902
2026-02-10 13:03:34,994 | INFO | No defined transition for current status: In Progress for ticket A15-2902
2026-02-10 13:03:34,995 | INFO | No defined transition for current status: In Progress for ticket A15-2902
2026-02-10 13:03:34,995 | INFO | No defined transition for current status: In Progress for ticket A15-2902
2026-02-10 13:03:34,997 | INFO | No defined transition for current status: In Progress for ticket A15-2902
2026-02-10 13:03:34,998 | INFO | No defined transition for current status: In Progress for ticket A15-2902
2026-02-10 13:03:34,998 | INFO | No defined transition for current status: In Progress for ticket A15-2902
2026-02-10 13:03:34,999 | INFO | No defined transition for current status: In Progress for ticket A15-2902
2026-02-10 13:03:34,999 | INFO | No defined transition for current status: In Progress for ticket A15-2902
2026-02-10 13:03:35,000 | INFO | No defined transition for current status: In Progress for ticket A15-2902
2026-02-10 13:03:35,000 | INFO | No defined transition for current status: In Progress for ticket A15-2902
2026-02-10 13:03:35,001 | INFO | No defined transition for current status: In Progress for ticket A15-2902
2026-02-10 13:03:35,002 | INFO | No defined transition for current status: In Progress for ticket A15-2902
2026-02-10 13:03:35,002 | INFO | No defined transition for current status: In Progress for ticket A15-2902
2026-02-10 13:03:35,003 | INFO | No defined transition for current status: In Progress for ticket A15-2902
2026-02-10 13:03:35,004 | INFO | No defined transition for current status: In Progress for ticket A15-2902
2026-02-10 13:03:35,004 | INFO | No defined transition for current status: In Progress for ticket A15-2902
2026-02-10 13:03:35,004 | INFO | No defined transition for current status: In Progress for ticket A15-2902
2026-02-10 13:03:35,005 | INFO | No defined transition for current status: In Progress for ticket A15-2902
2026-02-10 13:03:35,006 | INFO | No defined transition for current status: In Progress for ticket A15-2902
2026-02-10 13:03:35,006 | INFO | No defined transition for current status: In Progress for ticket A15-2902
2026-02-10 13:03:35,007 | INFO | No defined transition for current status: In Progress for ticket A15-2902
2026-02-10 13:03:35,008 | INFO | No defined transition for current status: In Progress for ticket A15-2902
2026-02-10 13:03:35,008 | INFO | No defined transition for current status: In Progress for ticket A15-2902
2026-02-10 13:03:35,009 | INFO | No defined transition for current status: In Progress for ticket A15-2902
2026-02-10 13:03:35,010 | INFO | No defined transition for current status: In Progress for ticket A15-2902
2026-02-10 13:03:35,010 | INFO | No defined transition for current status: In Progress for ticket A15-2902
2026-02-10 13:03:35,011 | INFO | No defined transition for current status: In Progress for ticket A15-2902
2026-02-10 13:03:35,012 | INFO | No defined transition for current status: In Progress for ticket A15-2902
2026-02-10 13:03:35,012 | INFO | No defined transition for current status: In Progress for ticket A15-2902
2026-02-10 13:03:35,013 | INFO | No defined transition for current status: In Progress for ticket A15-2902
2026-02-10 13:03:35,013 | INFO | No defined transition for current status: In Progress for ticket A15-2902
2026-02-10 13:03:35,014 | INFO | No defined transition for current status: In Progress for ticket A15-2902
2026-02-10 13:03:35,015 | INFO | No defined transition for current status: In Progress for ticket A15-2902
2026-02-10 13:03:35,015 | INFO | No defined transition for current status: In Progress for ticket A15-2902
2026-02-10 13:03:35,016 | INFO | No defined transition for current status: In Progress for ticket A15-2902
2026-02-10 13:03:35,016 | INFO | No defined transition for current status: In Progress for ticket A15-2902
2026-02-10 13:03:35,017 | INFO | No defined transition for current status: In Progress for ticket A15-2902
2026-02-10 13:03:35,018 | INFO | No defined transition for current status: In Progress for ticket A15-2902
2026-02-10 13:03:35,018 | INFO | No defined transition for current status: In Progress for ticket A15-2902
2026-02-10 13:03:35,019 | INFO | No defined transition for current status: In Progress for ticket A15-2902
2026-02-10 13:03:35,020 | INFO | No defined transition for current status: In Progress for ticket A15-2902
2026-02-10 13:03:35,021 | INFO | No defined transition for current status: In Progress for ticket A15-2902
2026-02-10 13:03:35,021 | INFO | No defined transition for current status: In Progress for ticket A15-2902
2026-02-10 13:03:35,022 | INFO | No defined transition for current status: In Progress for ticket A15-2902
2026-02-10 13:03:35,023 | INFO | No defined transition for current status: In Progress for ticket A15-2902
2026-02-10 13:03:35,024 | INFO | No defined transition for current status: In Progress for ticket A15-2902
2026-02-10 13:03:35,024 | INFO | No defined transition for current status: In Progress for ticket A15-2902
2026-02-10 13:03:35,025 | INFO | No defined transition for current status: In Progress for ticket A15-2902
2026-02-10 13:03:35,026 | INFO | No defined transition for current status: In Progress for ticket A15-2902
2026-02-10 13:03:35,026 | INFO | No defined transition for current status: In Progress for ticket A15-2902
2026-02-10 13:03:35,027 | INFO | No defined transition for current status: In Progress for ticket A15-2902
2026-02-10 13:03:35,028 | INFO | No defined transition for current status: In Progress for ticket A15-2902
2026-02-10 13:03:35,029 | INFO | No defined transition for current status: In Progress for ticket A15-2902
2026-02-10 13:03:35,030 | INFO | No defined transition for current status: In Progress for ticket A15-2902
2026-02-10 13:03:35,030 | INFO | No defined transition for current status: In Progress for ticket A15-2902
2026-02-10 13:03:35,031 | INFO | No defined transition for current status: In Progress for ticket A15-2902
2026-02-10 13:03:35,032 | INFO | No defined transition for current status: In Progress for ticket A15-2902
2026-02-10 13:03:35,032 | INFO | No defined transition for current status: In Progress for ticket A15-2902
2026-02-10 13:03:35,033 | INFO | No defined transition for current status: In Progress for ticket A15-2902
2026-02-10 13:03:35,034 | INFO | No defined transition for current status: In Progress for ticket A15-2902
2026-02-10 13:03:35,034 | INFO | No defined transition for current status: In Progress for ticket A15-2902
2026-02-10 13:03:35,035 | INFO | No defined transition for current status: In Progress for ticket A15-2902
2026-02-10 13:03:35,035 | INFO | No defined transition for current status: In Progress for ticket A15-2902
2026-02-10 13:03:35,036 | INFO | No defined transition for current status: In Progress for ticket A15-2902
2026-02-10 13:03:35,037 | INFO | No defined transition for current status: In Progress for ticket A15-2902
2026-02-10 13:03:35,037 | INFO | No defined transition for current status: In Progress for ticket A15-2902
2026-02-10 13:03:35,038 | INFO | No defined transition for current status: In Progress for ticket A15-2902
2026-02-10 13:03:35,038 | INFO | No defined transition for current status: In Progress for ticket A15-2902
2026-02-10 13:03:35,039 | INFO | No defined transition for current status: In Progress for ticket A15-2902
2026-02-10 13:03:35,039 | INFO | No defined transition for current status: In Progress for ticket A15-2902
2026-02-10 13:03:35,040 | INFO | No defined transition for current status: In Progress for ticket A15-2902
2026-02-10 13:03:35,040 | INFO | No defined transition for current status: In Progress for ticket A15-2902
2026-02-10 13:03:35,041 | INFO | No defined transition for current status: In Progress for ticket A15-2902
2026-02-10 13:03:35,041 | INFO | No defined transition for current status: In Progress for ticket A15-2902
2026-02-10 13:03:35,042 | INFO | No defined transition for current status: In Progress for ticket A15-2902
2026-02-10 13:03:35,042 | INFO | No defined transition for current status: In Progress for ticket A15-2902
2026-02-10 13:03:35,043 | INFO | No defined transition for current status: In Progress for ticket A15-2902
2026-02-10 13:03:35,044 | INFO | No defined transition for current status: In Progress for ticket A15-2902
2026-02-10 13:03:35,044 | INFO | No defined transition for current status: In Progress for ticket A15-2902
2026-02-10 13:03:35,045 | INFO | No defined transition for current status: In Progress for ticket A15-2902
2026-02-10 13:03:35,046 | INFO | No defined transition for current status: In Progress for ticket A15-2902
2026-02-10 13:03:35,046 | INFO | No defined transition for current status: In Progress for ticket A15-2902
2026-02-10 13:03:35,047 | INFO | No defined transition for current status: In Progress for ticket A15-2902
2026-02-10 13:03:35,048 | INFO | No defined transition for current status: In Progress for ticket A15-2902
2026-02-10 13:03:35,048 | INFO | No defined transition for current status: In Progress for ticket A15-2902
2026-02-10 13:03:35,049 | INFO | No defined transition for current status: In Progress for ticket A15-2902
2026-02-10 13:03:35,049 | INFO | No defined transition for current status: In Progress for ticket A15-2902
2026-02-10 13:03:35,050 | INFO | No defined transition for current status: In Progress for ticket A15-2902
2026-02-10 13:03:35,051 | INFO | No defined transition for current status: In Progress for ticket A15-2902
2026-02-10 13:03:35,051 | INFO | No defined transition for current status: In Progress for ticket A15-2902
2026-02-10 13:03:35,052 | INFO | No defined transition for current status: In Progress for ticket A15-2902
2026-02-10 13:03:35,053 | INFO | No defined transition for current status: In Progress for ticket A15-2902
2026-02-10 13:03:35,054 | INFO | No defined transition for current status: In Progress for ticket A15-2902
2026-02-10 13:03:35,055 | INFO | No defined transition for current status: In Progress for ticket A15-2902
2026-02-10 13:03:35,055 | INFO | No defined transition for current status: In Progress for ticket A15-2902
2026-02-10 13:03:35,056 | INFO | No defined transition for current status: In Progress for ticket A15-2902
2026-02-10 13:03:35,057 | INFO | No defined transition for current status: In Progress for ticket A15-2902
2026-02-10 13:03:35,058 | INFO | No defined transition for current status: In Progress for ticket A15-2902
2026-02-10 13:03:35,059 | INFO | No defined transition for current status: In Progress for ticket A15-2902
2026-02-10 13:03:35,060 | INFO | No defined transition for current status: In Progress for ticket A15-2902
2026-02-10 13:03:35,060 | INFO | No defined transition for current status: In Progress for ticket A15-2902
2026-02-10 13:03:35,061 | INFO | No defined transition for current status: In Progress for ticket A15-2902
2026-02-10 13:03:35,062 | INFO | No defined transition for current status: In Progress for ticket A15-2902
2026-02-10 13:03:35,063 | INFO | No defined transition for current status: In Progress for ticket A15-2902
2026-02-10 13:03:35,063 | INFO | No defined transition for current status: In Progress for ticket A15-2902
2026-02-10 13:03:35,065 | INFO | No defined transition for current status: In Progress for ticket A15-2902
2026-02-10 13:03:35,065 | INFO | No defined transition for current status: In Progress for ticket A15-2902
2026-02-10 13:03:35,066 | INFO | No defined transition for current status: In Progress for ticket A15-2902
2026-02-10 13:03:35,067 | INFO | No defined transition for current status: In Progress for ticket A15-2902
2026-02-10 13:03:35,067 | INFO | No defined transition for current status: In Progress for ticket A15-2902
2026-02-10 13:03:35,069 | INFO | No defined transition for current status: In Progress for ticket A15-2902
2026-02-10 13:03:35,069 | INFO | No defined transition for current status: In Progress for ticket A15-2902
2026-02-10 13:03:35,070 | INFO | No defined transition for current status: In Progress for ticket A15-2902
2026-02-10 13:03:35,072 | INFO | No defined transition for current status: In Progress for ticket A15-2902
2026-02-10 13:03:35,072 | INFO | No defined transition for current status: In Progress for ticket A15-2902
2026-02-10 13:03:35,073 | INFO | No defined transition for current status: In Progress for ticket A15-2902
2026-02-10 13:03:35,073 | INFO | No defined transition for current status: In Progress for ticket A15-2902
2026-02-10 13:03:35,074 | INFO | No defined transition for current status: In Progress for ticket A15-2902
2026-02-10 13:03:35,075 | INFO | No defined transition for current status: In Progress for ticket A15-2902
2026-02-10 13:03:35,076 | INFO | No defined transition for current status: In Progress for ticket A15-2902
2026-02-10 13:03:35,077 | INFO | No defined transition for current status: In Progress for ticket A15-2902
2026-02-10 13:03:35,077 | INFO | No defined transition for current status: In Progress for ticket A15-2902
2026-02-10 13:03:35,078 | INFO | No defined transition for current status: In Progress for ticket A15-2902
2026-02-10 13:03:35,079 | INFO | No defined transition for current status: In Progress for ticket A15-2902
2026-02-10 13:03:35,080 | INFO | No defined transition for current status: In Progress for ticket A15-2902
2026-02-10 13:03:35,081 | INFO | No defined transition for current status: In Progress for ticket A15-2902
2026-02-10 13:03:35,082 | INFO | No defined transition for current status: In Progress for ticket A15-2902
2026-02-10 13:03:35,082 | INFO | No defined transition for current status: In Progress for ticket A15-2902
2026-02-10 13:03:35,083 | INFO | No defined transition for current status: In Progress for ticket A15-2902
2026-02-10 13:03:35,084 | INFO | No defined transition for current status: In Progress for ticket A15-2902
2026-02-10 13:03:35,085 | INFO | No defined transition for current status: In Progress for ticket A15-2902
2026-02-10 13:03:35,086 | INFO | No defined transition for current status: In Progress for ticket A15-2902
2026-02-10 13:03:35,087 | INFO | No defined transition for current status: In Progress for ticket A15-2902
2026-02-10 13:03:35,088 | INFO | No defined transition for current status: In Progress for ticket A15-2902
2026-02-10 13:03:35,089 | INFO | No defined transition for current status: In Progress for ticket A15-2902
2026-02-10 13:03:35,089 | INFO | No defined transition for current status: In Progress for ticket A15-2902
2026-02-10 13:03:35,090 | INFO | No defined transition for current status: In Progress for ticket A15-2902
2026-02-10 13:03:35,090 | INFO | No defined transition for current status: In Progress for ticket A15-2902
2026-02-10 13:03:35,091 | INFO | No defined transition for current status: In Progress for ticket A15-2902
2026-02-10 13:03:35,092 | INFO | No defined transition for current status: In Progress for ticket A15-2902
2026-02-10 13:03:35,092 | INFO | No defined transition for current status: In Progress for ticket A15-2902
2026-02-10 13:03:35,093 | INFO | No defined transition for current status: In Progress for ticket A15-2902
2026-02-10 13:03:35,093 | INFO | No defined transition for current status: In Progress for ticket A15-2902
2026-02-10 13:03:35,094 | INFO | No defined transition for current status: In Progress for ticket A15-2902
2026-02-10 13:03:35,095 | INFO | No defined transition for current status: In Progress for ticket A15-2902
2026-02-10 13:03:35,095 | INFO | No defined transition for current status: In Progress for ticket A15-2902
2026-02-10 13:03:35,096 | INFO | No defined transition for current status: In Progress for ticket A15-2902
2026-02-10 13:03:35,097 | INFO | No defined transition for current status: In Progress for ticket A15-2902
2026-02-10 13:03:35,097 | INFO | No defined transition for current status: In Progress for ticket A15-2902
2026-02-10 13:03:35,098 | INFO | No defined transition for current status: In Progress for ticket A15-2902
2026-02-10 13:03:35,099 | INFO | No defined transition for current status: In Progress for ticket A15-2902
2026-02-10 13:03:35,099 | INFO | No defined transition for current status: In Progress for ticket A15-2902
2026-02-10 13:03:35,100 | INFO | No defined transition for current status: In Progress for ticket A15-2902
2026-02-10 13:03:35,101 | INFO | No defined transition for current status: In Progress for ticket A15-2902
2026-02-10 13:03:35,101 | INFO | No defined transition for current status: In Progress for ticket A15-2902
2026-02-10 13:03:35,102 | INFO | No defined transition for current status: In Progress for ticket A15-2902
2026-02-10 13:03:35,102 | INFO | No defined transition for current status: In Progress for ticket A15-2902
2026-02-10 13:03:35,103 | INFO | No defined transition for current status: In Progress for ticket A15-2902
2026-02-10 13:03:35,104 | INFO | No defined transition for current status: In Progress for ticket A15-2902
2026-02-10 13:03:35,104 | INFO | No defined transition for current status: In Progress for ticket A15-2902
2026-02-10 13:03:35,106 | INFO | No defined transition for current status: In Progress for ticket A15-2902
2026-02-10 13:03:35,106 | INFO | No defined transition for current status: In Progress for ticket A15-2902
2026-02-10 13:03:35,107 | INFO | No defined transition for current status: In Progress for ticket A15-2902
2026-02-10 13:03:35,107 | INFO | No defined transition for current status: In Progress for ticket A15-2902
2026-02-10 13:03:35,108 | INFO | No defined transition for current status: In Progress for ticket A15-2902
2026-02-10 13:03:35,109 | INFO | No defined transition for current status: In Progress for ticket A15-2902
2026-02-10 13:03:35,109 | INFO | No defined transition for current status: In Progress for ticket A15-2902
2026-02-10 13:03:35,110 | INFO | No defined transition for current status: In Progress for ticket A15-2902
2026-02-10 13:03:35,111 | INFO | No defined transition for current status: In Progress for ticket A15-2902
2026-02-10 13:03:35,111 | INFO | No defined transition for current status: In Progress for ticket A15-2902
2026-02-10 13:03:35,112 | INFO | No defined transition for current status: In Progress for ticket A15-2902
2026-02-10 13:03:35,113 | INFO | No defined transition for current status: In Progress for ticket A15-2902
2026-02-10 13:03:35,114 | INFO | No defined transition for current status: In Progress for ticket A15-2902
2026-02-10 13:03:35,114 | INFO | No defined transition for current status: In Progress for ticket A15-2902
2026-02-10 13:03:35,115 | INFO | No defined transition for current status: In Progress for ticket A15-2902
2026-02-10 13:03:35,115 | INFO | No defined transition for current status: In Progress for ticket A15-2902
2026-02-10 13:03:35,116 | INFO | No defined transition for current status: In Progress for ticket A15-2902
2026-02-10 13:03:35,117 | INFO | No defined transition for current status: In Progress for ticket A15-2902
2026-02-10 13:03:35,117 | INFO | No defined transition for current status: In Progress for ticket A15-2902
2026-02-10 13:03:35,118 | INFO | No defined transition for current status: In Progress for ticket A15-2902
2026-02-10 13:03:35,119 | INFO | No defined transition for current status: In Progress for ticket A15-2902
2026-02-10 13:03:35,119 | INFO | No defined transition for current status: In Progress for ticket A15-2902
2026-02-10 13:03:35,120 | INFO | No defined transition for current status: In Progress for ticket A15-2902
2026-02-10 13:03:35,121 | INFO | No defined transition for current status: In Progress for ticket A15-2902
2026-02-10 13:03:35,121 | INFO | No defined transition for current status: In Progress for ticket A15-2902
2026-02-10 13:03:35,122 | INFO | No defined transition for current status: In Progress for ticket A15-2902
2026-02-10 13:03:35,123 | INFO | No defined transition for current status: In Progress for ticket A15-2902
2026-02-10 13:03:35,124 | INFO | No defined transition for current status: In Progress for ticket A15-2902
2026-02-10 13:03:35,124 | INFO | No defined transition for current status: In Progress for ticket A15-2902
2026-02-10 13:03:35,125 | INFO | No defined transition for current status: In Progress for ticket A15-2902
2026-02-10 13:03:35,126 | INFO | No defined transition for current status: In Progress for ticket A15-2902
2026-02-10 13:03:35,127 | INFO | No defined transition for current status: In Progress for ticket A15-2902
2026-02-10 13:03:35,127 | INFO | No defined transition for current status: In Progress for ticket A15-2902
2026-02-10 13:03:35,128 | INFO | No defined transition for current status: In Progress for ticket A15-2902
2026-02-10 13:03:35,129 | INFO | No defined transition for current status: In Progress for ticket A15-2902
2026-02-10 13:03:35,129 | INFO | No defined transition for current status: In Progress for ticket A15-2902
2026-02-10 13:03:35,130 | INFO | No defined transition for current status: In Progress for ticket A15-2902
2026-02-10 13:03:35,131 | INFO | No defined transition for current status: In Progress for ticket A15-2902
2026-02-10 13:03:35,132 | INFO | No defined transition for current status: In Progress for ticket A15-2902
2026-02-10 13:03:35,132 | INFO | No defined transition for current status: In Progress for ticket A15-2902
2026-02-10 13:03:35,133 | INFO | No defined transition for current status: In Progress for ticket A15-2902
2026-02-10 13:03:35,134 | INFO | No defined transition for current status: In Progress for ticket A15-2902
2026-02-10 13:03:35,134 | INFO | No defined transition for current status: In Progress for ticket A15-2902
2026-02-10 13:03:35,135 | INFO | No defined transition for current status: In Progress for ticket A15-2902
2026-02-10 13:03:35,136 | INFO | No defined transition for current status: In Progress for ticket A15-2902
2026-02-10 13:03:35,136 | INFO | No defined transition for current status: In Progress for ticket A15-2902
2026-02-10 13:03:35,137 | INFO | No defined transition for current status: In Progress for ticket A15-2902
2026-02-10 13:03:35,138 | INFO | No defined transition for current status: In Progress for ticket A15-2902
2026-02-10 13:03:35,138 | INFO | No defined transition for current status: In Progress for ticket A15-2902
2026-02-10 13:03:35,139 | INFO | No defined transition for current status: In Progress for ticket A15-2902
2026-02-10 13:03:35,140 | INFO | No defined transition for current status: In Progress for ticket A15-2902
2026-02-10 13:03:35,141 | INFO | No defined transition for current status: In Progress for ticket A15-2902
2026-02-10 13:03:35,141 | INFO | No defined transition for current status: In Progress for ticket A15-2902
2026-02-10 13:03:35,142 | INFO | No defined transition for current status: In Progress for ticket A15-2902
2026-02-10 13:03:35,143 | INFO | No defined transition for current status: In Progress for ticket A15-2902
2026-02-10 13:03:35,144 | INFO | No defined transition for current status: In Progress for ticket A15-2902
2026-02-10 13:03:35,144 | INFO | No defined transition for current status: In Progress for ticket A15-2902
2026-02-10 13:03:35,144 | INFO | No defined transition for current status: In Progress for ticket A15-2902
2026-02-10 13:03:35,145 | INFO | No defined transition for current status: In Progress for ticket A15-2902
2026-02-10 13:03:35,146 | INFO | No defined transition for current status: In Progress for ticket A15-2902
2026-02-10 13:03:35,146 | INFO | No defined transition for current status: In Progress for ticket A15-2902
2026-02-10 13:03:35,147 | INFO | No defined transition for current status: In Progress for ticket A15-2902
2026-02-10 13:03:35,148 | INFO | No defined transition for current status: In Progress for ticket A15-2902
2026-02-10 13:03:35,148 | INFO | No defined transition for current status: In Progress for ticket A15-2902
2026-02-10 13:03:35,149 | INFO | No defined transition for current status: In Progress for ticket A15-2902
2026-02-10 13:03:35,150 | INFO | No defined transition for current status: In Progress for ticket A15-2902
2026-02-10 13:03:35,150 | INFO | No defined transition for current status: In Progress for ticket A15-2902
2026-02-10 13:03:35,151 | INFO | No defined transition for current status: In Progress for ticket A15-2902
2026-02-10 13:03:35,152 | INFO | No defined transition for current status: In Progress for ticket A15-2902
2026-02-10 13:03:35,153 | INFO | No defined transition for current status: In Progress for ticket A15-2902
2026-02-10 13:03:35,153 | INFO | No defined transition for current status: In Progress for ticket A15-2902
2026-02-10 13:03:35,154 | INFO | No defined transition for current status: In Progress for ticket A15-2902
2026-02-10 13:03:35,155 | INFO | No defined transition for current status: In Progress for ticket A15-2902
2026-02-10 13:03:35,155 | INFO | No defined transition for current status: In Progress for ticket A15-2902
2026-02-10 13:03:35,156 | INFO | No defined transition for current status: In Progress for ticket A15-2902
2026-02-10 13:03:35,157 | INFO | No defined transition for current status: In Progress for ticket A15-2902
2026-02-10 13:03:35,157 | INFO | No defined transition for current status: In Progress for ticket A15-2902
2026-02-10 13:03:35,158 | INFO | No defined transition for current status: In Progress for ticket A15-2902
2026-02-10 13:03:35,158 | INFO | No defined transition for current status: In Progress for ticket A15-2902
2026-02-10 13:03:35,159 | INFO | No defined transition for current status: In Progress for ticket A15-2902
2026-02-10 13:03:35,160 | INFO | No defined transition for current status: In Progress for ticket A15-2902
2026-02-10 13:03:35,161 | INFO | No defined transition for current status: In Progress for ticket A15-2902
2026-02-10 13:03:35,162 | INFO | No defined transition for current status: In Progress for ticket A15-2902
2026-02-10 13:03:35,162 | INFO | No defined transition for current status: In Progress for ticket A15-2902
2026-02-10 13:03:35,163 | INFO | No defined transition for current status: In Progress for ticket A15-2902
2026-02-10 13:03:35,164 | INFO | No defined transition for current status: In Progress for ticket A15-2902
2026-02-10 13:03:35,165 | INFO | No defined transition for current status: In Progress for ticket A15-2902
2026-02-10 13:03:35,165 | INFO | No defined transition for current status: In Progress for ticket A15-2902
2026-02-10 13:03:35,166 | INFO | No defined transition for current status: In Progress for ticket A15-2902
2026-02-10 13:03:35,166 | INFO | No defined transition for current status: In Progress for ticket A15-2902
2026-02-10 13:03:35,167 | INFO | No defined transition for current status: In Progress for ticket A15-2902
2026-02-10 13:03:35,168 | INFO | No defined transition for current status: In Progress for ticket A15-2902
2026-02-10 13:03:35,168 | INFO | No defined transition for current status: In Progress for ticket A15-2902
2026-02-10 13:03:35,169 | INFO | No defined transition for current status: In Progress for ticket A15-2902
2026-02-10 13:03:35,170 | INFO | No defined transition for current status: In Progress for ticket A15-2902
2026-02-10 13:03:35,170 | INFO | No defined transition for current status: In Progress for ticket A15-2902
2026-02-10 13:03:35,171 | INFO | No defined transition for current status: In Progress for ticket A15-2902
2026-02-10 13:03:35,172 | INFO | No defined transition for current status: In Progress for ticket A15-2902
2026-02-10 13:03:35,172 | INFO | No defined transition for current status: In Progress for ticket A15-2902
2026-02-10 13:03:35,173 | INFO | No defined transition for current status: In Progress for ticket A15-2902
2026-02-10 13:03:35,173 | INFO | No defined transition for current status: In Progress for ticket A15-2902
2026-02-10 13:03:35,174 | INFO | No defined transition for current status: In Progress for ticket A15-2902
2026-02-10 13:03:35,174 | INFO | No defined transition for current status: In Progress for ticket A15-2902
2026-02-10 13:03:35,174 | INFO | No defined transition for current status: In Progress for ticket A15-2902
2026-02-10 13:03:35,175 | INFO | No defined transition for current status: In Progress for ticket A15-2902
2026-02-10 13:03:35,175 | INFO | No defined transition for current status: In Progress for ticket A15-2902
2026-02-10 13:03:35,176 | INFO | No defined transition for current status: In Progress for ticket A15-2902
2026-02-10 13:03:35,176 | INFO | No defined transition for current status: In Progress for ticket A15-2902
2026-02-10 13:03:35,176 | INFO | No defined transition for current status: In Progress for ticket A15-2902
2026-02-10 13:03:35,177 | INFO | No defined transition for current status: In Progress for ticket A15-2902
2026-02-10 13:03:35,177 | INFO | No defined transition for current status: In Progress for ticket A15-2902
2026-02-10 13:03:35,177 | INFO | No defined transition for current status: In Progress for ticket A15-2902
2026-02-10 13:03:35,178 | INFO | No defined transition for current status: In Progress for ticket A15-2902
2026-02-10 13:03:35,178 | INFO | No defined transition for current status: In Progress for ticket A15-2902
2026-02-10 13:03:35,179 | INFO | No defined transition for current status: In Progress for ticket A15-2902
2026-02-10 13:03:35,179 | INFO | No defined transition for current status: In Progress for ticket A15-2902
2026-02-10 13:03:35,180 | INFO | No defined transition for current status: In Progress for ticket A15-2902
2026-02-10 13:03:35,180 | INFO | No defined transition for current status: In Progress for ticket A15-2902
2026-02-10 13:03:35,181 | INFO | No defined transition for current status: In Progress for ticket A15-2902
2026-02-10 13:03:35,181 | INFO | No defined transition for current status: In Progress for ticket A15-2902
2026-02-10 13:03:35,182 | INFO | No defined transition for current status: In Progress for ticket A15-2902
2026-02-10 13:03:35,182 | INFO | No defined transition for current status: In Progress for ticket A15-2902
2026-02-10 13:03:35,183 | INFO | No defined transition for current status: In Progress for ticket A15-2902
2026-02-10 13:03:35,183 | INFO | No defined transition for current status: In Progress for ticket A15-2902
2026-02-10 13:03:35,185 | INFO | No defined transition for current status: In Progress for ticket A15-2902
2026-02-10 13:03:35,185 | INFO | No defined transition for current status: In Progress for ticket A15-2902
2026-02-10 13:03:35,186 | INFO | No defined transition for current status: In Progress for ticket A15-2902
2026-02-10 13:03:35,186 | INFO | No defined transition for current status: In Progress for ticket A15-2902
2026-02-10 13:03:35,187 | INFO | No defined transition for current status: In Progress for ticket A15-2902
2026-02-10 13:03:35,188 | INFO | No defined transition for current status: In Progress for ticket A15-2902
2026-02-10 13:03:35,188 | INFO | No defined transition for current status: In Progress for ticket A15-2902
2026-02-10 13:03:35,189 | INFO | No defined transition for current status: In Progress for ticket A15-2902
2026-02-10 13:03:35,189 | INFO | No defined transition for current status: In Progress for ticket A15-2902
2026-02-10 13:03:35,190 | INFO | No defined transition for current status: In Progress for ticket A15-2902
2026-02-10 13:03:35,190 | INFO | No defined transition for current status: In Progress for ticket A15-2902
2026-02-10 13:03:35,191 | INFO | No defined transition for current status: In Progress for ticket A15-2902
2026-02-10 13:03:35,191 | INFO | No defined transition for current status: In Progress for ticket A15-2902
2026-02-10 13:03:35,192 | INFO | No defined transition for current status: In Progress for ticket A15-2902
2026-02-10 13:03:35,193 | INFO | No defined transition for current status: In Progress for ticket A15-2902
2026-02-10 13:03:35,193 | INFO | No defined transition for current status: In Progress for ticket A15-2902
2026-02-10 13:03:35,194 | INFO | No defined transition for current status: In Progress for ticket A15-2902
2026-02-10 13:03:35,195 | INFO | No defined transition for current status: In Progress for ticket A15-2902
2026-02-10 13:03:35,195 | INFO | No defined transition for current status: In Progress for ticket A15-2902
2026-02-10 13:03:35,196 | INFO | No defined transition for current status: In Progress for ticket A15-2902
2026-02-10 13:03:35,197 | INFO | No defined transition for current status: In Progress for ticket A15-2902
2026-02-10 13:03:35,197 | INFO | No defined transition for current status: In Progress for ticket A15-2902
2026-02-10 13:03:35,198 | INFO | No defined transition for current status: In Progress for ticket A15-2902
2026-02-10 13:03:35,201 | INFO | No defined transition for current status: In Progress for ticket A15-2902
2026-02-10 13:03:35,203 | INFO | No defined transition for current status: In Progress for ticket A15-2902
2026-02-10 13:03:35,204 | INFO | No defined transition for current status: In Progress for ticket A15-2902
2026-02-10 13:03:35,204 | INFO | No defined transition for current status: In Progress for ticket A15-2902
2026-02-10 13:03:35,205 | INFO | No defined transition for current status: In Progress for ticket A15-2902
2026-02-10 13:03:35,206 | INFO | No defined transition for current status: In Progress for ticket A15-2902
2026-02-10 13:03:35,207 | INFO | No defined transition for current status: In Progress for ticket A15-2902
2026-02-10 13:03:35,208 | INFO | No defined transition for current status: In Progress for ticket A15-2902
2026-02-10 13:03:35,208 | INFO | No defined transition for current status: In Progress for ticket A15-2902
2026-02-10 13:03:35,209 | INFO | No defined transition for current status: In Progress for ticket A15-2902
2026-02-10 13:03:35,210 | INFO | No defined transition for current status: In Progress for ticket A15-2902
2026-02-10 13:03:35,210 | INFO | No defined transition for current status: In Progress for ticket A15-2902
2026-02-10 13:03:35,211 | INFO | No defined transition for current status: In Progress for ticket A15-2902
2026-02-10 13:03:35,211 | INFO | No defined transition for current status: In Progress for ticket A15-2902
2026-02-10 13:03:35,212 | INFO | No defined transition for current status: In Progress for ticket A15-2902
2026-02-10 13:03:35,213 | INFO | No defined transition for current status: In Progress for ticket A15-2902
2026-02-10 13:03:35,213 | INFO | No defined transition for current status: In Progress for ticket A15-2902
2026-02-10 13:03:35,214 | INFO | No defined transition for current status: In Progress for ticket A15-2902
2026-02-10 13:03:35,214 | INFO | No defined transition for current status: In Progress for ticket A15-2902
2026-02-10 13:03:35,215 | INFO | No defined transition for current status: In Progress for ticket A15-2902
2026-02-10 13:03:35,215 | INFO | No defined transition for current status: In Progress for ticket A15-2902
2026-02-10 13:03:35,216 | INFO | No defined transition for current status: In Progress for ticket A15-2902
2026-02-10 13:03:35,216 | INFO | No defined transition for current status: In Progress for ticket A15-2902
2026-02-10 13:03:35,216 | INFO | No defined transition for current status: In Progress for ticket A15-2902
2026-02-10 13:03:35,217 | INFO | No defined transition for current status: In Progress for ticket A15-2902
2026-02-10 13:03:35,218 | INFO | No defined transition for current status: In Progress for ticket A15-2902
2026-02-10 13:03:35,218 | INFO | No defined transition for current status: In Progress for ticket A15-2902
2026-02-10 13:03:35,219 | INFO | No defined transition for current status: In Progress for ticket A15-2902
2026-02-10 13:03:35,220 | INFO | No defined transition for current status: In Progress for ticket A15-2902
2026-02-10 13:03:35,220 | INFO | No defined transition for current status: In Progress for ticket A15-2902
2026-02-10 13:03:35,221 | INFO | No defined transition for current status: In Progress for ticket A15-2902
2026-02-10 13:03:35,221 | INFO | No defined transition for current status: In Progress for ticket A15-2902
2026-02-10 13:03:35,221 | INFO | No defined transition for current status: In Progress for ticket A15-2902
2026-02-10 13:03:35,223 | INFO | No defined transition for current status: In Progress for ticket A15-2902
2026-02-10 13:03:35,223 | INFO | No defined transition for current status: In Progress for ticket A15-2902
2026-02-10 13:03:35,223 | INFO | No defined transition for current status: In Progress for ticket A15-2902
2026-02-10 13:03:35,225 | INFO | No defined transition for current status: In Progress for ticket A15-2902
2026-02-10 13:03:35,225 | INFO | No defined transition for current status: In Progress for ticket A15-2902
2026-02-10 13:03:35,226 | INFO | No defined transition for current status: In Progress for ticket A15-2902
2026-02-10 13:03:35,227 | INFO | No defined transition for current status: In Progress for ticket A15-2902
2026-02-10 13:03:35,228 | INFO | No defined transition for current status: In Progress for ticket A15-2902
2026-02-10 13:03:35,228 | INFO | No defined transition for current status: In Progress for ticket A15-2902
2026-02-10 13:03:35,229 | INFO | No defined transition for current status: In Progress for ticket A15-2902
2026-02-10 13:03:35,230 | INFO | No defined transition for current status: In Progress for ticket A15-2902
2026-02-10 13:03:35,230 | INFO | No defined transition for current status: In Progress for ticket A15-2902
2026-02-10 13:03:35,231 | INFO | No defined transition for current status: In Progress for ticket A15-2902
2026-02-10 13:03:35,232 | INFO | No defined transition for current status: In Progress for ticket A15-2902
2026-02-10 13:03:35,232 | INFO | No defined transition for current status: In Progress for ticket A15-2902
2026-02-10 13:03:35,233 | INFO | No defined transition for current status: In Progress for ticket A15-2902
2026-02-10 13:03:35,234 | INFO | No defined transition for current status: In Progress for ticket A15-2902
2026-02-10 13:03:35,235 | INFO | No defined transition for current status: In Progress for ticket A15-2902
2026-02-10 13:03:35,236 | INFO | No defined transition for current status: In Progress for ticket A15-2902
2026-02-10 13:03:35,237 | INFO | No defined transition for current status: In Progress for ticket A15-2902
2026-02-10 13:03:35,237 | INFO | No defined transition for current status: In Progress for ticket A15-2902
2026-02-10 13:03:35,238 | INFO | No defined transition for current status: In Progress for ticket A15-2902
2026-02-10 13:03:35,239 | INFO | No defined transition for current status: In Progress for ticket A15-2902
2026-02-10 13:03:35,240 | INFO | No defined transition for current status: In Progress for ticket A15-2902
2026-02-10 13:03:35,241 | INFO | No defined transition for current status: In Progress for ticket A15-2902
2026-02-10 13:03:35,242 | INFO | No defined transition for current status: In Progress for ticket A15-2902
2026-02-10 13:03:35,243 | INFO | No defined transition for current status: In Progress for ticket A15-2902
2026-02-10 13:03:35,243 | INFO | No defined transition for current status: In Progress for ticket A15-2902
2026-02-10 13:03:35,244 | INFO | No defined transition for current status: In Progress for ticket A15-2902
2026-02-10 13:03:35,245 | INFO | No defined transition for current status: In Progress for ticket A15-2902
2026-02-10 13:03:35,246 | INFO | No defined transition for current status: In Progress for ticket A15-2902
2026-02-10 13:03:35,247 | INFO | No defined transition for current status: In Progress for ticket A15-2902
2026-02-10 13:03:35,248 | INFO | No defined transition for current status: In Progress for ticket A15-2902
2026-02-10 13:03:35,248 | INFO | No defined transition for current status: In Progress for ticket A15-2902
2026-02-10 13:03:35,249 | INFO | No defined transition for current status: In Progress for ticket A15-2902
2026-02-10 13:03:35,249 | INFO | No defined transition for current status: In Progress for ticket A15-2902
2026-02-10 13:03:35,250 | INFO | No defined transition for current status: In Progress for ticket A15-2902
2026-02-10 13:03:35,251 | INFO | No defined transition for current status: In Progress for ticket A15-2902
2026-02-10 13:03:35,251 | INFO | No defined transition for current status: In Progress for ticket A15-2902
2026-02-10 13:03:35,252 | INFO | No defined transition for current status: In Progress for ticket A15-2902
2026-02-10 13:03:35,253 | INFO | No defined transition for current status: In Progress for ticket A15-2902
2026-02-10 13:03:35,253 | INFO | No defined transition for current status: In Progress for ticket A15-2902
2026-02-10 13:03:35,254 | INFO | No defined transition for current status: In Progress for ticket A15-2902
2026-02-10 13:03:35,255 | INFO | No defined transition for current status: In Progress for ticket A15-2902
2026-02-10 13:03:35,255 | INFO | No defined transition for current status: In Progress for ticket A15-2902
2026-02-10 13:03:35,256 | INFO | No defined transition for current status: In Progress for ticket A15-2902
2026-02-10 13:03:35,257 | INFO | No defined transition for current status: In Progress for ticket A15-2902
2026-02-10 13:03:35,257 | INFO | No defined transition for current status: In Progress for ticket A15-2902
2026-02-10 13:03:35,258 | INFO | No defined transition for current status: In Progress for ticket A15-2902
2026-02-10 13:03:35,259 | INFO | No defined transition for current status: In Progress for ticket A15-2902
2026-02-10 13:03:35,260 | INFO | No defined transition for current status: In Progress for ticket A15-2902
2026-02-10 13:03:35,260 | INFO | No defined transition for current status: In Progress for ticket A15-2902
2026-02-10 13:03:35,261 | INFO | No defined transition for current status: In Progress for ticket A15-2902
2026-02-10 13:03:35,262 | INFO | No defined transition for current status: In Progress for ticket A15-2902
2026-02-10 13:03:35,262 | INFO | No defined transition for current status: In Progress for ticket A15-2902
2026-02-10 13:03:35,263 | INFO | No defined transition for current status: In Progress for ticket A15-2902
2026-02-10 13:03:35,264 | INFO | No defined transition for current status: In Progress for ticket A15-2902
2026-02-10 13:03:35,264 | INFO | No defined transition for current status: In Progress for ticket A15-2902
2026-02-10 13:03:35,265 | INFO | No defined transition for current status: In Progress for ticket A15-2902
2026-02-10 13:03:35,265 | INFO | No defined transition for current status: In Progress for ticket A15-2902
2026-02-10 13:03:35,266 | INFO | No defined transition for current status: In Progress for ticket A15-2902
2026-02-10 13:03:35,266 | INFO | No defined transition for current status: In Progress for ticket A15-2902
2026-02-10 13:03:35,267 | INFO | No defined transition for current status: In Progress for ticket A15-2902
2026-02-10 13:03:35,268 | INFO | No defined transition for current status: In Progress for ticket A15-2902
2026-02-10 13:03:35,268 | INFO | No defined transition for current status: In Progress for ticket A15-2902
2026-02-10 13:03:35,269 | INFO | No defined transition for current status: In Progress for ticket A15-2902
2026-02-10 13:03:35,270 | INFO | No defined transition for current status: In Progress for ticket A15-2902
2026-02-10 13:03:35,270 | INFO | No defined transition for current status: In Progress for ticket A15-2902
2026-02-10 13:03:35,271 | INFO | No defined transition for current status: In Progress for ticket A15-2902
2026-02-10 13:03:35,272 | INFO | No defined transition for current status: In Progress for ticket A15-2902
2026-02-10 13:03:35,272 | INFO | No defined transition for current status: In Progress for ticket A15-2902
2026-02-10 13:03:35,273 | INFO | No defined transition for current status: In Progress for ticket A15-2902
2026-02-10 13:03:35,274 | INFO | No defined transition for current status: In Progress for ticket A15-2902
2026-02-10 13:03:35,274 | INFO | No defined transition for current status: In Progress for ticket A15-2902
2026-02-10 13:03:35,275 | INFO | No defined transition for current status: In Progress for ticket A15-2902
2026-02-10 13:03:35,277 | INFO | No defined transition for current status: In Progress for ticket A15-2902
2026-02-10 13:03:35,277 | INFO | No defined transition for current status: In Progress for ticket A15-2902
2026-02-10 13:03:35,278 | INFO | No defined transition for current status: In Progress for ticket A15-2902
2026-02-10 13:03:35,279 | INFO | No defined transition for current status: In Progress for ticket A15-2902
2026-02-10 13:03:35,280 | INFO | No defined transition for current status: In Progress for ticket A15-2902
2026-02-10 13:03:35,280 | INFO | No defined transition for current status: In Progress for ticket A15-2902
2026-02-10 13:03:35,281 | INFO | No defined transition for current status: In Progress for ticket A15-2902
2026-02-10 13:03:35,281 | INFO | No defined transition for current status: In Progress for ticket A15-2902
2026-02-10 13:03:35,282 | INFO | No defined transition for current status: In Progress for ticket A15-2902
2026-02-10 13:03:35,283 | INFO | No defined transition for current status: In Progress for ticket A15-2902
2026-02-10 13:03:35,283 | INFO | No defined transition for current status: In Progress for ticket A15-2902
2026-02-10 13:03:35,284 | INFO | No defined transition for current status: In Progress for ticket A15-2902
2026-02-10 13:03:35,284 | INFO | No defined transition for current status: In Progress for ticket A15-2902
2026-02-10 13:03:35,285 | INFO | No defined transition for current status: In Progress for ticket A15-2902
2026-02-10 13:03:35,286 | INFO | No defined transition for current status: In Progress for ticket A15-2902
2026-02-10 13:03:35,286 | INFO | No defined transition for current status: In Progress for ticket A15-2902
2026-02-10 13:03:35,287 | INFO | No defined transition for current status: In Progress for ticket A15-2902
2026-02-10 13:03:35,288 | INFO | No defined transition for current status: In Progress for ticket A15-2902
2026-02-10 13:03:35,288 | INFO | No defined transition for current status: In Progress for ticket A15-2902
2026-02-10 13:03:35,289 | INFO | No defined transition for current status: In Progress for ticket A15-2902
2026-02-10 13:03:35,290 | INFO | No defined transition for current status: In Progress for ticket A15-2902
2026-02-10 13:03:35,291 | INFO | No defined transition for current status: In Progress for ticket A15-2902
2026-02-10 13:03:35,291 | INFO | No defined transition for current status: In Progress for ticket A15-2902
2026-02-10 13:03:35,292 | INFO | No defined transition for current status: In Progress for ticket A15-2902
2026-02-10 13:03:35,293 | INFO | No defined transition for current status: In Progress for ticket A15-2902
2026-02-10 13:03:35,294 | INFO | No defined transition for current status: In Progress for ticket A15-2902
2026-02-10 13:03:35,294 | INFO | No defined transition for current status: In Progress for ticket A15-2902
2026-02-10 13:03:35,295 | INFO | No defined transition for current status: In Progress for ticket A15-2902
2026-02-10 13:03:35,296 | INFO | No defined transition for current status: In Progress for ticket A15-2902
2026-02-10 13:03:35,297 | INFO | No defined transition for current status: In Progress for ticket A15-2902
2026-02-10 13:03:35,298 | INFO | No defined transition for current status: In Progress for ticket A15-2902
2026-02-10 13:03:35,298 | INFO | No defined transition for current status: In Progress for ticket A15-2902
2026-02-10 13:03:35,299 | INFO | No defined transition for current status: In Progress for ticket A15-2902
2026-02-10 13:03:35,299 | INFO | No defined transition for current status: In Progress for ticket A15-2902
2026-02-10 13:03:35,300 | INFO | No defined transition for current status: In Progress for ticket A15-2902
2026-02-10 13:03:35,301 | INFO | No defined transition for current status: In Progress for ticket A15-2902
2026-02-10 13:03:35,302 | INFO | No defined transition for current status: In Progress for ticket A15-2902
2026-02-10 13:03:35,302 | INFO | No defined transition for current status: In Progress for ticket A15-2902
2026-02-10 13:03:35,303 | INFO | No defined transition for current status: In Progress for ticket A15-2902
2026-02-10 13:03:35,304 | INFO | No defined transition for current status: In Progress for ticket A15-2902
2026-02-10 13:03:35,305 | INFO | No defined transition for current status: In Progress for ticket A15-2902
2026-02-10 13:03:35,306 | INFO | No defined transition for current status: In Progress for ticket A15-2902
2026-02-10 13:03:35,307 | INFO | No defined transition for current status: In Progress for ticket A15-2902
2026-02-10 13:03:35,308 | INFO | No defined transition for current status: In Progress for ticket A15-2902
2026-02-10 13:03:35,308 | INFO | No defined transition for current status: In Progress for ticket A15-2902
2026-02-10 13:03:35,309 | INFO | No defined transition for current status: In Progress for ticket A15-2902
2026-02-10 13:03:35,309 | INFO | No defined transition for current status: In Progress for ticket A15-2902
2026-02-10 13:03:35,310 | INFO | No defined transition for current status: In Progress for ticket A15-2902
2026-02-10 13:03:35,311 | INFO | No defined transition for current status: In Progress for ticket A15-2902
2026-02-10 13:03:35,311 | INFO | No defined transition for current status: In Progress for ticket A15-2902
2026-02-10 13:03:35,312 | INFO | No defined transition for current status: In Progress for ticket A15-2902
2026-02-10 13:03:35,313 | INFO | No defined transition for current status: In Progress for ticket A15-2902
2026-02-10 13:03:35,313 | INFO | No defined transition for current status: In Progress for ticket A15-2902
2026-02-10 13:03:35,314 | INFO | No defined transition for current status: In Progress for ticket A15-2902
2026-02-10 13:03:35,315 | INFO | No defined transition for current status: In Progress for ticket A15-2902
2026-02-10 13:03:35,315 | INFO | No defined transition for current status: In Progress for ticket A15-2902
2026-02-10 13:03:35,316 | INFO | No defined transition for current status: In Progress for ticket A15-2902
2026-02-10 13:03:35,316 | INFO | No defined transition for current status: In Progress for ticket A15-2902
2026-02-10 13:03:35,317 | INFO | No defined transition for current status: In Progress for ticket A15-2902
2026-02-10 13:03:35,317 | INFO | No defined transition for current status: In Progress for ticket A15-2902
2026-02-10 13:03:35,318 | INFO | No defined transition for current status: In Progress for ticket A15-2902
2026-02-10 13:03:35,319 | INFO | No defined transition for current status: In Progress for ticket A15-2902
2026-02-10 13:03:35,319 | INFO | No defined transition for current status: In Progress for ticket A15-2902
2026-02-10 13:03:35,320 | INFO | No defined transition for current status: In Progress for ticket A15-2902
2026-02-10 13:03:35,321 | INFO | No defined transition for current status: In Progress for ticket A15-2902
2026-02-10 13:03:35,321 | INFO | No defined transition for current status: In Progress for ticket A15-2902
2026-02-10 13:03:35,322 | INFO | No defined transition for current status: In Progress for ticket A15-2902
2026-02-10 13:03:35,323 | INFO | No defined transition for current status: In Progress for ticket A15-2902
2026-02-10 13:03:35,324 | INFO | No defined transition for current status: In Progress for ticket A15-2902
2026-02-10 13:03:35,324 | INFO | No defined transition for current status: In Progress for ticket A15-2902
2026-02-10 13:03:35,325 | INFO | No defined transition for current status: In Progress for ticket A15-2902
2026-02-10 13:03:35,326 | INFO | No defined transition for current status: In Progress for ticket A15-2902
2026-02-10 13:03:35,327 | INFO | No defined transition for current status: In Progress for ticket A15-2902
2026-02-10 13:03:35,328 | INFO | No defined transition for current status: In Progress for ticket A15-2902
2026-02-10 13:03:35,328 | INFO | No defined transition for current status: In Progress for ticket A15-2902
2026-02-10 13:03:35,329 | INFO | No defined transition for current status: In Progress for ticket A15-2902
2026-02-10 13:03:35,330 | INFO | No defined transition for current status: In Progress for ticket A15-2902
2026-02-10 13:03:35,330 | INFO | No defined transition for current status: In Progress for ticket A15-2902
2026-02-10 13:03:35,331 | INFO | No defined transition for current status: In Progress for ticket A15-2902
2026-02-10 13:03:35,332 | INFO | No defined transition for current status: In Progress for ticket A15-2902
2026-02-10 13:03:35,332 | INFO | No defined transition for current status: In Progress for ticket A15-2902
2026-02-10 13:03:35,333 | INFO | No defined transition for current status: In Progress for ticket A15-2902
2026-02-10 13:03:35,334 | INFO | No defined transition for current status: In Progress for ticket A15-2902
2026-02-10 13:03:35,334 | INFO | No defined transition for current status: In Progress for ticket A15-2902
2026-02-10 13:03:35,335 | INFO | No defined transition for current status: In Progress for ticket A15-2902
2026-02-10 13:03:35,336 | INFO | No defined transition for current status: In Progress for ticket A15-2902
2026-02-10 13:03:35,336 | INFO | No defined transition for current status: In Progress for ticket A15-2902
2026-02-10 13:03:35,337 | INFO | No defined transition for current status: In Progress for ticket A15-2902
2026-02-10 13:03:35,338 | INFO | No defined transition for current status: In Progress for ticket A15-2902
2026-02-10 13:03:35,338 | INFO | No defined transition for current status: In Progress for ticket A15-2902
2026-02-10 13:03:35,339 | INFO | No defined transition for current status: In Progress for ticket A15-2902
2026-02-10 13:03:35,340 | INFO | No defined transition for current status: In Progress for ticket A15-2902
2026-02-10 13:03:35,340 | INFO | No defined transition for current status: In Progress for ticket A15-2902
2026-02-10 13:03:35,341 | INFO | No defined transition for current status: In Progress for ticket A15-2902
2026-02-10 13:03:35,342 | INFO | No defined transition for current status: In Progress for ticket A15-2902
2026-02-10 13:03:35,342 | INFO | No defined transition for current status: In Progress for ticket A15-2902
2026-02-10 13:03:35,343 | INFO | No defined transition for current status: In Progress for ticket A15-2902
2026-02-10 13:03:35,344 | INFO | No defined transition for current status: In Progress for ticket A15-2902
2026-02-10 13:03:35,345 | INFO | No defined transition for current status: In Progress for ticket A15-2902
2026-02-10 13:03:35,345 | INFO | No defined transition for current status: In Progress for ticket A15-2902
2026-02-10 13:03:35,346 | INFO | No defined transition for current status: In Progress for ticket A15-2902
2026-02-10 13:03:35,347 | INFO | No defined transition for current status: In Progress for ticket A15-2902
2026-02-10 13:03:35,347 | INFO | No defined transition for current status: In Progress for ticket A15-2902
2026-02-10 13:03:35,348 | INFO | No defined transition for current status: In Progress for ticket A15-2902
2026-02-10 13:03:35,349 | INFO | No defined transition for current status: In Progress for ticket A15-2902
2026-02-10 13:03:35,349 | INFO | No defined transition for current status: In Progress for ticket A15-2902
2026-02-10 13:03:35,350 | INFO | No defined transition for current status: In Progress for ticket A15-2902
2026-02-10 13:03:35,351 | INFO | No defined transition for current status: In Progress for ticket A15-2902
2026-02-10 13:03:35,351 | INFO | No defined transition for current status: In Progress for ticket A15-2902
2026-02-10 13:03:35,352 | INFO | No defined transition for current status: In Progress for ticket A15-2902
2026-02-10 13:03:35,353 | INFO | No defined transition for current status: In Progress for ticket A15-2902
2026-02-10 13:03:35,353 | INFO | No defined transition for current status: In Progress for ticket A15-2902
2026-02-10 13:03:35,354 | INFO | No defined transition for current status: In Progress for ticket A15-2902
2026-02-10 13:03:35,355 | INFO | No defined transition for current status: In Progress for ticket A15-2902
2026-02-10 13:03:35,356 | INFO | No defined transition for current status: In Progress for ticket A15-2902
2026-02-10 13:03:35,356 | INFO | No defined transition for current status: In Progress for ticket A15-2902
2026-02-10 13:03:35,357 | INFO | No defined transition for current status: In Progress for ticket A15-2902
2026-02-10 13:03:35,358 | INFO | No defined transition for current status: In Progress for ticket A15-2902
2026-02-10 13:03:35,359 | INFO | No defined transition for current status: In Progress for ticket A15-2902
2026-02-10 13:03:35,359 | INFO | No defined transition for current status: In Progress for ticket A15-2902
2026-02-10 13:03:35,360 | INFO | No defined transition for current status: In Progress for ticket A15-2902
2026-02-10 13:03:35,361 | INFO | No defined transition for current status: In Progress for ticket A15-2902
2026-02-10 13:03:35,362 | INFO | No defined transition for current status: In Progress for ticket A15-2902
2026-02-10 13:03:35,362 | INFO | No defined transition for current status: In Progress for ticket A15-2902
2026-02-10 13:03:35,363 | INFO | No defined transition for current status: In Progress for ticket A15-2902
2026-02-10 13:03:35,364 | INFO | No defined transition for current status: In Progress for ticket A15-2902
2026-02-10 13:03:35,364 | INFO | No defined transition for current status: In Progress for ticket A15-2902
2026-02-10 13:03:35,365 | INFO | No defined transition for current status: In Progress for ticket A15-2902
2026-02-10 13:03:35,366 | INFO | No defined transition for current status: In Progress for ticket A15-2902
2026-02-10 13:03:35,366 | INFO | No defined transition for current status: In Progress for ticket A15-2902
2026-02-10 13:03:35,367 | INFO | No defined transition for current status: In Progress for ticket A15-2902
2026-02-10 13:03:35,367 | INFO | No defined transition for current status: In Progress for ticket A15-2902
2026-02-10 13:03:35,368 | INFO | No defined transition for current status: In Progress for ticket A15-2902
2026-02-10 13:03:35,369 | INFO | No defined transition for current status: In Progress for ticket A15-2902
2026-02-10 13:03:35,370 | INFO | No defined transition for current status: In Progress for ticket A15-2902
2026-02-10 13:03:35,370 | INFO | No defined transition for current status: In Progress for ticket A15-2902
2026-02-10 13:03:35,371 | INFO | No defined transition for current status: In Progress for ticket A15-2902
2026-02-10 13:03:35,371 | INFO | No defined transition for current status: In Progress for ticket A15-2902
2026-02-10 13:03:35,372 | INFO | No defined transition for current status: In Progress for ticket A15-2902
2026-02-10 13:03:35,372 | INFO | No defined transition for current status: In Progress for ticket A15-2902
2026-02-10 13:03:35,373 | INFO | No defined transition for current status: In Progress for ticket A15-2902
2026-02-10 13:03:35,374 | INFO | No defined transition for current status: In Progress for ticket A15-2902
2026-02-10 13:03:35,374 | INFO | No defined transition for current status: In Progress for ticket A15-2902
2026-02-10 13:03:35,375 | INFO | No defined transition for current status: In Progress for ticket A15-2902
2026-02-10 13:03:35,376 | INFO | No defined transition for current status: In Progress for ticket A15-2902
2026-02-10 13:03:35,376 | INFO | No defined transition for current status: In Progress for ticket A15-2902
2026-02-10 13:03:35,377 | INFO | No defined transition for current status: In Progress for ticket A15-2902
2026-02-10 13:03:35,378 | INFO | No defined transition for current status: In Progress for ticket A15-2902
2026-02-10 13:03:35,378 | INFO | No defined transition for current status: In Progress for ticket A15-2902
2026-02-10 13:03:35,379 | INFO | No defined transition for current status: In Progress for ticket A15-2902
2026-02-10 13:03:35,380 | INFO | No defined transition for current status: In Progress for ticket A15-2902
2026-02-10 13:03:35,380 | INFO | No defined transition for current status: In Progress for ticket A15-2902
2026-02-10 13:03:35,381 | INFO | No defined transition for current status: In Progress for ticket A15-2902
2026-02-10 13:03:35,382 | INFO | No defined transition for current status: In Progress for ticket A15-2902
2026-02-10 13:03:35,382 | INFO | No defined transition for current status: In Progress for ticket A15-2902
2026-02-10 13:03:35,383 | INFO | No defined transition for current status: In Progress for ticket A15-2902
2026-02-10 13:03:35,384 | INFO | No defined transition for current status: In Progress for ticket A15-2902
2026-02-10 13:03:35,385 | INFO | No defined transition for current status: In Progress for ticket A15-2902
2026-02-10 13:03:35,386 | INFO | No defined transition for current status: In Progress for ticket A15-2902
2026-02-10 13:03:35,387 | INFO | No defined transition for current status: In Progress for ticket A15-2902
2026-02-10 13:03:35,388 | INFO | No defined transition for current status: In Progress for ticket A15-2902
2026-02-10 13:03:35,389 | INFO | No defined transition for current status: In Progress for ticket A15-2902
2026-02-10 13:03:35,390 | INFO | No defined transition for current status: In Progress for ticket A15-2902
2026-02-10 13:03:35,391 | INFO | No defined transition for current status: In Progress for ticket A15-2902
2026-02-10 13:03:35,392 | INFO | No defined transition for current status: In Progress for ticket A15-2902
2026-02-10 13:03:35,392 | INFO | No defined transition for current status: In Progress for ticket A15-2902
2026-02-10 13:03:35,393 | INFO | No defined transition for current status: In Progress for ticket A15-2902
2026-02-10 13:03:35,394 | INFO | No defined transition for current status: In Progress for ticket A15-2902
2026-02-10 13:03:35,396 | INFO | No defined transition for current status: In Progress for ticket A15-2902
2026-02-10 13:03:35,397 | INFO | No defined transition for current status: In Progress for ticket A15-2902
2026-02-10 13:03:35,398 | INFO | No defined transition for current status: In Progress for ticket A15-2902
2026-02-10 13:03:35,399 | INFO | No defined transition for current status: In Progress for ticket A15-2902
2026-02-10 13:03:35,399 | INFO | No defined transition for current status: In Progress for ticket A15-2902
2026-02-10 13:03:35,400 | INFO | No defined transition for current status: In Progress for ticket A15-2902
2026-02-10 13:03:35,401 | INFO | No defined transition for current status: In Progress for ticket A15-2902
2026-02-10 13:03:35,402 | INFO | No defined transition for current status: In Progress for ticket A15-2902
2026-02-10 13:03:35,402 | INFO | No defined transition for current status: In Progress for ticket A15-2902
2026-02-10 13:03:35,403 | INFO | No defined transition for current status: In Progress for ticket A15-2902
2026-02-10 13:03:35,404 | INFO | No defined transition for current status: In Progress for ticket A15-2902
2026-02-10 13:03:35,405 | INFO | No defined transition for current status: In Progress for ticket A15-2902
2026-02-10 13:03:35,406 | INFO | No defined transition for current status: In Progress for ticket A15-2902
2026-02-10 13:03:35,407 | INFO | No defined transition for current status: In Progress for ticket A15-2902
2026-02-10 13:03:35,407 | INFO | No defined transition for current status: In Progress for ticket A15-2902
2026-02-10 13:03:35,408 | INFO | No defined transition for current status: In Progress for ticket A15-2902
2026-02-10 13:03:35,409 | INFO | No defined transition for current status: In Progress for ticket A15-2902
2026-02-10 13:03:35,409 | INFO | No defined transition for current status: In Progress for ticket A15-2902
2026-02-10 13:03:35,410 | INFO | No defined transition for current status: In Progress for ticket A15-2902
2026-02-10 13:03:35,411 | INFO | No defined transition for current status: In Progress for ticket A15-2902
2026-02-10 13:03:35,411 | INFO | No defined transition for current status: In Progress for ticket A15-2902
2026-02-10 13:03:35,412 | INFO | No defined transition for current status: In Progress for ticket A15-2902
2026-02-10 13:03:35,413 | INFO | No defined transition for current status: In Progress for ticket A15-2902
2026-02-10 13:03:35,413 | INFO | No defined transition for current status: In Progress for ticket A15-2902
2026-02-10 13:03:35,414 | INFO | No defined transition for current status: In Progress for ticket A15-2902
2026-02-10 13:03:35,415 | INFO | No defined transition for current status: In Progress for ticket A15-2902
2026-02-10 13:03:35,415 | INFO | No defined transition for current status: In Progress for ticket A15-2902
2026-02-10 13:03:35,416 | INFO | No defined transition for current status: In Progress for ticket A15-2902
2026-02-10 13:03:35,416 | INFO | No defined transition for current status: In Progress for ticket A15-2902
2026-02-10 13:03:35,417 | INFO | No defined transition for current status: In Progress for ticket A15-2902
2026-02-10 13:03:35,417 | INFO | No defined transition for current status: In Progress for ticket A15-2902
2026-02-10 13:03:35,418 | INFO | No defined transition for current status: In Progress for ticket A15-2902
2026-02-10 13:03:35,418 | INFO | No defined transition for current status: In Progress for ticket A15-2902
2026-02-10 13:03:35,419 | INFO | No defined transition for current status: In Progress for ticket A15-2902
2026-02-10 13:03:35,420 | INFO | No defined transition for current status: In Progress for ticket A15-2902
2026-02-10 13:03:35,420 | INFO | No defined transition for current status: In Progress for ticket A15-2902
2026-02-10 13:03:35,421 | INFO | No defined transition for current status: In Progress for ticket A15-2902
2026-02-10 13:03:35,422 | INFO | No defined transition for current status: In Progress for ticket A15-2902
2026-02-10 13:03:35,423 | INFO | No defined transition for current status: In Progress for ticket A15-2902
2026-02-10 13:03:35,423 | INFO | No defined transition for current status: In Progress for ticket A15-2902
2026-02-10 13:03:35,423 | INFO | No defined transition for current status: In Progress for ticket A15-2902
2026-02-10 13:03:35,424 | INFO | No defined transition for current status: In Progress for ticket A15-2902
2026-02-10 13:03:35,425 | INFO | No defined transition for current status: In Progress for ticket A15-2902
2026-02-10 13:03:35,425 | INFO | No defined transition for current status: In Progress for ticket A15-2902
2026-02-10 13:03:35,426 | INFO | No defined transition for current status: In Progress for ticket A15-2902
2026-02-10 13:03:35,427 | INFO | No defined transition for current status: In Progress for ticket A15-2902
2026-02-10 13:03:35,427 | INFO | No defined transition for current status: In Progress for ticket A15-2902
2026-02-10 13:03:35,428 | INFO | No defined transition for current status: In Progress for ticket A15-2902
2026-02-10 13:03:35,429 | INFO | No defined transition for current status: In Progress for ticket A15-2902
2026-02-10 13:03:35,429 | INFO | No defined transition for current status: In Progress for ticket A15-2902
2026-02-10 13:03:35,430 | INFO | No defined transition for current status: In Progress for ticket A15-2902
2026-02-10 13:03:35,431 | INFO | No defined transition for current status: In Progress for ticket A15-2902
2026-02-10 13:03:35,431 | INFO | No defined transition for current status: In Progress for ticket A15-2902
2026-02-10 13:03:35,432 | INFO | No defined transition for current status: In Progress for ticket A15-2902
2026-02-10 13:03:35,432 | INFO | No defined transition for current status: In Progress for ticket A15-2902
2026-02-10 13:03:35,433 | INFO | No defined transition for current status: In Progress for ticket A15-2902
2026-02-10 13:03:35,433 | INFO | No defined transition for current status: In Progress for ticket A15-2902
2026-02-10 13:03:35,434 | INFO | No defined transition for current status: In Progress for ticket A15-2902
2026-02-10 13:03:35,434 | INFO | No defined transition for current status: In Progress for ticket A15-2902
2026-02-10 13:03:35,435 | INFO | No defined transition for current status: In Progress for ticket A15-2902
2026-02-10 13:03:35,436 | INFO | No defined transition for current status: In Progress for ticket A15-2902
2026-02-10 13:03:35,436 | INFO | No defined transition for current status: In Progress for ticket A15-2902
2026-02-10 13:03:35,437 | INFO | No defined transition for current status: In Progress for ticket A15-2902
2026-02-10 13:03:35,438 | INFO | No defined transition for current status: In Progress for ticket A15-2902
2026-02-10 13:03:35,438 | INFO | No defined transition for current status: In Progress for ticket A15-2902
2026-02-10 13:03:35,439 | INFO | No defined transition for current status: In Progress for ticket A15-2902
2026-02-10 13:03:35,440 | INFO | No defined transition for current status: In Progress for ticket A15-2902
2026-02-10 13:03:35,440 | INFO | No defined transition for current status: In Progress for ticket A15-2902
2026-02-10 13:03:35,441 | INFO | No defined transition for current status: In Progress for ticket A15-2902
2026-02-10 13:03:35,442 | INFO | No defined transition for current status: In Progress for ticket A15-2902
2026-02-10 13:03:35,442 | INFO | No defined transition for current status: In Progress for ticket A15-2902
2026-02-10 13:03:35,443 | INFO | No defined transition for current status: In Progress for ticket A15-2902
2026-02-10 13:03:35,444 | INFO | No defined transition for current status: In Progress for ticket A15-2902
2026-02-10 13:03:35,444 | INFO | No defined transition for current status: In Progress for ticket A15-2902
2026-02-10 13:03:35,445 | INFO | No defined transition for current status: In Progress for ticket A15-2902
2026-02-10 13:03:35,446 | INFO | No defined transition for current status: In Progress for ticket A15-2902
2026-02-10 13:03:35,446 | INFO | No defined transition for current status: In Progress for ticket A15-2902
2026-02-10 13:03:35,447 | INFO | No defined transition for current status: In Progress for ticket A15-2902
2026-02-10 13:03:35,447 | INFO | No defined transition for current status: In Progress for ticket A15-2902
2026-02-10 13:03:35,448 | INFO | No defined transition for current status: In Progress for ticket A15-2902
2026-02-10 13:03:35,448 | INFO | No defined transition for current status: In Progress for ticket A15-2902
2026-02-10 13:03:35,448 | INFO | No defined transition for current status: In Progress for ticket A15-2902
2026-02-10 13:03:35,449 | INFO | No defined transition for current status: In Progress for ticket A15-2902
2026-02-10 13:03:35,449 | INFO | No defined transition for current status: In Progress for ticket A15-2902
2026-02-10 13:03:35,450 | INFO | No defined transition for current status: In Progress for ticket A15-2902
2026-02-10 13:03:35,451 | INFO | No defined transition for current status: In Progress for ticket A15-2902
2026-02-10 13:03:35,451 | INFO | No defined transition for current status: In Progress for ticket A15-2902
2026-02-10 13:03:35,452 | INFO | No defined transition for current status: In Progress for ticket A15-2902
2026-02-10 13:03:35,453 | INFO | No defined transition for current status: In Progress for ticket A15-2902
2026-02-10 13:03:35,453 | INFO | No defined transition for current status: In Progress for ticket A15-2902
2026-02-10 13:03:35,454 | INFO | No defined transition for current status: In Progress for ticket A15-2902
2026-02-10 13:03:35,454 | INFO | No defined transition for current status: In Progress for ticket A15-2902
2026-02-10 13:03:35,455 | INFO | No defined transition for current status: In Progress for ticket A15-2902
2026-02-10 13:03:35,456 | INFO | No defined transition for current status: In Progress for ticket A15-2902
2026-02-10 13:03:35,456 | INFO | No defined transition for current status: In Progress for ticket A15-2902
2026-02-10 13:03:35,457 | INFO | No defined transition for current status: In Progress for ticket A15-2902
2026-02-10 13:03:35,458 | INFO | No defined transition for current status: In Progress for ticket A15-2902
2026-02-10 13:03:35,458 | INFO | No defined transition for current status: In Progress for ticket A15-2902
2026-02-10 13:03:35,459 | INFO | No defined transition for current status: In Progress for ticket A15-2902
2026-02-10 13:03:35,460 | INFO | No defined transition for current status: In Progress for ticket A15-2902
2026-02-10 13:03:35,460 | INFO | No defined transition for current status: In Progress for ticket A15-2902
2026-02-10 13:03:35,461 | INFO | No defined transition for current status: In Progress for ticket A15-2902
2026-02-10 13:03:35,462 | INFO | No defined transition for current status: In Progress for ticket A15-2902
2026-02-10 13:03:35,463 | INFO | No defined transition for current status: In Progress for ticket A15-2902
2026-02-10 13:03:35,463 | INFO | No defined transition for current status: In Progress for ticket A15-2902
2026-02-10 13:03:35,464 | INFO | No defined transition for current status: In Progress for ticket A15-2902
2026-02-10 13:03:35,464 | INFO | No defined transition for current status: In Progress for ticket A15-2902
2026-02-10 13:03:35,464 | INFO | No defined transition for current status: In Progress for ticket A15-2902
2026-02-10 13:03:35,465 | INFO | No defined transition for current status: In Progress for ticket A15-2902
2026-02-10 13:03:35,465 | INFO | No defined transition for current status: In Progress for ticket A15-2902
2026-02-10 13:03:35,466 | INFO | No defined transition for current status: In Progress for ticket A15-2902
2026-02-10 13:03:35,466 | INFO | No defined transition for current status: In Progress for ticket A15-2902
2026-02-10 13:03:35,467 | INFO | No defined transition for current status: In Progress for ticket A15-2902
2026-02-10 13:03:35,468 | INFO | No defined transition for current status: In Progress for ticket A15-2902
2026-02-10 13:03:35,468 | INFO | No defined transition for current status: In Progress for ticket A15-2902
2026-02-10 13:03:35,469 | INFO | No defined transition for current status: In Progress for ticket A15-2902
2026-02-10 13:03:35,470 | INFO | No defined transition for current status: In Progress for ticket A15-2902
2026-02-10 13:03:35,470 | INFO | No defined transition for current status: In Progress for ticket A15-2902
2026-02-10 13:03:35,470 | INFO | No defined transition for current status: In Progress for ticket A15-2902
2026-02-10 13:03:35,471 | INFO | No defined transition for current status: In Progress for ticket A15-2902
2026-02-10 13:03:35,471 | INFO | No defined transition for current status: In Progress for ticket A15-2902
2026-02-10 13:03:35,472 | INFO | No defined transition for current status: In Progress for ticket A15-2902
2026-02-10 13:03:35,473 | INFO | No defined transition for current status: In Progress for ticket A15-2902
2026-02-10 13:03:35,473 | INFO | No defined transition for current status: In Progress for ticket A15-2902
2026-02-10 13:03:35,474 | INFO | No defined transition for current status: In Progress for ticket A15-2902
2026-02-10 13:03:35,474 | INFO | No defined transition for current status: In Progress for ticket A15-2902
2026-02-10 13:03:35,475 | INFO | No defined transition for current status: In Progress for ticket A15-2902
2026-02-10 13:03:35,475 | INFO | No defined transition for current status: In Progress for ticket A15-2902
2026-02-10 13:03:35,476 | INFO | No defined transition for current status: In Progress for ticket A15-2902
2026-02-10 13:03:35,476 | INFO | No defined transition for current status: In Progress for ticket A15-2902
2026-02-10 13:03:35,477 | INFO | No defined transition for current status: In Progress for ticket A15-2902
2026-02-10 13:03:35,478 | INFO | No defined transition for current status: In Progress for ticket A15-2902
2026-02-10 13:03:35,478 | INFO | No defined transition for current status: In Progress for ticket A15-2902
2026-02-10 13:03:35,479 | INFO | No defined transition for current status: In Progress for ticket A15-2902
2026-02-10 13:03:35,479 | INFO | No defined transition for current status: In Progress for ticket A15-2902
2026-02-10 13:03:35,480 | INFO | No defined transition for current status: In Progress for ticket A15-2902
2026-02-10 13:03:35,480 | INFO | No defined transition for current status: In Progress for ticket A15-2902
2026-02-10 13:03:35,481 | INFO | No defined transition for current status: In Progress for ticket A15-2902
2026-02-10 13:03:35,481 | INFO | No defined transition for current status: In Progress for ticket A15-2902
2026-02-10 13:03:35,482 | INFO | No defined transition for current status: In Progress for ticket A15-2902
2026-02-10 13:03:35,482 | INFO | No defined transition for current status: In Progress for ticket A15-2902
2026-02-10 13:03:35,483 | INFO | No defined transition for current status: In Progress for ticket A15-2902
2026-02-10 13:03:35,484 | INFO | No defined transition for current status: In Progress for ticket A15-2902
2026-02-10 13:03:35,485 | INFO | No defined transition for current status: In Progress for ticket A15-2902
2026-02-10 13:03:35,485 | INFO | No defined transition for current status: In Progress for ticket A15-2902
2026-02-10 13:03:35,486 | INFO | No defined transition for current status: In Progress for ticket A15-2902
2026-02-10 13:03:35,487 | INFO | No defined transition for current status: In Progress for ticket A15-2902
2026-02-10 13:03:35,487 | INFO | No defined transition for current status: In Progress for ticket A15-2902
2026-02-10 13:03:35,488 | INFO | No defined transition for current status: In Progress for ticket A15-2902
2026-02-10 13:03:35,489 | INFO | No defined transition for current status: In Progress for ticket A15-2902
2026-02-10 13:03:35,489 | INFO | No defined transition for current status: In Progress for ticket A15-2902
2026-02-10 13:03:35,490 | INFO | No defined transition for current status: In Progress for ticket A15-2902
2026-02-10 13:03:35,491 | INFO | No defined transition for current status: In Progress for ticket A15-2902
2026-02-10 13:03:35,491 | INFO | No defined transition for current status: In Progress for ticket A15-2902
2026-02-10 13:03:35,492 | INFO | No defined transition for current status: In Progress for ticket A15-2902
2026-02-10 13:03:35,493 | INFO | No defined transition for current status: In Progress for ticket A15-2902
2026-02-10 13:03:35,494 | INFO | No defined transition for current status: In Progress for ticket A15-2902
2026-02-10 13:03:35,494 | INFO | No defined transition for current status: In Progress for ticket A15-2902
2026-02-10 13:03:35,495 | INFO | No defined transition for current status: In Progress for ticket A15-2902
2026-02-10 13:03:35,496 | INFO | No defined transition for current status: In Progress for ticket A15-2902
2026-02-10 13:03:35,496 | INFO | No defined transition for current status: In Progress for ticket A15-2902
2026-02-10 13:03:35,497 | INFO | No defined transition for current status: In Progress for ticket A15-2902
2026-02-10 13:03:35,498 | INFO | No defined transition for current status: In Progress for ticket A15-2902
2026-02-10 13:03:35,498 | INFO | No defined transition for current status: In Progress for ticket A15-2902
2026-02-10 13:03:35,499 | INFO | No defined transition for current status: In Progress for ticket A15-2902
2026-02-10 13:03:35,500 | INFO | No defined transition for current status: In Progress for ticket A15-2902
2026-02-10 13:03:35,500 | INFO | No defined transition for current status: In Progress for ticket A15-2902
2026-02-10 13:03:35,501 | INFO | No defined transition for current status: In Progress for ticket A15-2902
2026-02-10 13:03:35,502 | INFO | No defined transition for current status: In Progress for ticket A15-2902
2026-02-10 13:03:35,502 | INFO | No defined transition for current status: In Progress for ticket A15-2902
2026-02-10 13:03:35,503 | INFO | No defined transition for current status: In Progress for ticket A15-2902
2026-02-10 13:03:35,504 | INFO | No defined transition for current status: In Progress for ticket A15-2902
2026-02-10 13:03:35,504 | INFO | No defined transition for current status: In Progress for ticket A15-2902
2026-02-10 13:03:35,505 | INFO | No defined transition for current status: In Progress for ticket A15-2902
2026-02-10 13:03:35,505 | INFO | No defined transition for current status: In Progress for ticket A15-2902
2026-02-10 13:03:35,506 | INFO | No defined transition for current status: In Progress for ticket A15-2902
2026-02-10 13:03:35,507 | INFO | No defined transition for current status: In Progress for ticket A15-2902
2026-02-10 13:03:35,508 | INFO | No defined transition for current status: In Progress for ticket A15-2902
2026-02-10 13:03:35,508 | INFO | No defined transition for current status: In Progress for ticket A15-2902
2026-02-10 13:03:35,508 | INFO | No defined transition for current status: In Progress for ticket A15-2902
2026-02-10 13:03:35,509 | INFO | No defined transition for current status: In Progress for ticket A15-2902
2026-02-10 13:03:35,510 | INFO | No defined transition for current status: In Progress for ticket A15-2902
2026-02-10 13:03:35,510 | INFO | No defined transition for current status: In Progress for ticket A15-2902
2026-02-10 13:03:35,511 | INFO | No defined transition for current status: In Progress for ticket A15-2902
2026-02-10 13:03:35,512 | INFO | No defined transition for current status: In Progress for ticket A15-2902
2026-02-10 13:03:35,512 | INFO | No defined transition for current status: In Progress for ticket A15-2902
2026-02-10 13:03:35,513 | INFO | No defined transition for current status: In Progress for ticket A15-2902
2026-02-10 13:03:35,513 | INFO | No defined transition for current status: In Progress for ticket A15-2902
2026-02-10 13:03:35,514 | INFO | No defined transition for current status: In Progress for ticket A15-2902
2026-02-10 13:03:35,515 | INFO | No defined transition for current status: In Progress for ticket A15-2902
2026-02-10 13:03:35,515 | INFO | No defined transition for current status: In Progress for ticket A15-2902
2026-02-10 13:03:35,516 | INFO | No defined transition for current status: In Progress for ticket A15-2902
2026-02-10 13:03:35,518 | INFO | No defined transition for current status: In Progress for ticket A15-2902
2026-02-10 13:03:35,518 | INFO | No defined transition for current status: In Progress for ticket A15-2902
2026-02-10 13:03:35,519 | INFO | No defined transition for current status: In Progress for ticket A15-2902
2026-02-10 13:03:35,520 | INFO | No defined transition for current status: In Progress for ticket A15-2902
2026-02-10 13:03:35,520 | INFO | No defined transition for current status: In Progress for ticket A15-2902
2026-02-10 13:03:35,521 | INFO | No defined transition for current status: In Progress for ticket A15-2902
2026-02-10 13:03:35,522 | INFO | No defined transition for current status: In Progress for ticket A15-2902
2026-02-10 13:03:35,522 | INFO | No defined transition for current status: In Progress for ticket A15-2902
2026-02-10 13:03:35,523 | INFO | No defined transition for current status: In Progress for ticket A15-2902
2026-02-10 13:03:35,524 | INFO | No defined transition for current status: In Progress for ticket A15-2902
2026-02-10 13:03:35,524 | INFO | No defined transition for current status: In Progress for ticket A15-2902
2026-02-10 13:03:35,525 | INFO | No defined transition for current status: In Progress for ticket A15-2902
2026-02-10 13:03:35,526 | INFO | No defined transition for current status: In Progress for ticket A15-2902
2026-02-10 13:03:35,527 | INFO | No defined transition for current status: In Progress for ticket A15-2902
2026-02-10 13:03:35,527 | INFO | No defined transition for current status: In Progress for ticket A15-2902
2026-02-10 13:03:35,528 | INFO | No defined transition for current status: In Progress for ticket A15-2902
2026-02-10 13:03:35,529 | INFO | No defined transition for current status: In Progress for ticket A15-2902
2026-02-10 13:03:35,529 | INFO | No defined transition for current status: In Progress for ticket A15-2902
2026-02-10 13:03:35,530 | INFO | No defined transition for current status: In Progress for ticket A15-2902
2026-02-10 13:03:35,531 | INFO | No defined transition for current status: In Progress for ticket A15-2902
2026-02-10 13:03:35,531 | INFO | No defined transition for current status: In Progress for ticket A15-2902
2026-02-10 13:03:35,532 | INFO | No defined transition for current status: In Progress for ticket A15-2902
2026-02-10 13:03:35,532 | INFO | No defined transition for current status: In Progress for ticket A15-2902
2026-02-10 13:03:35,533 | INFO | No defined transition for current status: In Progress for ticket A15-2902
2026-02-10 13:03:35,533 | INFO | No defined transition for current status: In Progress for ticket A15-2902
2026-02-10 13:03:35,534 | INFO | No defined transition for current status: In Progress for ticket A15-2902
2026-02-10 13:03:35,534 | INFO | No defined transition for current status: In Progress for ticket A15-2902
2026-02-10 13:03:35,535 | INFO | No defined transition for current status: In Progress for ticket A15-2902
2026-02-10 13:03:35,536 | INFO | No defined transition for current status: In Progress for ticket A15-2902
2026-02-10 13:03:35,536 | INFO | No defined transition for current status: In Progress for ticket A15-2902
2026-02-10 13:03:35,537 | INFO | No defined transition for current status: In Progress for ticket A15-2902
2026-02-10 13:03:35,538 | INFO | No defined transition for current status: In Progress for ticket A15-2902
2026-02-10 13:03:35,538 | INFO | No defined transition for current status: In Progress for ticket A15-2902
2026-02-10 13:03:35,539 | INFO | No defined transition for current status: In Progress for ticket A15-2902
2026-02-10 13:03:35,540 | INFO | No defined transition for current status: In Progress for ticket A15-2902
2026-02-10 13:03:35,540 | INFO | No defined transition for current status: In Progress for ticket A15-2902
2026-02-10 13:03:35,541 | INFO | No defined transition for current status: In Progress for ticket A15-2902
2026-02-10 13:03:35,541 | INFO | No defined transition for current status: In Progress for ticket A15-2902
2026-02-10 13:03:35,542 | INFO | No defined transition for current status: In Progress for ticket A15-2902
2026-02-10 13:03:35,543 | INFO | No defined transition for current status: In Progress for ticket A15-2902
2026-02-10 13:03:35,543 | INFO | No defined transition for current status: In Progress for ticket A15-2902
2026-02-10 13:03:35,544 | INFO | No defined transition for current status: In Progress for ticket A15-2902
2026-02-10 13:03:35,545 | INFO | No defined transition for current status: In Progress for ticket A15-2902
2026-02-10 13:03:35,545 | INFO | No defined transition for current status: In Progress for ticket A15-2902
2026-02-10 13:03:35,546 | INFO | No defined transition for current status: In Progress for ticket A15-2902
2026-02-10 13:03:35,546 | INFO | No defined transition for current status: In Progress for ticket A15-2902
2026-02-10 13:03:35,547 | INFO | No defined transition for current status: In Progress for ticket A15-2902
2026-02-10 13:03:35,548 | INFO | No defined transition for current status: In Progress for ticket A15-2902
2026-02-10 13:03:35,548 | INFO | No defined transition for current status: In Progress for ticket A15-2902
2026-02-10 13:03:35,549 | INFO | No defined transition for current status: In Progress for ticket A15-2902
2026-02-10 13:03:35,550 | INFO | No defined transition for current status: In Progress for ticket A15-2902
2026-02-10 13:03:35,550 | INFO | No defined transition for current status: In Progress for ticket A15-2902
2026-02-10 13:03:35,551 | INFO | No defined transition for current status: In Progress for ticket A15-2902
2026-02-10 13:03:35,552 | INFO | No defined transition for current status: In Progress for ticket A15-2902
2026-02-10 13:03:35,552 | INFO | No defined transition for current status: In Progress for ticket A15-2902
2026-02-10 13:03:35,553 | INFO | No defined transition for current status: In Progress for ticket A15-2902
2026-02-10 13:03:35,554 | INFO | No defined transition for current status: In Progress for ticket A15-2902
2026-02-10 13:03:35,554 | INFO | No defined transition for current status: In Progress for ticket A15-2902
2026-02-10 13:03:35,556 | INFO | No defined transition for current status: In Progress for ticket A15-2902
2026-02-10 13:03:35,556 | INFO | No defined transition for current status: In Progress for ticket A15-2902
2026-02-10 13:03:35,557 | INFO | No defined transition for current status: In Progress for ticket A15-2902
2026-02-10 13:03:35,557 | INFO | No defined transition for current status: In Progress for ticket A15-2902
2026-02-10 13:03:35,558 | INFO | No defined transition for current status: In Progress for ticket A15-2902
2026-02-10 13:03:35,559 | INFO | No defined transition for current status: In Progress for ticket A15-2902
2026-02-10 13:03:35,559 | INFO | No defined transition for current status: In Progress for ticket A15-2902
2026-02-10 13:03:35,560 | INFO | No defined transition for current status: In Progress for ticket A15-2902
2026-02-10 13:03:35,561 | INFO | No defined transition for current status: In Progress for ticket A15-2902
2026-02-10 13:03:35,561 | INFO | No defined transition for current status: In Progress for ticket A15-2902
2026-02-10 13:03:35,562 | INFO | No defined transition for current status: In Progress for ticket A15-2902
2026-02-10 13:03:35,563 | INFO | No defined transition for current status: In Progress for ticket A15-2902
2026-02-10 13:03:35,563 | INFO | No defined transition for current status: In Progress for ticket A15-2902
2026-02-10 13:03:35,564 | INFO | No defined transition for current status: In Progress for ticket A15-2902
2026-02-10 13:03:35,564 | INFO | No defined transition for current status: In Progress for ticket A15-2902
2026-02-10 13:03:35,565 | INFO | No defined transition for current status: In Progress for ticket A15-2902
2026-02-10 13:03:35,566 | INFO | No defined transition for current status: In Progress for ticket A15-2902
2026-02-10 13:03:35,566 | INFO | No defined transition for current status: In Progress for ticket A15-2902
2026-02-10 13:03:35,567 | INFO | No defined transition for current status: In Progress for ticket A15-2902
2026-02-10 13:03:35,567 | INFO | No defined transition for current status: In Progress for ticket A15-2902
2026-02-10 13:03:35,568 | INFO | No defined transition for current status: In Progress for ticket A15-2902
2026-02-10 13:03:35,569 | INFO | No defined transition for current status: In Progress for ticket A15-2902
2026-02-10 13:03:35,569 | INFO | No defined transition for current status: In Progress for ticket A15-2902
2026-02-10 13:03:35,570 | INFO | No defined transition for current status: In Progress for ticket A15-2902
2026-02-10 13:03:35,570 | INFO | No defined transition for current status: In Progress for ticket A15-2902
2026-02-10 13:03:35,571 | INFO | No defined transition for current status: In Progress for ticket A15-2902
2026-02-10 13:03:35,572 | INFO | No defined transition for current status: In Progress for ticket A15-2902
2026-02-10 13:03:35,572 | INFO | No defined transition for current status: In Progress for ticket A15-2902
2026-02-10 13:03:35,573 | INFO | No defined transition for current status: In Progress for ticket A15-2902
2026-02-10 13:03:35,574 | INFO | No defined transition for current status: In Progress for ticket A15-2902
2026-02-10 13:03:35,574 | INFO | No defined transition for current status: In Progress for ticket A15-2902
2026-02-10 13:03:35,575 | INFO | No defined transition for current status: In Progress for ticket A15-2902
2026-02-10 13:03:35,576 | INFO | No defined transition for current status: In Progress for ticket A15-2902
2026-02-10 13:03:35,577 | INFO | No defined transition for current status: In Progress for ticket A15-2902
2026-02-10 13:03:35,577 | INFO | No defined transition for current status: In Progress for ticket A15-2902
2026-02-10 13:03:35,578 | INFO | No defined transition for current status: In Progress for ticket A15-2902
2026-02-10 13:03:35,579 | INFO | No defined transition for current status: In Progress for ticket A15-2902
2026-02-10 13:03:35,580 | INFO | No defined transition for current status: In Progress for ticket A15-2902
2026-02-10 13:03:35,580 | INFO | No defined transition for current status: In Progress for ticket A15-2902
2026-02-10 13:03:35,581 | INFO | No defined transition for current status: In Progress for ticket A15-2902
2026-02-10 13:03:35,582 | INFO | No defined transition for current status: In Progress for ticket A15-2902
2026-02-10 13:03:35,583 | INFO | No defined transition for current status: In Progress for ticket A15-2902
2026-02-10 13:03:35,583 | INFO | No defined transition for current status: In Progress for ticket A15-2902
2026-02-10 13:03:35,583 | INFO | No defined transition for current status: In Progress for ticket A15-2902
2026-02-10 13:03:35,584 | INFO | No defined transition for current status: In Progress for ticket A15-2902
2026-02-10 13:03:35,586 | INFO | No defined transition for current status: In Progress for ticket A15-2902
2026-02-10 13:03:35,587 | INFO | No defined transition for current status: In Progress for ticket A15-2902
2026-02-10 13:03:35,587 | INFO | No defined transition for current status: In Progress for ticket A15-2902
2026-02-10 13:03:35,588 | INFO | No defined transition for current status: In Progress for ticket A15-2902
2026-02-10 13:03:35,588 | INFO | No defined transition for current status: In Progress for ticket A15-2902
2026-02-10 13:03:35,588 | INFO | No defined transition for current status: In Progress for ticket A15-2902
2026-02-10 13:03:35,590 | INFO | No defined transition for current status: In Progress for ticket A15-2902
2026-02-10 13:03:35,591 | INFO | No defined transition for current status: In Progress for ticket A15-2902
2026-02-10 13:03:35,591 | INFO | No defined transition for current status: In Progress for ticket A15-2902
2026-02-10 13:03:35,592 | INFO | No defined transition for current status: In Progress for ticket A15-2902
2026-02-10 13:03:35,592 | INFO | No defined transition for current status: In Progress for ticket A15-2902
2026-02-10 13:03:35,593 | INFO | No defined transition for current status: In Progress for ticket A15-2902
2026-02-10 13:03:35,594 | INFO | No defined transition for current status: In Progress for ticket A15-2902
2026-02-10 13:03:35,594 | INFO | No defined transition for current status: In Progress for ticket A15-2902
2026-02-10 13:03:35,595 | INFO | No defined transition for current status: In Progress for ticket A15-2902
2026-02-10 13:03:35,596 | INFO | No defined transition for current status: In Progress for ticket A15-2902
2026-02-10 13:03:35,596 | INFO | No defined transition for current status: In Progress for ticket A15-2902
2026-02-10 13:03:35,597 | INFO | No defined transition for current status: In Progress for ticket A15-2902
2026-02-10 13:03:35,598 | INFO | No defined transition for current status: In Progress for ticket A15-2902
2026-02-10 13:03:35,598 | INFO | No defined transition for current status: In Progress for ticket A15-2902
2026-02-10 13:03:35,599 | INFO | No defined transition for current status: In Progress for ticket A15-2902
2026-02-10 13:03:35,600 | INFO | No defined transition for current status: In Progress for ticket A15-2902
2026-02-10 13:03:35,600 | INFO | No defined transition for current status: In Progress for ticket A15-2902
2026-02-10 13:03:35,601 | INFO | No defined transition for current status: In Progress for ticket A15-2902
2026-02-10 13:03:35,602 | INFO | No defined transition for current status: In Progress for ticket A15-2902
2026-02-10 13:03:35,602 | INFO | No defined transition for current status: In Progress for ticket A15-2902
2026-02-10 13:03:35,603 | INFO | No defined transition for current status: In Progress for ticket A15-2902
2026-02-10 13:03:35,604 | INFO | No defined transition for current status: In Progress for ticket A15-2902
2026-02-10 13:03:35,604 | INFO | No defined transition for current status: In Progress for ticket A15-2902
2026-02-10 13:03:35,605 | INFO | No defined transition for current status: In Progress for ticket A15-2902
2026-02-10 13:03:35,606 | INFO | No defined transition for current status: In Progress for ticket A15-2902
2026-02-10 13:03:35,606 | INFO | No defined transition for current status: In Progress for ticket A15-2902
2026-02-10 13:03:35,607 | INFO | No defined transition for current status: In Progress for ticket A15-2902
2026-02-10 13:03:35,608 | INFO | No defined transition for current status: In Progress for ticket A15-2902
2026-02-10 13:03:35,608 | INFO | No defined transition for current status: In Progress for ticket A15-2902
2026-02-10 13:03:35,609 | INFO | No defined transition for current status: In Progress for ticket A15-2902
2026-02-10 13:03:35,610 | INFO | No defined transition for current status: In Progress for ticket A15-2902
2026-02-10 13:03:35,610 | INFO | No defined transition for current status: In Progress for ticket A15-2902
2026-02-10 13:03:35,611 | INFO | No defined transition for current status: In Progress for ticket A15-2902
2026-02-10 13:03:35,612 | INFO | No defined transition for current status: In Progress for ticket A15-2902
2026-02-10 13:03:35,612 | INFO | No defined transition for current status: In Progress for ticket A15-2902
2026-02-10 13:03:35,614 | INFO | No defined transition for current status: In Progress for ticket A15-2902
2026-02-10 13:03:35,614 | INFO | No defined transition for current status: In Progress for ticket A15-2902
2026-02-10 13:03:35,614 | INFO | No defined transition for current status: In Progress for ticket A15-2902
2026-02-10 13:03:35,615 | INFO | No defined transition for current status: In Progress for ticket A15-2902
2026-02-10 13:03:35,616 | INFO | No defined transition for current status: In Progress for ticket A15-2902
2026-02-10 13:03:35,616 | INFO | No defined transition for current status: In Progress for ticket A15-2902
2026-02-10 13:03:35,617 | INFO | No defined transition for current status: In Progress for ticket A15-2902
2026-02-10 13:03:35,618 | INFO | No defined transition for current status: In Progress for ticket A15-2902
2026-02-10 13:03:35,619 | INFO | No defined transition for current status: In Progress for ticket A15-2902
2026-02-10 13:03:35,620 | INFO | No defined transition for current status: In Progress for ticket A15-2902
2026-02-10 13:03:35,621 | INFO | No defined transition for current status: In Progress for ticket A15-2902
2026-02-10 13:03:35,622 | INFO | No defined transition for current status: In Progress for ticket A15-2902
2026-02-10 13:03:35,623 | INFO | No defined transition for current status: In Progress for ticket A15-2902
2026-02-10 13:03:35,623 | INFO | No defined transition for current status: In Progress for ticket A15-2902
2026-02-10 13:03:35,624 | INFO | No defined transition for current status: In Progress for ticket A15-2902
2026-02-10 13:03:35,625 | INFO | No defined transition for current status: In Progress for ticket A15-2902
2026-02-10 13:03:35,626 | INFO | No defined transition for current status: In Progress for ticket A15-2902
2026-02-10 13:03:35,627 | INFO | No defined transition for current status: In Progress for ticket A15-2902
2026-02-10 13:03:35,628 | INFO | No defined transition for current status: In Progress for ticket A15-2902
2026-02-10 13:03:35,629 | INFO | No defined transition for current status: In Progress for ticket A15-2902
2026-02-10 13:03:35,630 | INFO | No defined transition for current status: In Progress for ticket A15-2902
2026-02-10 13:03:35,631 | INFO | No defined transition for current status: In Progress for ticket A15-2902
2026-02-10 13:03:35,631 | INFO | No defined transition for current status: In Progress for ticket A15-2902
2026-02-10 13:03:35,632 | INFO | No defined transition for current status: In Progress for ticket A15-2902
2026-02-10 13:03:35,633 | INFO | No defined transition for current status: In Progress for ticket A15-2902
2026-02-10 13:03:35,634 | INFO | No defined transition for current status: In Progress for ticket A15-2902
2026-02-10 13:03:35,635 | INFO | No defined transition for current status: In Progress for ticket A15-2902
2026-02-10 13:03:35,636 | INFO | No defined transition for current status: In Progress for ticket A15-2902
2026-02-10 13:03:35,636 | INFO | No defined transition for current status: In Progress for ticket A15-2902
2026-02-10 13:03:35,637 | INFO | No defined transition for current status: In Progress for ticket A15-2902
2026-02-10 13:03:35,638 | INFO | No defined transition for current status: In Progress for ticket A15-2902
2026-02-10 13:03:35,639 | INFO | No defined transition for current status: In Progress for ticket A15-2902
2026-02-10 13:03:35,640 | INFO | No defined transition for current status: In Progress for ticket A15-2902
2026-02-10 13:03:35,640 | INFO | No defined transition for current status: In Progress for ticket A15-2902
2026-02-10 13:03:35,641 | INFO | No defined transition for current status: In Progress for ticket A15-2902
2026-02-10 13:03:35,642 | INFO | No defined transition for current status: In Progress for ticket A15-2902
2026-02-10 13:03:35,643 | INFO | No defined transition for current status: In Progress for ticket A15-2902
2026-02-10 13:03:35,643 | INFO | No defined transition for current status: In Progress for ticket A15-2902
2026-02-10 13:03:35,644 | INFO | No defined transition for current status: In Progress for ticket A15-2902
2026-02-10 13:03:35,645 | INFO | No defined transition for current status: In Progress for ticket A15-2902
2026-02-10 13:03:35,646 | INFO | No defined transition for current status: In Progress for ticket A15-2902
2026-02-10 13:03:35,646 | INFO | No defined transition for current status: In Progress for ticket A15-2902
2026-02-10 13:03:35,647 | INFO | No defined transition for current status: In Progress for ticket A15-2902
2026-02-10 13:03:35,648 | INFO | No defined transition for current status: In Progress for ticket A15-2902
2026-02-10 13:03:35,649 | INFO | No defined transition for current status: In Progress for ticket A15-2902
2026-02-10 13:03:35,649 | INFO | No defined transition for current status: In Progress for ticket A15-2902
2026-02-10 13:03:35,650 | INFO | No defined transition for current status: In Progress for ticket A15-2902
2026-02-10 13:03:35,650 | INFO | No defined transition for current status: In Progress for ticket A15-2902
2026-02-10 13:03:35,651 | INFO | No defined transition for current status: In Progress for ticket A15-2902
2026-02-10 13:03:35,652 | INFO | No defined transition for current status: In Progress for ticket A15-2902
2026-02-10 13:03:35,652 | INFO | No defined transition for current status: In Progress for ticket A15-2902
2026-02-10 13:03:35,653 | INFO | No defined transition for current status: In Progress for ticket A15-2902
2026-02-10 13:03:35,653 | INFO | No defined transition for current status: In Progress for ticket A15-2902
2026-02-10 13:03:35,654 | INFO | No defined transition for current status: In Progress for ticket A15-2902
2026-02-10 13:03:35,654 | INFO | No defined transition for current status: In Progress for ticket A15-2902
2026-02-10 13:03:35,655 | INFO | No defined transition for current status: In Progress for ticket A15-2902
2026-02-10 13:03:35,655 | INFO | No defined transition for current status: In Progress for ticket A15-2902
2026-02-10 13:03:35,656 | INFO | No defined transition for current status: In Progress for ticket A15-2902
2026-02-10 13:03:35,657 | INFO | No defined transition for current status: In Progress for ticket A15-2902
2026-02-10 13:03:35,657 | INFO | No defined transition for current status: In Progress for ticket A15-2902
2026-02-10 13:03:35,658 | INFO | No defined transition for current status: In Progress for ticket A15-2902
2026-02-10 13:03:35,658 | INFO | No defined transition for current status: In Progress for ticket A15-2902
2026-02-10 13:03:35,659 | INFO | No defined transition for current status: In Progress for ticket A15-2902
2026-02-10 13:03:35,659 | INFO | No defined transition for current status: In Progress for ticket A15-2902
2026-02-10 13:03:35,660 | INFO | No defined transition for current status: In Progress for ticket A15-2902
2026-02-10 13:03:35,660 | INFO | No defined transition for current status: In Progress for ticket A15-2902
2026-02-10 13:03:35,661 | INFO | No defined transition for current status: In Progress for ticket A15-2902
2026-02-10 13:03:35,661 | INFO | No defined transition for current status: In Progress for ticket A15-2902
2026-02-10 13:03:35,662 | INFO | No defined transition for current status: In Progress for ticket A15-2902
2026-02-10 13:03:35,662 | INFO | No defined transition for current status: In Progress for ticket A15-2902
2026-02-10 13:03:35,664 | INFO | No defined transition for current status: In Progress for ticket A15-2902
2026-02-10 13:03:35,664 | INFO | No defined transition for current status: In Progress for ticket A15-2902
2026-02-10 13:03:35,664 | INFO | No defined transition for current status: In Progress for ticket A15-2902
2026-02-10 13:03:35,665 | INFO | No defined transition for current status: In Progress for ticket A15-2902
2026-02-10 13:03:35,666 | INFO | No defined transition for current status: In Progress for ticket A15-2902
2026-02-10 13:03:35,666 | INFO | No defined transition for current status: In Progress for ticket A15-2902
2026-02-10 13:03:35,667 | INFO | No defined transition for current status: In Progress for ticket A15-2902
2026-02-10 13:03:35,668 | INFO | No defined transition for current status: In Progress for ticket A15-2902
2026-02-10 13:03:35,669 | INFO | No defined transition for current status: In Progress for ticket A15-2902
2026-02-10 13:03:35,669 | INFO | No defined transition for current status: In Progress for ticket A15-2902
2026-02-10 13:03:35,671 | INFO | No defined transition for current status: In Progress for ticket A15-2902
2026-02-10 13:03:35,672 | INFO | No defined transition for current status: In Progress for ticket A15-2902
2026-02-10 13:03:35,672 | INFO | No defined transition for current status: In Progress for ticket A15-2902
2026-02-10 13:03:35,672 | INFO | No defined transition for current status: In Progress for ticket A15-2902
2026-02-10 13:03:35,673 | INFO | No defined transition for current status: In Progress for ticket A15-2902
2026-02-10 13:03:35,674 | INFO | No defined transition for current status: In Progress for ticket A15-2902
2026-02-10 13:03:35,674 | INFO | No defined transition for current status: In Progress for ticket A15-2902
2026-02-10 13:03:35,675 | INFO | No defined transition for current status: In Progress for ticket A15-2902
2026-02-10 13:03:35,675 | INFO | No defined transition for current status: In Progress for ticket A15-2902
2026-02-10 13:03:35,676 | INFO | No defined transition for current status: In Progress for ticket A15-2902
2026-02-10 13:03:35,677 | INFO | No defined transition for current status: In Progress for ticket A15-2902
2026-02-10 13:03:35,677 | INFO | No defined transition for current status: In Progress for ticket A15-2902
2026-02-10 13:03:35,678 | INFO | No defined transition for current status: In Progress for ticket A15-2902
2026-02-10 13:03:35,679 | INFO | No defined transition for current status: In Progress for ticket A15-2902
2026-02-10 13:03:35,679 | INFO | No defined transition for current status: In Progress for ticket A15-2902
2026-02-10 13:03:35,680 | INFO | No defined transition for current status: In Progress for ticket A15-2902
2026-02-10 13:03:35,681 | INFO | No defined transition for current status: In Progress for ticket A15-2902
2026-02-10 13:03:35,681 | INFO | No defined transition for current status: In Progress for ticket A15-2902
2026-02-10 13:03:35,682 | INFO | No defined transition for current status: In Progress for ticket A15-2902
2026-02-10 13:03:35,683 | INFO | No defined transition for current status: In Progress for ticket A15-2902
2026-02-10 13:03:35,683 | INFO | No defined transition for current status: In Progress for ticket A15-2902
2026-02-10 13:03:35,685 | INFO | No defined transition for current status: In Progress for ticket A15-2902
2026-02-10 13:03:35,685 | INFO | No defined transition for current status: In Progress for ticket A15-2902
2026-02-10 13:03:35,686 | INFO | No defined transition for current status: In Progress for ticket A15-2902
2026-02-10 13:03:35,686 | INFO | No defined transition for current status: In Progress for ticket A15-2902
2026-02-10 13:03:35,687 | INFO | No defined transition for current status: In Progress for ticket A15-2902
2026-02-10 13:03:35,688 | INFO | No defined transition for current status: In Progress for ticket A15-2902
2026-02-10 13:03:35,688 | INFO | No defined transition for current status: In Progress for ticket A15-2902
2026-02-10 13:03:35,689 | INFO | No defined transition for current status: In Progress for ticket A15-2902
2026-02-10 13:03:35,690 | INFO | No defined transition for current status: In Progress for ticket A15-2902
2026-02-10 13:03:35,690 | INFO | No defined transition for current status: In Progress for ticket A15-2902
2026-02-10 13:03:35,691 | INFO | No defined transition for current status: In Progress for ticket A15-2902
2026-02-10 13:03:35,692 | INFO | No defined transition for current status: In Progress for ticket A15-2902
2026-02-10 13:03:35,692 | INFO | No defined transition for current status: In Progress for ticket A15-2902
2026-02-10 13:03:35,692 | INFO | No defined transition for current status: In Progress for ticket A15-2902
2026-02-10 13:03:35,693 | INFO | No defined transition for current status: In Progress for ticket A15-2902
2026-02-10 13:03:35,693 | INFO | No defined transition for current status: In Progress for ticket A15-2902
2026-02-10 13:03:35,694 | INFO | No defined transition for current status: In Progress for ticket A15-2902
2026-02-10 13:03:35,694 | INFO | No defined transition for current status: In Progress for ticket A15-2902
2026-02-10 13:03:35,695 | INFO | No defined transition for current status: In Progress for ticket A15-2902
2026-02-10 13:03:35,696 | INFO | No defined transition for current status: In Progress for ticket A15-2902
2026-02-10 13:03:35,696 | INFO | No defined transition for current status: In Progress for ticket A15-2902
2026-02-10 13:03:35,697 | INFO | No defined transition for current status: In Progress for ticket A15-2902
2026-02-10 13:03:35,698 | INFO | No defined transition for current status: In Progress for ticket A15-2902
2026-02-10 13:03:35,698 | INFO | No defined transition for current status: In Progress for ticket A15-2902
2026-02-10 13:03:35,699 | INFO | No defined transition for current status: In Progress for ticket A15-2902
2026-02-10 13:03:35,700 | INFO | No defined transition for current status: In Progress for ticket A15-2902
2026-02-10 13:03:35,700 | INFO | No defined transition for current status: In Progress for ticket A15-2902
2026-02-10 13:03:35,701 | INFO | No defined transition for current status: In Progress for ticket A15-2902
2026-02-10 13:03:35,702 | INFO | No defined transition for current status: In Progress for ticket A15-2902
2026-02-10 13:03:35,703 | INFO | No defined transition for current status: In Progress for ticket A15-2902
2026-02-10 13:03:35,703 | INFO | No defined transition for current status: In Progress for ticket A15-2902
2026-02-10 13:03:35,704 | INFO | No defined transition for current status: In Progress for ticket A15-2902
2026-02-10 13:03:35,705 | INFO | No defined transition for current status: In Progress for ticket A15-2902
2026-02-10 13:03:35,705 | INFO | No defined transition for current status: In Progress for ticket A15-2902
2026-02-10 13:03:35,706 | INFO | No defined transition for current status: In Progress for ticket A15-2902
2026-02-10 13:03:35,707 | INFO | No defined transition for current status: In Progress for ticket A15-2902
2026-02-10 13:03:35,707 | INFO | No defined transition for current status: In Progress for ticket A15-2902
2026-02-10 13:03:35,708 | INFO | No defined transition for current status: In Progress for ticket A15-2902
2026-02-10 13:03:35,709 | INFO | No defined transition for current status: In Progress for ticket A15-2902
2026-02-10 13:03:35,709 | INFO | No defined transition for current status: In Progress for ticket A15-2902
2026-02-10 13:03:35,710 | INFO | No defined transition for current status: In Progress for ticket A15-2902
2026-02-10 13:03:35,711 | INFO | No defined transition for current status: In Progress for ticket A15-2902
2026-02-10 13:03:35,712 | INFO | No defined transition for current status: In Progress for ticket A15-2902
2026-02-10 13:03:35,712 | INFO | No defined transition for current status: In Progress for ticket A15-2902
2026-02-10 13:03:35,713 | INFO | No defined transition for current status: In Progress for ticket A15-2902
2026-02-10 13:03:35,714 | INFO | No defined transition for current status: In Progress for ticket A15-2902
2026-02-10 13:03:35,714 | INFO | No defined transition for current status: In Progress for ticket A15-2902
2026-02-10 13:03:35,715 | INFO | No defined transition for current status: In Progress for ticket A15-2902
2026-02-10 13:03:35,716 | INFO | No defined transition for current status: In Progress for ticket A15-2902
2026-02-10 13:03:35,716 | INFO | No defined transition for current status: In Progress for ticket A15-2902
2026-02-10 13:03:35,717 | INFO | No defined transition for current status: In Progress for ticket A15-2902
2026-02-10 13:03:35,717 | INFO | No defined transition for current status: In Progress for ticket A15-2902
2026-02-10 13:03:35,718 | INFO | No defined transition for current status: In Progress for ticket A15-2902
2026-02-10 13:03:35,719 | INFO | No defined transition for current status: In Progress for ticket A15-2902
2026-02-10 13:03:35,719 | INFO | No defined transition for current status: In Progress for ticket A15-2902
2026-02-10 13:03:35,720 | INFO | No defined transition for current status: In Progress for ticket A15-2902
2026-02-10 13:03:35,720 | INFO | No defined transition for current status: In Progress for ticket A15-2902
2026-02-10 13:03:35,721 | INFO | No defined transition for current status: In Progress for ticket A15-2902
2026-02-10 13:03:35,722 | INFO | No defined transition for current status: In Progress for ticket A15-2902
2026-02-10 13:03:35,722 | INFO | No defined transition for current status: In Progress for ticket A15-2902
2026-02-10 13:03:35,723 | INFO | No defined transition for current status: In Progress for ticket A15-2902
2026-02-10 13:03:35,724 | INFO | No defined transition for current status: In Progress for ticket A15-2902
2026-02-10 13:03:35,725 | INFO | No defined transition for current status: In Progress for ticket A15-2902
2026-02-10 13:03:35,725 | INFO | No defined transition for current status: In Progress for ticket A15-2902
2026-02-10 13:03:35,726 | INFO | No defined transition for current status: In Progress for ticket A15-2902
2026-02-10 13:03:35,727 | INFO | No defined transition for current status: In Progress for ticket A15-2902
2026-02-10 13:03:35,728 | INFO | No defined transition for current status: In Progress for ticket A15-2902
2026-02-10 13:03:35,728 | INFO | No defined transition for current status: In Progress for ticket A15-2902
2026-02-10 13:03:35,730 | INFO | No defined transition for current status: In Progress for ticket A15-2902
2026-02-10 13:03:35,731 | INFO | No defined transition for current status: In Progress for ticket A15-2902
2026-02-10 13:03:35,731 | INFO | No defined transition for current status: In Progress for ticket A15-2902
2026-02-10 13:03:35,732 | INFO | No defined transition for current status: In Progress for ticket A15-2902
2026-02-10 13:03:35,733 | INFO | No defined transition for current status: In Progress for ticket A15-2902
2026-02-10 13:03:35,733 | INFO | No defined transition for current status: In Progress for ticket A15-2902
2026-02-10 13:03:35,734 | INFO | No defined transition for current status: In Progress for ticket A15-2902
2026-02-10 13:03:35,735 | INFO | No defined transition for current status: In Progress for ticket A15-2902
2026-02-10 13:03:35,736 | INFO | No defined transition for current status: In Progress for ticket A15-2902
2026-02-10 13:03:35,736 | INFO | No defined transition for current status: In Progress for ticket A15-2902
2026-02-10 13:03:35,737 | INFO | No defined transition for current status: In Progress for ticket A15-2902
2026-02-10 13:03:35,738 | INFO | No defined transition for current status: In Progress for ticket A15-2902
2026-02-10 13:03:35,738 | INFO | No defined transition for current status: In Progress for ticket A15-2902
2026-02-10 13:03:35,739 | INFO | No defined transition for current status: In Progress for ticket A15-2902
2026-02-10 13:03:35,739 | INFO | No defined transition for current status: In Progress for ticket A15-2902
2026-02-10 13:03:35,740 | INFO | No defined transition for current status: In Progress for ticket A15-2902
2026-02-10 13:03:35,740 | INFO | No defined transition for current status: In Progress for ticket A15-2902
2026-02-10 13:03:35,741 | INFO | No defined transition for current status: In Progress for ticket A15-2902
2026-02-10 13:03:35,741 | INFO | No defined transition for current status: In Progress for ticket A15-2902
2026-02-10 13:03:35,741 | INFO | No defined transition for current status: In Progress for ticket A15-2902
2026-02-10 13:03:35,742 | INFO | No defined transition for current status: In Progress for ticket A15-2902
2026-02-10 13:03:35,742 | INFO | No defined transition for current status: In Progress for ticket A15-2902
2026-02-10 13:03:35,743 | INFO | No defined transition for current status: In Progress for ticket A15-2902
2026-02-10 13:03:35,743 | INFO | No defined transition for current status: In Progress for ticket A15-2902
2026-02-10 13:03:35,744 | INFO | No defined transition for current status: In Progress for ticket A15-2902
2026-02-10 13:03:35,744 | INFO | No defined transition for current status: In Progress for ticket A15-2902
2026-02-10 13:03:35,745 | INFO | No defined transition for current status: In Progress for ticket A15-2902
2026-02-10 13:03:35,745 | INFO | No defined transition for current status: In Progress for ticket A15-2902
2026-02-10 13:03:35,746 | INFO | No defined transition for current status: In Progress for ticket A15-2902
2026-02-10 13:03:35,746 | INFO | No defined transition for current status: In Progress for ticket A15-2902
2026-02-10 13:03:35,747 | INFO | No defined transition for current status: In Progress for ticket A15-2902
2026-02-10 13:03:35,747 | INFO | No defined transition for current status: In Progress for ticket A15-2902
2026-02-10 13:03:35,748 | INFO | No defined transition for current status: In Progress for ticket A15-2902
2026-02-10 13:03:35,748 | INFO | No defined transition for current status: In Progress for ticket A15-2902
2026-02-10 13:03:35,748 | INFO | No defined transition for current status: In Progress for ticket A15-2902
2026-02-10 13:03:35,749 | INFO | No defined transition for current status: In Progress for ticket A15-2902
2026-02-10 13:03:35,749 | INFO | No defined transition for current status: In Progress for ticket A15-2902
2026-02-10 13:03:35,749 | INFO | No defined transition for current status: In Progress for ticket A15-2902
2026-02-10 13:03:35,750 | INFO | No defined transition for current status: In Progress for ticket A15-2902
2026-02-10 13:03:35,750 | INFO | No defined transition for current status: In Progress for ticket A15-2902
2026-02-10 13:03:35,751 | INFO | No defined transition for current status: In Progress for ticket A15-2902
2026-02-10 13:03:35,752 | INFO | No defined transition for current status: In Progress for ticket A15-2902
2026-02-10 13:03:35,752 | INFO | No defined transition for current status: In Progress for ticket A15-2902
2026-02-10 13:03:35,753 | INFO | No defined transition for current status: In Progress for ticket A15-2902
2026-02-10 13:03:35,753 | INFO | No defined transition for current status: In Progress for ticket A15-2902
2026-02-10 13:03:35,754 | INFO | No defined transition for current status: In Progress for ticket A15-2902
2026-02-10 13:03:35,754 | INFO | No defined transition for current status: In Progress for ticket A15-2902
2026-02-10 13:03:35,755 | INFO | No defined transition for current status: In Progress for ticket A15-2902
2026-02-10 13:03:35,755 | INFO | No defined transition for current status: In Progress for ticket A15-2902
2026-02-10 13:03:35,756 | INFO | No defined transition for current status: In Progress for ticket A15-2902
2026-02-10 13:03:35,756 | INFO | No defined transition for current status: In Progress for ticket A15-2902
2026-02-10 13:03:35,757 | INFO | No defined transition for current status: In Progress for ticket A15-2902
2026-02-10 13:03:35,757 | INFO | No defined transition for current status: In Progress for ticket A15-2902
2026-02-10 13:03:35,758 | INFO | No defined transition for current status: In Progress for ticket A15-2902
2026-02-10 13:03:35,759 | INFO | No defined transition for current status: In Progress for ticket A15-2902
2026-02-10 13:03:35,760 | INFO | No defined transition for current status: In Progress for ticket A15-2902
2026-02-10 13:03:35,760 | INFO | No defined transition for current status: In Progress for ticket A15-2902
2026-02-10 13:03:35,761 | INFO | No defined transition for current status: In Progress for ticket A15-2902
2026-02-10 13:03:35,762 | INFO | No defined transition for current status: In Progress for ticket A15-2902
2026-02-10 13:03:35,763 | INFO | No defined transition for current status: In Progress for ticket A15-2902
2026-02-10 13:03:35,764 | INFO | No defined transition for current status: In Progress for ticket A15-2902
2026-02-10 13:03:35,764 | INFO | No defined transition for current status: In Progress for ticket A15-2902
2026-02-10 13:03:35,764 | INFO | No defined transition for current status: In Progress for ticket A15-2902
2026-02-10 13:03:35,765 | INFO | No defined transition for current status: In Progress for ticket A15-2902
2026-02-10 13:03:35,765 | INFO | No defined transition for current status: In Progress for ticket A15-2902
2026-02-10 13:03:35,767 | INFO | No defined transition for current status: In Progress for ticket A15-2902
2026-02-10 13:03:35,767 | INFO | No defined transition for current status: In Progress for ticket A15-2902
2026-02-10 13:03:35,768 | INFO | No defined transition for current status: In Progress for ticket A15-2902
2026-02-10 13:03:35,769 | INFO | No defined transition for current status: In Progress for ticket A15-2902
2026-02-10 13:03:35,769 | INFO | No defined transition for current status: In Progress for ticket A15-2902
2026-02-10 13:03:35,770 | INFO | No defined transition for current status: In Progress for ticket A15-2902
2026-02-10 13:03:35,771 | INFO | No defined transition for current status: In Progress for ticket A15-2902
2026-02-10 13:03:35,771 | INFO | No defined transition for current status: In Progress for ticket A15-2902
2026-02-10 13:03:35,772 | INFO | No defined transition for current status: In Progress for ticket A15-2902
2026-02-10 13:03:35,773 | INFO | No defined transition for current status: In Progress for ticket A15-2902
2026-02-10 13:03:35,773 | INFO | No defined transition for current status: In Progress for ticket A15-2902
2026-02-10 13:03:35,774 | INFO | No defined transition for current status: In Progress for ticket A15-2902
2026-02-10 13:03:35,775 | INFO | No defined transition for current status: In Progress for ticket A15-2902
2026-02-10 13:03:35,776 | INFO | No defined transition for current status: In Progress for ticket A15-2902
2026-02-10 13:03:35,776 | INFO | No defined transition for current status: In Progress for ticket A15-2902
2026-02-10 13:03:35,777 | INFO | No defined transition for current status: In Progress for ticket A15-2902
2026-02-10 13:03:35,778 | INFO | No defined transition for current status: In Progress for ticket A15-2902
2026-02-10 13:03:35,778 | INFO | No defined transition for current status: In Progress for ticket A15-2902
2026-02-10 13:03:35,779 | INFO | No defined transition for current status: In Progress for ticket A15-2902
2026-02-10 13:03:35,780 | INFO | No defined transition for current status: In Progress for ticket A15-2902
2026-02-10 13:03:35,781 | INFO | No defined transition for current status: In Progress for ticket A15-2902
2026-02-10 13:03:35,781 | INFO | No defined transition for current status: In Progress for ticket A15-2902
2026-02-10 13:03:35,782 | INFO | No defined transition for current status: In Progress for ticket A15-2902
2026-02-10 13:03:35,783 | INFO | No defined transition for current status: In Progress for ticket A15-2902
2026-02-10 13:03:35,783 | INFO | No defined transition for current status: In Progress for ticket A15-2902
2026-02-10 13:03:35,784 | INFO | No defined transition for current status: In Progress for ticket A15-2902
2026-02-10 13:03:35,785 | INFO | No defined transition for current status: In Progress for ticket A15-2902
2026-02-10 13:03:35,785 | INFO | No defined transition for current status: In Progress for ticket A15-2902
2026-02-10 13:03:35,786 | INFO | No defined transition for current status: In Progress for ticket A15-2902
2026-02-10 13:03:35,786 | INFO | No defined transition for current status: In Progress for ticket A15-2902
2026-02-10 13:03:35,787 | INFO | No defined transition for current status: In Progress for ticket A15-2902
2026-02-10 13:03:35,788 | INFO | No defined transition for current status: In Progress for ticket A15-2902
2026-02-10 13:03:35,789 | INFO | No defined transition for current status: In Progress for ticket A15-2902
2026-02-10 13:03:35,789 | INFO | No defined transition for current status: In Progress for ticket A15-2902
2026-02-10 13:03:35,790 | INFO | No defined transition for current status: In Progress for ticket A15-2902
2026-02-10 13:03:35,791 | INFO | No defined transition for current status: In Progress for ticket A15-2902
2026-02-10 13:03:35,791 | INFO | No defined transition for current status: In Progress for ticket A15-2902
2026-02-10 13:03:35,792 | INFO | No defined transition for current status: In Progress for ticket A15-2902
2026-02-10 13:03:35,793 | INFO | No defined transition for current status: In Progress for ticket A15-2902
2026-02-10 13:03:35,794 | INFO | No defined transition for current status: In Progress for ticket A15-2902
2026-02-10 13:03:35,794 | INFO | No defined transition for current status: In Progress for ticket A15-2902
2026-02-10 13:03:35,795 | INFO | No defined transition for current status: In Progress for ticket A15-2902
2026-02-10 13:03:35,796 | INFO | No defined transition for current status: In Progress for ticket A15-2902
2026-02-10 13:03:35,796 | INFO | No defined transition for current status: In Progress for ticket A15-2902
2026-02-10 13:03:35,797 | INFO | No defined transition for current status: In Progress for ticket A15-2902
2026-02-10 13:03:35,798 | INFO | No defined transition for current status: In Progress for ticket A15-2902
2026-02-10 13:03:35,798 | INFO | No defined transition for current status: In Progress for ticket A15-2902
2026-02-10 13:03:35,799 | INFO | No defined transition for current status: In Progress for ticket A15-2902
2026-02-10 13:03:35,800 | INFO | No defined transition for current status: In Progress for ticket A15-2902
2026-02-10 13:03:35,800 | INFO | No defined transition for current status: In Progress for ticket A15-2902
2026-02-10 13:03:35,800 | INFO | No defined transition for current status: In Progress for ticket A15-2902
2026-02-10 13:03:35,802 | INFO | No defined transition for current status: In Progress for ticket A15-2902
2026-02-10 13:03:35,802 | INFO | No defined transition for current status: In Progress for ticket A15-2902
2026-02-10 13:03:35,803 | INFO | No defined transition for current status: In Progress for ticket A15-2902
2026-02-10 13:03:35,804 | INFO | No defined transition for current status: In Progress for ticket A15-2902
2026-02-10 13:03:35,804 | INFO | No defined transition for current status: In Progress for ticket A15-2902
2026-02-10 13:03:35,804 | INFO | No defined transition for current status: In Progress for ticket A15-2902
2026-02-10 13:03:35,806 | INFO | No defined transition for current status: In Progress for ticket A15-2902
2026-02-10 13:03:35,807 | INFO | No defined transition for current status: In Progress for ticket A15-2902
2026-02-10 13:03:35,808 | INFO | No defined transition for current status: In Progress for ticket A15-2902
2026-02-10 13:03:35,808 | INFO | No defined transition for current status: In Progress for ticket A15-2902
2026-02-10 13:03:35,809 | INFO | No defined transition for current status: In Progress for ticket A15-2902
2026-02-10 13:03:35,810 | INFO | No defined transition for current status: In Progress for ticket A15-2902
2026-02-10 13:03:35,811 | INFO | No defined transition for current status: In Progress for ticket A15-2902
2026-02-10 13:03:35,812 | INFO | No defined transition for current status: In Progress for ticket A15-2902
2026-02-10 13:03:35,812 | INFO | No defined transition for current status: In Progress for ticket A15-2902
2026-02-10 13:03:35,813 | INFO | No defined transition for current status: In Progress for ticket A15-2902
2026-02-10 13:03:35,814 | INFO | No defined transition for current status: In Progress for ticket A15-2902
2026-02-10 13:03:35,815 | INFO | No defined transition for current status: In Progress for ticket A15-2902
2026-02-10 13:03:35,816 | INFO | No defined transition for current status: In Progress for ticket A15-2902
2026-02-10 13:03:35,816 | INFO | No defined transition for current status: In Progress for ticket A15-2902
2026-02-10 13:03:35,817 | INFO | No defined transition for current status: In Progress for ticket A15-2902
2026-02-10 13:03:35,818 | INFO | No defined transition for current status: In Progress for ticket A15-2902
2026-02-10 13:03:35,819 | INFO | No defined transition for current status: In Progress for ticket A15-2902
2026-02-10 13:03:35,820 | INFO | No defined transition for current status: In Progress for ticket A15-2902
2026-02-10 13:03:35,820 | INFO | No defined transition for current status: In Progress for ticket A15-2902
2026-02-10 13:03:35,820 | INFO | No defined transition for current status: In Progress for ticket A15-2902
2026-02-10 13:03:35,822 | INFO | No defined transition for current status: In Progress for ticket A15-2902
2026-02-10 13:03:35,823 | INFO | No defined transition for current status: In Progress for ticket A15-2902
2026-02-10 13:03:35,823 | INFO | No defined transition for current status: In Progress for ticket A15-2902
2026-02-10 13:03:35,824 | INFO | No defined transition for current status: In Progress for ticket A15-2902
2026-02-10 13:03:35,825 | INFO | No defined transition for current status: In Progress for ticket A15-2902
2026-02-10 13:03:35,826 | INFO | No defined transition for current status: In Progress for ticket A15-2902
2026-02-10 13:03:35,826 | INFO | No defined transition for current status: In Progress for ticket A15-2902
2026-02-10 13:03:35,827 | INFO | No defined transition for current status: In Progress for ticket A15-2902
2026-02-10 13:03:35,828 | INFO | No defined transition for current status: In Progress for ticket A15-2902
2026-02-10 13:03:35,828 | INFO | No defined transition for current status: In Progress for ticket A15-2902
2026-02-10 13:03:35,828 | INFO | No defined transition for current status: In Progress for ticket A15-2902
2026-02-10 13:03:35,829 | INFO | No defined transition for current status: In Progress for ticket A15-2902
2026-02-10 13:03:35,830 | INFO | No defined transition for current status: In Progress for ticket A15-2902
2026-02-10 13:03:35,830 | INFO | No defined transition for current status: In Progress for ticket A15-2902
2026-02-10 13:03:35,832 | INFO | No defined transition for current status: In Progress for ticket A15-2902
2026-02-10 13:03:35,832 | INFO | No defined transition for current status: In Progress for ticket A15-2902
2026-02-10 13:03:35,833 | INFO | No defined transition for current status: In Progress for ticket A15-2902
2026-02-10 13:03:35,833 | INFO | No defined transition for current status: In Progress for ticket A15-2902
2026-02-10 13:03:35,834 | INFO | No defined transition for current status: In Progress for ticket A15-2902
2026-02-10 13:03:35,835 | INFO | No defined transition for current status: In Progress for ticket A15-2902
2026-02-10 13:03:35,836 | INFO | No defined transition for current status: In Progress for ticket A15-2902
2026-02-10 13:03:35,836 | INFO | No defined transition for current status: In Progress for ticket A15-2902
2026-02-10 13:03:35,837 | INFO | No defined transition for current status: In Progress for ticket A15-2902
2026-02-10 13:03:35,838 | INFO | No defined transition for current status: In Progress for ticket A15-2902
2026-02-10 13:03:35,838 | INFO | No defined transition for current status: In Progress for ticket A15-2902
2026-02-10 13:03:35,839 | INFO | No defined transition for current status: In Progress for ticket A15-2902
2026-02-10 13:03:35,840 | INFO | No defined transition for current status: In Progress for ticket A15-2902
2026-02-10 13:03:35,841 | INFO | No defined transition for current status: In Progress for ticket A15-2902
2026-02-10 13:03:35,841 | INFO | No defined transition for current status: In Progress for ticket A15-2902
2026-02-10 13:03:35,842 | INFO | No defined transition for current status: In Progress for ticket A15-2902
2026-02-10 13:03:35,843 | INFO | No defined transition for current status: In Progress for ticket A15-2902
2026-02-10 13:03:35,844 | INFO | No defined transition for current status: In Progress for ticket A15-2902
2026-02-10 13:03:35,845 | INFO | No defined transition for current status: In Progress for ticket A15-2902
2026-02-10 13:03:35,845 | INFO | No defined transition for current status: In Progress for ticket A15-2902
2026-02-10 13:03:35,846 | INFO | No defined transition for current status: In Progress for ticket A15-2902
2026-02-10 13:03:35,847 | INFO | No defined transition for current status: In Progress for ticket A15-2902
2026-02-10 13:03:35,848 | INFO | No defined transition for current status: In Progress for ticket A15-2902
2026-02-10 13:03:35,849 | INFO | No defined transition for current status: In Progress for ticket A15-2902
2026-02-10 13:03:35,849 | INFO | No defined transition for current status: In Progress for ticket A15-2902
2026-02-10 13:03:35,850 | INFO | No defined transition for current status: In Progress for ticket A15-2902
2026-02-10 13:03:35,851 | INFO | No defined transition for current status: In Progress for ticket A15-2902
2026-02-10 13:03:35,852 | INFO | No defined transition for current status: In Progress for ticket A15-2902
2026-02-10 13:03:35,852 | INFO | No defined transition for current status: In Progress for ticket A15-2902
2026-02-10 13:03:35,853 | INFO | No defined transition for current status: In Progress for ticket A15-2902
2026-02-10 13:03:35,854 | INFO | No defined transition for current status: In Progress for ticket A15-2902
2026-02-10 13:03:35,855 | INFO | No defined transition for current status: In Progress for ticket A15-2902
2026-02-10 13:03:35,856 | INFO | No defined transition for current status: In Progress for ticket A15-2902
2026-02-10 13:03:35,856 | INFO | No defined transition for current status: In Progress for ticket A15-2902
2026-02-10 13:03:35,857 | INFO | No defined transition for current status: In Progress for ticket A15-2902
2026-02-10 13:03:35,858 | INFO | No defined transition for current status: In Progress for ticket A15-2902
2026-02-10 13:03:35,859 | INFO | No defined transition for current status: In Progress for ticket A15-2902
2026-02-10 13:03:35,860 | INFO | No defined transition for current status: In Progress for ticket A15-2902
2026-02-10 13:03:35,860 | INFO | No defined transition for current status: In Progress for ticket A15-2902
2026-02-10 13:03:35,861 | INFO | No defined transition for current status: In Progress for ticket A15-2902
2026-02-10 13:03:35,862 | INFO | No defined transition for current status: In Progress for ticket A15-2902
2026-02-10 13:03:35,863 | INFO | No defined transition for current status: In Progress for ticket A15-2902
2026-02-10 13:03:35,864 | INFO | No defined transition for current status: In Progress for ticket A15-2902
2026-02-10 13:03:35,865 | INFO | No defined transition for current status: In Progress for ticket A15-2902
2026-02-10 13:03:35,866 | INFO | No defined transition for current status: In Progress for ticket A15-2902
2026-02-10 13:03:35,867 | INFO | No defined transition for current status: In Progress for ticket A15-2902
2026-02-10 13:03:35,868 | INFO | No defined transition for current status: In Progress for ticket A15-2902
2026-02-10 13:03:35,869 | INFO | No defined transition for current status: In Progress for ticket A15-2902
2026-02-10 13:03:35,870 | INFO | No defined transition for current status: In Progress for ticket A15-2902
2026-02-10 13:03:35,870 | INFO | No defined transition for current status: In Progress for ticket A15-2902
2026-02-10 13:03:35,871 | INFO | No defined transition for current status: In Progress for ticket A15-2902
2026-02-10 13:03:35,872 | INFO | No defined transition for current status: In Progress for ticket A15-2902
2026-02-10 13:03:35,873 | INFO | No defined transition for current status: In Progress for ticket A15-2902
2026-02-10 13:03:35,874 | INFO | No defined transition for current status: In Progress for ticket A15-2902
2026-02-10 13:03:35,874 | INFO | No defined transition for current status: In Progress for ticket A15-2902
2026-02-10 13:03:35,875 | INFO | No defined transition for current status: In Progress for ticket A15-2902
2026-02-10 13:03:35,876 | INFO | No defined transition for current status: In Progress for ticket A15-2902
2026-02-10 13:03:35,877 | INFO | No defined transition for current status: In Progress for ticket A15-2902
2026-02-10 13:03:35,878 | INFO | No defined transition for current status: In Progress for ticket A15-2902
2026-02-10 13:03:35,879 | INFO | No defined transition for current status: In Progress for ticket A15-2902
2026-02-10 13:03:35,879 | INFO | No defined transition for current status: In Progress for ticket A15-2902
2026-02-10 13:03:35,880 | INFO | No defined transition for current status: In Progress for ticket A15-2902
2026-02-10 13:03:35,881 | INFO | No defined transition for current status: In Progress for ticket A15-2902
2026-02-10 13:03:35,882 | INFO | No defined transition for current status: In Progress for ticket A15-2902
2026-02-10 13:03:35,883 | INFO | No defined transition for current status: In Progress for ticket A15-2902
2026-02-10 13:03:35,883 | INFO | No defined transition for current status: In Progress for ticket A15-2902
2026-02-10 13:03:35,884 | INFO | No defined transition for current status: In Progress for ticket A15-2902
2026-02-10 13:03:35,885 | INFO | No defined transition for current status: In Progress for ticket A15-2902
2026-02-10 13:03:35,886 | INFO | No defined transition for current status: In Progress for ticket A15-2902
2026-02-10 13:03:35,887 | INFO | No defined transition for current status: In Progress for ticket A15-2902
2026-02-10 13:03:35,888 | INFO | No defined transition for current status: In Progress for ticket A15-2902
2026-02-10 13:03:35,889 | INFO | No defined transition for current status: In Progress for ticket A15-2902
2026-02-10 13:03:35,890 | INFO | No defined transition for current status: In Progress for ticket A15-2902
2026-02-10 13:03:35,890 | INFO | No defined transition for current status: In Progress for ticket A15-2902
2026-02-10 13:03:35,891 | INFO | No defined transition for current status: In Progress for ticket A15-2902
2026-02-10 13:03:35,892 | INFO | No defined transition for current status: In Progress for ticket A15-2902
2026-02-10 13:03:35,893 | INFO | No defined transition for current status: In Progress for ticket A15-2902
2026-02-10 13:03:35,894 | INFO | No defined transition for current status: In Progress for ticket A15-2902
2026-02-10 13:03:35,895 | INFO | No defined transition for current status: In Progress for ticket A15-2902
2026-02-10 13:03:35,896 | INFO | No defined transition for current status: In Progress for ticket A15-2902
2026-02-10 13:03:35,896 | INFO | No defined transition for current status: In Progress for ticket A15-2902
2026-02-10 13:03:35,897 | INFO | No defined transition for current status: In Progress for ticket A15-2902
2026-02-10 13:03:35,898 | INFO | No defined transition for current status: In Progress for ticket A15-2902
2026-02-10 13:03:35,899 | INFO | No defined transition for current status: In Progress for ticket A15-2902
2026-02-10 13:03:35,900 | INFO | No defined transition for current status: In Progress for ticket A15-2902
2026-02-10 13:03:35,900 | INFO | No defined transition for current status: In Progress for ticket A15-2902
2026-02-10 13:03:35,901 | INFO | No defined transition for current status: In Progress for ticket A15-2902
2026-02-10 13:03:35,902 | INFO | No defined transition for current status: In Progress for ticket A15-2902
2026-02-10 13:03:35,902 | INFO | No defined transition for current status: In Progress for ticket A15-2902
2026-02-10 13:03:35,903 | INFO | No defined transition for current status: In Progress for ticket A15-2902
2026-02-10 13:03:35,904 | INFO | No defined transition for current status: In Progress for ticket A15-2902
2026-02-10 13:03:35,904 | INFO | No defined transition for current status: In Progress for ticket A15-2902
2026-02-10 13:03:35,905 | INFO | No defined transition for current status: In Progress for ticket A15-2902
2026-02-10 13:03:35,905 | INFO | No defined transition for current status: In Progress for ticket A15-2902
2026-02-10 13:03:35,906 | INFO | No defined transition for current status: In Progress for ticket A15-2902
2026-02-10 13:03:35,907 | INFO | No defined transition for current status: In Progress for ticket A15-2902
2026-02-10 13:03:35,907 | INFO | No defined transition for current status: In Progress for ticket A15-2902
2026-02-10 13:03:35,908 | INFO | No defined transition for current status: In Progress for ticket A15-2902
2026-02-10 13:03:35,908 | INFO | No defined transition for current status: In Progress for ticket A15-2902
2026-02-10 13:03:35,909 | INFO | No defined transition for current status: In Progress for ticket A15-2902
2026-02-10 13:03:35,910 | INFO | No defined transition for current status: In Progress for ticket A15-2902
2026-02-10 13:03:35,910 | INFO | No defined transition for current status: In Progress for ticket A15-2902
2026-02-10 13:03:35,911 | INFO | No defined transition for current status: In Progress for ticket A15-2902
2026-02-10 13:03:35,912 | INFO | No defined transition for current status: In Progress for ticket A15-2902
2026-02-10 13:03:35,913 | INFO | No defined transition for current status: In Progress for ticket A15-2902
2026-02-10 13:03:35,913 | INFO | No defined transition for current status: In Progress for ticket A15-2902
2026-02-10 13:03:35,914 | INFO | No defined transition for current status: In Progress for ticket A15-2902
2026-02-10 13:03:35,915 | INFO | No defined transition for current status: In Progress for ticket A15-2902
2026-02-10 13:03:35,915 | INFO | No defined transition for current status: In Progress for ticket A15-2902
2026-02-10 13:03:35,916 | INFO | No defined transition for current status: In Progress for ticket A15-2902
2026-02-10 13:03:35,917 | INFO | No defined transition for current status: In Progress for ticket A15-2902
2026-02-10 13:03:35,918 | INFO | No defined transition for current status: In Progress for ticket A15-2902
2026-02-10 13:03:35,918 | INFO | No defined transition for current status: In Progress for ticket A15-2902
2026-02-10 13:03:35,919 | INFO | No defined transition for current status: In Progress for ticket A15-2902
2026-02-10 13:03:35,920 | INFO | No defined transition for current status: In Progress for ticket A15-2902
2026-02-10 13:03:35,920 | INFO | No defined transition for current status: In Progress for ticket A15-2902
2026-02-10 13:03:35,921 | INFO | No defined transition for current status: In Progress for ticket A15-2902
2026-02-10 13:03:35,922 | INFO | No defined transition for current status: In Progress for ticket A15-2902
2026-02-10 13:03:35,923 | INFO | No defined transition for current status: In Progress for ticket A15-2902
2026-02-10 13:03:35,923 | INFO | No defined transition for current status: In Progress for ticket A15-2902
2026-02-10 13:03:35,924 | INFO | No defined transition for current status: In Progress for ticket A15-2902
2026-02-10 13:03:35,925 | INFO | No defined transition for current status: In Progress for ticket A15-2902
2026-02-10 13:03:35,926 | INFO | No defined transition for current status: In Progress for ticket A15-2902
2026-02-10 13:03:35,926 | INFO | No defined transition for current status: In Progress for ticket A15-2902
2026-02-10 13:03:35,927 | INFO | No defined transition for current status: In Progress for ticket A15-2902
2026-02-10 13:03:35,928 | INFO | No defined transition for current status: In Progress for ticket A15-2902
2026-02-10 13:03:35,929 | INFO | No defined transition for current status: In Progress for ticket A15-2902
2026-02-10 13:03:35,929 | INFO | No defined transition for current status: In Progress for ticket A15-2902
2026-02-10 13:03:35,930 | INFO | No defined transition for current status: In Progress for ticket A15-2902
2026-02-10 13:03:35,931 | INFO | No defined transition for current status: In Progress for ticket A15-2902
2026-02-10 13:03:35,931 | INFO | No defined transition for current status: In Progress for ticket A15-2902
2026-02-10 13:03:35,932 | INFO | No defined transition for current status: In Progress for ticket A15-2902
2026-02-10 13:03:35,933 | INFO | No defined transition for current status: In Progress for ticket A15-2902
2026-02-10 13:03:35,934 | INFO | No defined transition for current status: In Progress for ticket A15-2902
2026-02-10 13:03:35,934 | INFO | No defined transition for current status: In Progress for ticket A15-2902
2026-02-10 13:03:35,934 | INFO | No defined transition for current status: In Progress for ticket A15-2902
2026-02-10 13:03:35,935 | INFO | No defined transition for current status: In Progress for ticket A15-2902
2026-02-10 13:03:35,937 | INFO | No defined transition for current status: In Progress for ticket A15-2902
2026-02-10 13:03:35,937 | INFO | No defined transition for current status: In Progress for ticket A15-2902
2026-02-10 13:03:35,937 | INFO | No defined transition for current status: In Progress for ticket A15-2902
2026-02-10 13:03:35,938 | INFO | No defined transition for current status: In Progress for ticket A15-2902
2026-02-10 13:03:35,938 | INFO | No defined transition for current status: In Progress for ticket A15-2902
2026-02-10 13:03:35,939 | INFO | No defined transition for current status: In Progress for ticket A15-2902
2026-02-10 13:03:35,940 | INFO | No defined transition for current status: In Progress for ticket A15-2902
2026-02-10 13:03:35,940 | INFO | No defined transition for current status: In Progress for ticket A15-2902
2026-02-10 13:03:35,941 | INFO | No defined transition for current status: In Progress for ticket A15-2902
2026-02-10 13:03:35,942 | INFO | No defined transition for current status: In Progress for ticket A15-2902
2026-02-10 13:03:35,942 | INFO | No defined transition for current status: In Progress for ticket A15-2902
2026-02-10 13:03:35,943 | INFO | No defined transition for current status: In Progress for ticket A15-2902
2026-02-10 13:03:35,944 | INFO | No defined transition for current status: In Progress for ticket A15-2902
2026-02-10 13:03:35,944 | INFO | No defined transition for current status: In Progress for ticket A15-2902
2026-02-10 13:03:35,945 | INFO | No defined transition for current status: In Progress for ticket A15-2902
2026-02-10 13:03:35,945 | INFO | No defined transition for current status: In Progress for ticket A15-2902
2026-02-10 13:03:35,946 | INFO | No defined transition for current status: In Progress for ticket A15-2902
2026-02-10 13:03:35,947 | INFO | No defined transition for current status: In Progress for ticket A15-2902
2026-02-10 13:03:35,947 | INFO | No defined transition for current status: In Progress for ticket A15-2902
2026-02-10 13:03:35,948 | INFO | No defined transition for current status: In Progress for ticket A15-2902
2026-02-10 13:03:35,948 | INFO | No defined transition for current status: In Progress for ticket A15-2902
2026-02-10 13:03:35,949 | INFO | No defined transition for current status: In Progress for ticket A15-2902
2026-02-10 13:03:35,950 | INFO | No defined transition for current status: In Progress for ticket A15-2902
2026-02-10 13:03:35,950 | INFO | No defined transition for current status: In Progress for ticket A15-2902
2026-02-10 13:03:35,951 | INFO | No defined transition for current status: In Progress for ticket A15-2902
2026-02-10 13:03:35,951 | INFO | No defined transition for current status: In Progress for ticket A15-2902
2026-02-10 13:03:35,952 | INFO | No defined transition for current status: In Progress for ticket A15-2902
2026-02-10 13:03:35,953 | INFO | No defined transition for current status: In Progress for ticket A15-2902
2026-02-10 13:03:35,953 | INFO | No defined transition for current status: In Progress for ticket A15-2902
2026-02-10 13:03:35,954 | INFO | No defined transition for current status: In Progress for ticket A15-2902
2026-02-10 13:03:35,955 | INFO | No defined transition for current status: In Progress for ticket A15-2902
2026-02-10 13:03:35,955 | INFO | No defined transition for current status: In Progress for ticket A15-2902
2026-02-10 13:03:35,956 | INFO | No defined transition for current status: In Progress for ticket A15-2902
2026-02-10 13:03:35,956 | INFO | No defined transition for current status: In Progress for ticket A15-2902
2026-02-10 13:03:35,957 | INFO | No defined transition for current status: In Progress for ticket A15-2902
2026-02-10 13:03:35,957 | INFO | No defined transition for current status: In Progress for ticket A15-2902
2026-02-10 13:03:35,958 | INFO | No defined transition for current status: In Progress for ticket A15-2902
2026-02-10 13:03:35,959 | INFO | No defined transition for current status: In Progress for ticket A15-2902
2026-02-10 13:03:35,959 | INFO | No defined transition for current status: In Progress for ticket A15-2902
2026-02-10 13:03:35,960 | INFO | No defined transition for current status: In Progress for ticket A15-2902
2026-02-10 13:03:35,960 | INFO | No defined transition for current status: In Progress for ticket A15-2902
2026-02-10 13:03:35,961 | INFO | No defined transition for current status: In Progress for ticket A15-2902
2026-02-10 13:03:35,962 | INFO | No defined transition for current status: In Progress for ticket A15-2902
2026-02-10 13:03:35,963 | INFO | No defined transition for current status: In Progress for ticket A15-2902
2026-02-10 13:03:35,963 | INFO | No defined transition for current status: In Progress for ticket A15-2902
2026-02-10 13:03:35,964 | INFO | No defined transition for current status: In Progress for ticket A15-2902
2026-02-10 13:03:35,965 | INFO | No defined transition for current status: In Progress for ticket A15-2902
2026-02-10 13:03:35,965 | INFO | No defined transition for current status: In Progress for ticket A15-2902
2026-02-10 13:03:35,966 | INFO | No defined transition for current status: In Progress for ticket A15-2902
2026-02-10 13:03:35,967 | INFO | No defined transition for current status: In Progress for ticket A15-2902
2026-02-10 13:03:35,968 | INFO | No defined transition for current status: In Progress for ticket A15-2902
2026-02-10 13:03:35,968 | INFO | No defined transition for current status: In Progress for ticket A15-2902
2026-02-10 13:03:35,969 | INFO | No defined transition for current status: In Progress for ticket A15-2902
2026-02-10 13:03:35,970 | INFO | No defined transition for current status: In Progress for ticket A15-2902
2026-02-10 13:03:35,972 | INFO | No defined transition for current status: In Progress for ticket A15-2902
2026-02-10 13:03:35,972 | INFO | No defined transition for current status: In Progress for ticket A15-2902
2026-02-10 13:03:35,973 | INFO | No defined transition for current status: In Progress for ticket A15-2902
2026-02-10 13:03:35,974 | INFO | No defined transition for current status: In Progress for ticket A15-2902
2026-02-10 13:03:35,974 | INFO | No defined transition for current status: In Progress for ticket A15-2902
2026-02-10 13:03:35,975 | INFO | No defined transition for current status: In Progress for ticket A15-2902
2026-02-10 13:03:35,976 | INFO | No defined transition for current status: In Progress for ticket A15-2902
2026-02-10 13:03:35,976 | INFO | No defined transition for current status: In Progress for ticket A15-2902
2026-02-10 13:03:35,977 | INFO | No defined transition for current status: In Progress for ticket A15-2902
2026-02-10 13:03:35,978 | INFO | No defined transition for current status: In Progress for ticket A15-2902
2026-02-10 13:03:35,978 | INFO | No defined transition for current status: In Progress for ticket A15-2902
2026-02-10 13:03:35,979 | INFO | No defined transition for current status: In Progress for ticket A15-2902
2026-02-10 13:03:35,980 | INFO | No defined transition for current status: In Progress for ticket A15-2902
2026-02-10 13:03:35,981 | INFO | No defined transition for current status: In Progress for ticket A15-2902
2026-02-10 13:03:35,981 | INFO | No defined transition for current status: In Progress for ticket A15-2902
2026-02-10 13:03:35,982 | INFO | No defined transition for current status: In Progress for ticket A15-2902
2026-02-10 13:03:35,983 | INFO | No defined transition for current status: In Progress for ticket A15-2902
2026-02-10 13:03:35,983 | INFO | No defined transition for current status: In Progress for ticket A15-2902
2026-02-10 13:03:35,983 | INFO | No defined transition for current status: In Progress for ticket A15-2902
2026-02-10 13:03:35,984 | INFO | No defined transition for current status: In Progress for ticket A15-2902
2026-02-10 13:03:35,985 | INFO | No defined transition for current status: In Progress for ticket A15-2902
2026-02-10 13:03:35,986 | INFO | No defined transition for current status: In Progress for ticket A15-2902
2026-02-10 13:03:35,986 | INFO | No defined transition for current status: In Progress for ticket A15-2902
2026-02-10 13:03:35,987 | INFO | No defined transition for current status: In Progress for ticket A15-2902
2026-02-10 13:03:35,988 | INFO | No defined transition for current status: In Progress for ticket A15-2902
2026-02-10 13:03:35,988 | INFO | No defined transition for current status: In Progress for ticket A15-2902
2026-02-10 13:03:35,989 | INFO | No defined transition for current status: In Progress for ticket A15-2902
2026-02-10 13:03:35,990 | INFO | No defined transition for current status: In Progress for ticket A15-2902
2026-02-10 13:03:35,991 | INFO | No defined transition for current status: In Progress for ticket A15-2902
2026-02-10 13:03:35,992 | INFO | No defined transition for current status: In Progress for ticket A15-2902
2026-02-10 13:03:35,992 | INFO | No defined transition for current status: In Progress for ticket A15-2902
2026-02-10 13:03:35,993 | INFO | No defined transition for current status: In Progress for ticket A15-2902
2026-02-10 13:03:35,994 | INFO | No defined transition for current status: In Progress for ticket A15-2902
2026-02-10 13:03:35,994 | INFO | No defined transition for current status: In Progress for ticket A15-2902
2026-02-10 13:03:35,995 | INFO | No defined transition for current status: In Progress for ticket A15-2902
2026-02-10 13:03:35,996 | INFO | No defined transition for current status: In Progress for ticket A15-2902
2026-02-10 13:03:35,996 | INFO | No defined transition for current status: In Progress for ticket A15-2902
2026-02-10 13:03:35,997 | INFO | No defined transition for current status: In Progress for ticket A15-2902
2026-02-10 13:03:35,998 | INFO | No defined transition for current status: In Progress for ticket A15-2902
2026-02-10 13:03:35,998 | INFO | No defined transition for current status: In Progress for ticket A15-2902
2026-02-10 13:03:35,999 | INFO | No defined transition for current status: In Progress for ticket A15-2902
2026-02-10 13:03:36,000 | INFO | No defined transition for current status: In Progress for ticket A15-2902
2026-02-10 13:03:36,000 | INFO | No defined transition for current status: In Progress for ticket A15-2902
2026-02-10 13:03:36,001 | INFO | No defined transition for current status: In Progress for ticket A15-2902
2026-02-10 13:03:36,002 | INFO | No defined transition for current status: In Progress for ticket A15-2902
2026-02-10 13:03:36,002 | INFO | No defined transition for current status: In Progress for ticket A15-2902
2026-02-10 13:03:36,003 | INFO | No defined transition for current status: In Progress for ticket A15-2902
2026-02-10 13:03:36,004 | INFO | No defined transition for current status: In Progress for ticket A15-2902
2026-02-10 13:03:36,004 | INFO | No defined transition for current status: In Progress for ticket A15-2902
2026-02-10 13:03:36,005 | INFO | No defined transition for current status: In Progress for ticket A15-2902
2026-02-10 13:03:36,006 | INFO | No defined transition for current status: In Progress for ticket A15-2902
2026-02-10 13:03:36,006 | INFO | No defined transition for current status: In Progress for ticket A15-2902
2026-02-10 13:03:36,007 | INFO | No defined transition for current status: In Progress for ticket A15-2902
2026-02-10 13:03:36,008 | INFO | No defined transition for current status: In Progress for ticket A15-2902
2026-02-10 13:03:36,009 | INFO | No defined transition for current status: In Progress for ticket A15-2902
2026-02-10 13:03:36,009 | INFO | No defined transition for current status: In Progress for ticket A15-2902
2026-02-10 13:03:36,010 | INFO | No defined transition for current status: In Progress for ticket A15-2902
2026-02-10 13:03:36,011 | INFO | No defined transition for current status: In Progress for ticket A15-2902
2026-02-10 13:03:36,012 | INFO | No defined transition for current status: In Progress for ticket A15-2902
2026-02-10 13:03:36,012 | INFO | No defined transition for current status: In Progress for ticket A15-2902
2026-02-10 13:03:36,012 | INFO | No defined transition for current status: In Progress for ticket A15-2902
2026-02-10 13:03:36,013 | INFO | No defined transition for current status: In Progress for ticket A15-2902
2026-02-10 13:03:36,013 | INFO | No defined transition for current status: In Progress for ticket A15-2902
2026-02-10 13:03:36,013 | INFO | No defined transition for current status: In Progress for ticket A15-2902
2026-02-10 13:03:36,014 | INFO | No defined transition for current status: In Progress for ticket A15-2902
2026-02-10 13:03:36,014 | INFO | No defined transition for current status: In Progress for ticket A15-2902
2026-02-10 13:03:36,014 | INFO | No defined transition for current status: In Progress for ticket A15-2902
2026-02-10 13:03:36,015 | INFO | No defined transition for current status: In Progress for ticket A15-2902
2026-02-10 13:03:36,015 | INFO | No defined transition for current status: In Progress for ticket A15-2902
2026-02-10 13:03:36,016 | INFO | No defined transition for current status: In Progress for ticket A15-2902
2026-02-10 13:03:36,016 | INFO | No defined transition for current status: In Progress for ticket A15-2902
2026-02-10 13:03:36,017 | INFO | No defined transition for current status: In Progress for ticket A15-2902
2026-02-10 13:03:36,018 | INFO | No defined transition for current status: In Progress for ticket A15-2902
2026-02-10 13:03:36,018 | INFO | No defined transition for current status: In Progress for ticket A15-2902
2026-02-10 13:03:36,019 | INFO | No defined transition for current status: In Progress for ticket A15-2902
2026-02-10 13:03:36,019 | INFO | No defined transition for current status: In Progress for ticket A15-2902
2026-02-10 13:03:36,019 | INFO | No defined transition for current status: In Progress for ticket A15-2902
2026-02-10 13:03:36,020 | INFO | No defined transition for current status: In Progress for ticket A15-2902
2026-02-10 13:03:36,020 | INFO | No defined transition for current status: In Progress for ticket A15-2902
2026-02-10 13:03:36,020 | INFO | No defined transition for current status: In Progress for ticket A15-2902
2026-02-10 13:03:36,021 | INFO | No defined transition for current status: In Progress for ticket A15-2902
2026-02-10 13:03:36,021 | INFO | No defined transition for current status: In Progress for ticket A15-2902
2026-02-10 13:03:36,022 | INFO | No defined transition for current status: In Progress for ticket A15-2902
2026-02-10 13:03:36,023 | INFO | No defined transition for current status: In Progress for ticket A15-2902
2026-02-10 13:03:36,023 | INFO | No defined transition for current status: In Progress for ticket A15-2902
2026-02-10 13:03:36,024 | INFO | No defined transition for current status: In Progress for ticket A15-2902
2026-02-10 13:03:36,025 | INFO | No defined transition for current status: In Progress for ticket A15-2902
2026-02-10 13:03:36,025 | INFO | No defined transition for current status: In Progress for ticket A15-2902
2026-02-10 13:03:36,026 | INFO | No defined transition for current status: In Progress for ticket A15-2902
2026-02-10 13:03:36,026 | INFO | No defined transition for current status: In Progress for ticket A15-2902
2026-02-10 13:03:36,027 | INFO | No defined transition for current status: In Progress for ticket A15-2902
2026-02-10 13:03:36,028 | INFO | No defined transition for current status: In Progress for ticket A15-2902
2026-02-10 13:03:36,028 | INFO | No defined transition for current status: In Progress for ticket A15-2902
2026-02-10 13:03:36,029 | INFO | No defined transition for current status: In Progress for ticket A15-2902
2026-02-10 13:03:36,030 | INFO | No defined transition for current status: In Progress for ticket A15-2902
2026-02-10 13:03:36,031 | INFO | No defined transition for current status: In Progress for ticket A15-2902
2026-02-10 13:03:36,031 | INFO | No defined transition for current status: In Progress for ticket A15-2902
2026-02-10 13:03:36,032 | INFO | No defined transition for current status: In Progress for ticket A15-2902
2026-02-10 13:03:36,033 | INFO | No defined transition for current status: In Progress for ticket A15-2902
2026-02-10 13:03:36,033 | INFO | No defined transition for current status: In Progress for ticket A15-2902
2026-02-10 13:03:36,034 | INFO | No defined transition for current status: In Progress for ticket A15-2902
2026-02-10 13:03:36,034 | INFO | No defined transition for current status: In Progress for ticket A15-2902
2026-02-10 13:03:36,035 | INFO | No defined transition for current status: In Progress for ticket A15-2902
2026-02-10 13:03:36,036 | INFO | No defined transition for current status: In Progress for ticket A15-2902
2026-02-10 13:03:36,049 | INFO | No defined transition for current status: In Progress for ticket A15-2902
2026-02-10 13:03:36,049 | INFO | No defined transition for current status: In Progress for ticket A15-2902
2026-02-10 13:03:36,050 | INFO | No defined transition for current status: In Progress for ticket A15-2902
2026-02-10 13:03:36,051 | INFO | No defined transition for current status: In Progress for ticket A15-2902
2026-02-10 13:03:36,051 | INFO | No defined transition for current status: In Progress for ticket A15-2902
2026-02-10 13:03:36,052 | INFO | No defined transition for current status: In Progress for ticket A15-2902
2026-02-10 13:03:36,053 | INFO | No defined transition for current status: In Progress for ticket A15-2902
2026-02-10 13:03:36,053 | INFO | No defined transition for current status: In Progress for ticket A15-2902
2026-02-10 13:03:36,054 | INFO | No defined transition for current status: In Progress for ticket A15-2902
2026-02-10 13:03:36,054 | INFO | No defined transition for current status: In Progress for ticket A15-2902
2026-02-10 13:03:36,054 | INFO | No defined transition for current status: In Progress for ticket A15-2902
2026-02-10 13:03:36,055 | INFO | No defined transition for current status: In Progress for ticket A15-2902
2026-02-10 13:03:36,056 | INFO | No defined transition for current status: In Progress for ticket A15-2902
2026-02-10 13:03:36,057 | INFO | No defined transition for current status: In Progress for ticket A15-2902
2026-02-10 13:03:36,057 | INFO | No defined transition for current status: In Progress for ticket A15-2902
2026-02-10 13:03:36,058 | INFO | No defined transition for current status: In Progress for ticket A15-2902
2026-02-10 13:03:36,059 | INFO | No defined transition for current status: In Progress for ticket A15-2902
2026-02-10 13:03:36,059 | INFO | No defined transition for current status: In Progress for ticket A15-2902
2026-02-10 13:03:36,060 | INFO | No defined transition for current status: In Progress for ticket A15-2902
2026-02-10 13:03:36,061 | INFO | No defined transition for current status: In Progress for ticket A15-2902
2026-02-10 13:03:36,061 | INFO | No defined transition for current status: In Progress for ticket A15-2902
2026-02-10 13:03:36,062 | INFO | No defined transition for current status: In Progress for ticket A15-2902
2026-02-10 13:03:36,063 | INFO | No defined transition for current status: In Progress for ticket A15-2902
2026-02-10 13:03:36,063 | INFO | No defined transition for current status: In Progress for ticket A15-2902
2026-02-10 13:03:36,064 | INFO | No defined transition for current status: In Progress for ticket A15-2902
2026-02-10 13:03:36,065 | INFO | No defined transition for current status: In Progress for ticket A15-2902
2026-02-10 13:03:36,065 | INFO | No defined transition for current status: In Progress for ticket A15-2902
2026-02-10 13:03:36,066 | INFO | No defined transition for current status: In Progress for ticket A15-2902
2026-02-10 13:03:36,067 | INFO | No defined transition for current status: In Progress for ticket A15-2902
2026-02-10 13:03:36,067 | INFO | No defined transition for current status: In Progress for ticket A15-2902
2026-02-10 13:03:36,068 | INFO | No defined transition for current status: In Progress for ticket A15-2902
2026-02-10 13:03:36,069 | INFO | No defined transition for current status: In Progress for ticket A15-2902
2026-02-10 13:03:36,069 | INFO | No defined transition for current status: In Progress for ticket A15-2902
2026-02-10 13:03:36,070 | INFO | No defined transition for current status: In Progress for ticket A15-2902
2026-02-10 13:03:36,071 | INFO | No defined transition for current status: In Progress for ticket A15-2902
2026-02-10 13:03:36,071 | INFO | No defined transition for current status: In Progress for ticket A15-2902
2026-02-10 13:03:36,072 | INFO | No defined transition for current status: In Progress for ticket A15-2902
2026-02-10 13:03:36,073 | INFO | No defined transition for current status: In Progress for ticket A15-2902
2026-02-10 13:03:36,073 | INFO | No defined transition for current status: In Progress for ticket A15-2902
2026-02-10 13:03:36,074 | INFO | No defined transition for current status: In Progress for ticket A15-2902
2026-02-10 13:03:36,075 | INFO | No defined transition for current status: In Progress for ticket A15-2902
2026-02-10 13:03:36,075 | INFO | No defined transition for current status: In Progress for ticket A15-2902
2026-02-10 13:03:36,076 | INFO | No defined transition for current status: In Progress for ticket A15-2902
2026-02-10 13:03:36,077 | INFO | No defined transition for current status: In Progress for ticket A15-2902
2026-02-10 13:03:36,077 | INFO | No defined transition for current status: In Progress for ticket A15-2902
2026-02-10 13:03:36,078 | INFO | No defined transition for current status: In Progress for ticket A15-2902
2026-02-10 13:03:36,079 | INFO | No defined transition for current status: In Progress for ticket A15-2902
2026-02-10 13:03:36,079 | INFO | No defined transition for current status: In Progress for ticket A15-2902
2026-02-10 13:03:36,080 | INFO | No defined transition for current status: In Progress for ticket A15-2902
2026-02-10 13:03:36,080 | INFO | No defined transition for current status: In Progress for ticket A15-2902
2026-02-10 13:03:36,081 | INFO | No defined transition for current status: In Progress for ticket A15-2902
2026-02-10 13:03:36,082 | INFO | No defined transition for current status: In Progress for ticket A15-2902
2026-02-10 13:03:36,082 | INFO | No defined transition for current status: In Progress for ticket A15-2902
2026-02-10 13:03:36,083 | INFO | No defined transition for current status: In Progress for ticket A15-2902
2026-02-10 13:03:36,083 | INFO | No defined transition for current status: In Progress for ticket A15-2902
2026-02-10 13:03:36,084 | INFO | No defined transition for current status: In Progress for ticket A15-2902
2026-02-10 13:03:36,085 | INFO | No defined transition for current status: In Progress for ticket A15-2902
2026-02-10 13:03:36,086 | INFO | No defined transition for current status: In Progress for ticket A15-2902
2026-02-10 13:03:36,086 | INFO | No defined transition for current status: In Progress for ticket A15-2902
2026-02-10 13:03:36,086 | INFO | No defined transition for current status: In Progress for ticket A15-2902
2026-02-10 13:03:36,087 | INFO | No defined transition for current status: In Progress for ticket A15-2902
2026-02-10 13:03:36,087 | INFO | No defined transition for current status: In Progress for ticket A15-2902
2026-02-10 13:03:36,089 | INFO | No defined transition for current status: In Progress for ticket A15-2902
2026-02-10 13:03:36,090 | INFO | No defined transition for current status: In Progress for ticket A15-2902
2026-02-10 13:03:36,090 | INFO | No defined transition for current status: In Progress for ticket A15-2902
2026-02-10 13:03:36,091 | INFO | No defined transition for current status: In Progress for ticket A15-2902
2026-02-10 13:03:36,091 | INFO | No defined transition for current status: In Progress for ticket A15-2902
2026-02-10 13:03:36,092 | INFO | No defined transition for current status: In Progress for ticket A15-2902
2026-02-10 13:03:36,093 | INFO | No defined transition for current status: In Progress for ticket A15-2902
2026-02-10 13:03:36,093 | INFO | No defined transition for current status: In Progress for ticket A15-2902
2026-02-10 13:03:36,094 | INFO | No defined transition for current status: In Progress for ticket A15-2902
2026-02-10 13:03:36,095 | INFO | No defined transition for current status: In Progress for ticket A15-2902
2026-02-10 13:03:36,095 | INFO | No defined transition for current status: In Progress for ticket A15-2902
2026-02-10 13:03:36,096 | INFO | No defined transition for current status: In Progress for ticket A15-2902
2026-02-10 13:03:36,097 | INFO | No defined transition for current status: In Progress for ticket A15-2902
2026-02-10 13:03:36,097 | INFO | No defined transition for current status: In Progress for ticket A15-2902
2026-02-10 13:03:36,097 | INFO | No defined transition for current status: In Progress for ticket A15-2902
2026-02-10 13:03:36,098 | INFO | No defined transition for current status: In Progress for ticket A15-2902
2026-02-10 13:03:36,099 | INFO | No defined transition for current status: In Progress for ticket A15-2902
2026-02-10 13:03:36,099 | INFO | No defined transition for current status: In Progress for ticket A15-2902
2026-02-10 13:03:36,100 | INFO | No defined transition for current status: In Progress for ticket A15-2902
2026-02-10 13:03:36,101 | INFO | No defined transition for current status: In Progress for ticket A15-2902
2026-02-10 13:03:36,101 | INFO | No defined transition for current status: In Progress for ticket A15-2902
2026-02-10 13:03:36,102 | INFO | No defined transition for current status: In Progress for ticket A15-2902
2026-02-10 13:03:36,103 | INFO | No defined transition for current status: In Progress for ticket A15-2902
2026-02-10 13:03:36,104 | INFO | No defined transition for current status: In Progress for ticket A15-2902
2026-02-10 13:03:36,104 | INFO | No defined transition for current status: In Progress for ticket A15-2902
2026-02-10 13:03:36,106 | INFO | No defined transition for current status: In Progress for ticket A15-2902
2026-02-10 13:03:36,106 | INFO | No defined transition for current status: In Progress for ticket A15-2902
2026-02-10 13:03:36,107 | INFO | No defined transition for current status: In Progress for ticket A15-2902
2026-02-10 13:03:36,108 | INFO | No defined transition for current status: In Progress for ticket A15-2902
2026-02-10 13:03:36,108 | INFO | No defined transition for current status: In Progress for ticket A15-2902
2026-02-10 13:03:36,109 | INFO | No defined transition for current status: In Progress for ticket A15-2902
2026-02-10 13:03:36,110 | INFO | No defined transition for current status: In Progress for ticket A15-2902
2026-02-10 13:03:36,110 | INFO | No defined transition for current status: In Progress for ticket A15-2902
2026-02-10 13:03:36,111 | INFO | No defined transition for current status: In Progress for ticket A15-2902
2026-02-10 13:03:36,112 | INFO | No defined transition for current status: In Progress for ticket A15-2902
2026-02-10 13:03:36,112 | INFO | No defined transition for current status: In Progress for ticket A15-2902
2026-02-10 13:03:36,113 | INFO | No defined transition for current status: In Progress for ticket A15-2902
2026-02-10 13:03:36,114 | INFO | No defined transition for current status: In Progress for ticket A15-2902
2026-02-10 13:03:36,114 | INFO | No defined transition for current status: In Progress for ticket A15-2902
2026-02-10 13:03:36,115 | INFO | No defined transition for current status: In Progress for ticket A15-2902
2026-02-10 13:03:36,116 | INFO | No defined transition for current status: In Progress for ticket A15-2902
2026-02-10 13:03:36,116 | INFO | No defined transition for current status: In Progress for ticket A15-2902
2026-02-10 13:03:36,117 | INFO | No defined transition for current status: In Progress for ticket A15-2902
2026-02-10 13:03:36,118 | INFO | No defined transition for current status: In Progress for ticket A15-2902
2026-02-10 13:03:36,118 | INFO | No defined transition for current status: In Progress for ticket A15-2902
2026-02-10 13:03:36,118 | INFO | No defined transition for current status: In Progress for ticket A15-2902
2026-02-10 13:03:36,119 | INFO | No defined transition for current status: In Progress for ticket A15-2902
2026-02-10 13:03:36,119 | INFO | No defined transition for current status: In Progress for ticket A15-2902
2026-02-10 13:03:36,120 | INFO | No defined transition for current status: In Progress for ticket A15-2902
2026-02-10 13:03:36,120 | INFO | No defined transition for current status: In Progress for ticket A15-2902
2026-02-10 13:03:36,121 | INFO | No defined transition for current status: In Progress for ticket A15-2902
2026-02-10 13:03:36,121 | INFO | No defined transition for current status: In Progress for ticket A15-2902
2026-02-10 13:03:36,121 | INFO | No defined transition for current status: In Progress for ticket A15-2902
2026-02-10 13:03:36,122 | INFO | No defined transition for current status: In Progress for ticket A15-2902
2026-02-10 13:03:36,122 | INFO | No defined transition for current status: In Progress for ticket A15-2902
2026-02-10 13:03:36,122 | INFO | No defined transition for current status: In Progress for ticket A15-2902
2026-02-10 13:03:36,123 | INFO | No defined transition for current status: In Progress for ticket A15-2902
2026-02-10 13:03:36,123 | INFO | No defined transition for current status: In Progress for ticket A15-2902
2026-02-10 13:03:36,124 | INFO | No defined transition for current status: In Progress for ticket A15-2902
2026-02-10 13:03:36,124 | INFO | No defined transition for current status: In Progress for ticket A15-2902
2026-02-10 13:03:36,124 | INFO | No defined transition for current status: In Progress for ticket A15-2902
2026-02-10 13:03:36,125 | INFO | No defined transition for current status: In Progress for ticket A15-2902
2026-02-10 13:03:36,125 | INFO | No defined transition for current status: In Progress for ticket A15-2902
2026-02-10 13:03:36,126 | INFO | No defined transition for current status: In Progress for ticket A15-2902
2026-02-10 13:03:36,126 | INFO | No defined transition for current status: In Progress for ticket A15-2902
2026-02-10 13:03:36,127 | INFO | No defined transition for current status: In Progress for ticket A15-2902
2026-02-10 13:03:36,128 | INFO | No defined transition for current status: In Progress for ticket A15-2902
2026-02-10 13:03:36,128 | INFO | No defined transition for current status: In Progress for ticket A15-2902
2026-02-10 13:03:36,129 | INFO | No defined transition for current status: In Progress for ticket A15-2902
2026-02-10 13:03:36,129 | INFO | No defined transition for current status: In Progress for ticket A15-2902
2026-02-10 13:03:36,130 | INFO | No defined transition for current status: In Progress for ticket A15-2902
2026-02-10 13:03:36,131 | INFO | No defined transition for current status: In Progress for ticket A15-2902
2026-02-10 13:03:36,132 | INFO | No defined transition for current status: In Progress for ticket A15-2902
2026-02-10 13:03:36,132 | INFO | No defined transition for current status: In Progress for ticket A15-2902
2026-02-10 13:03:36,133 | INFO | No defined transition for current status: In Progress for ticket A15-2902
2026-02-10 13:03:36,134 | INFO | No defined transition for current status: In Progress for ticket A15-2902
2026-02-10 13:03:36,135 | INFO | No defined transition for current status: In Progress for ticket A15-2902
2026-02-10 13:03:36,135 | INFO | No defined transition for current status: In Progress for ticket A15-2902
2026-02-10 13:03:36,136 | INFO | No defined transition for current status: In Progress for ticket A15-2902
2026-02-10 13:03:36,137 | INFO | No defined transition for current status: In Progress for ticket A15-2902
2026-02-10 13:03:36,138 | INFO | No defined transition for current status: In Progress for ticket A15-2902
2026-02-10 13:03:36,138 | INFO | No defined transition for current status: In Progress for ticket A15-2902
2026-02-10 13:03:36,140 | INFO | No defined transition for current status: In Progress for ticket A15-2902
2026-02-10 13:03:36,140 | INFO | No defined transition for current status: In Progress for ticket A15-2902
2026-02-10 13:03:36,141 | INFO | No defined transition for current status: In Progress for ticket A15-2902
2026-02-10 13:03:36,141 | INFO | No defined transition for current status: In Progress for ticket A15-2902
2026-02-10 13:03:36,142 | INFO | No defined transition for current status: In Progress for ticket A15-2902
2026-02-10 13:03:36,143 | INFO | No defined transition for current status: In Progress for ticket A15-2902
2026-02-10 13:03:36,143 | INFO | No defined transition for current status: In Progress for ticket A15-2902
2026-02-10 13:03:36,144 | INFO | No defined transition for current status: In Progress for ticket A15-2902
2026-02-10 13:03:36,145 | INFO | No defined transition for current status: In Progress for ticket A15-2902
2026-02-10 13:03:36,145 | INFO | No defined transition for current status: In Progress for ticket A15-2902
2026-02-10 13:03:36,146 | INFO | No defined transition for current status: In Progress for ticket A15-2902
2026-02-10 13:03:36,147 | INFO | No defined transition for current status: In Progress for ticket A15-2902
2026-02-10 13:03:36,147 | INFO | No defined transition for current status: In Progress for ticket A15-2902
2026-02-10 13:03:36,148 | INFO | No defined transition for current status: In Progress for ticket A15-2902
2026-02-10 13:03:36,149 | INFO | No defined transition for current status: In Progress for ticket A15-2902
2026-02-10 13:03:36,149 | INFO | No defined transition for current status: In Progress for ticket A15-2902
2026-02-10 13:03:36,150 | INFO | No defined transition for current status: In Progress for ticket A15-2902
2026-02-10 13:03:36,151 | INFO | No defined transition for current status: In Progress for ticket A15-2902
2026-02-10 13:03:36,152 | INFO | No defined transition for current status: In Progress for ticket A15-2902
2026-02-10 13:03:36,152 | INFO | No defined transition for current status: In Progress for ticket A15-2902
2026-02-10 13:03:36,152 | INFO | No defined transition for current status: In Progress for ticket A15-2902
2026-02-10 13:03:36,153 | INFO | No defined transition for current status: In Progress for ticket A15-2902
2026-02-10 13:03:36,154 | INFO | No defined transition for current status: In Progress for ticket A15-2902
2026-02-10 13:03:36,154 | INFO | No defined transition for current status: In Progress for ticket A15-2902
2026-02-10 13:03:36,155 | INFO | No defined transition for current status: In Progress for ticket A15-2902
2026-02-10 13:03:36,156 | INFO | No defined transition for current status: In Progress for ticket A15-2902
2026-02-10 13:03:36,156 | INFO | No defined transition for current status: In Progress for ticket A15-2902
2026-02-10 13:03:36,157 | INFO | No defined transition for current status: In Progress for ticket A15-2902
2026-02-10 13:03:36,158 | INFO | No defined transition for current status: In Progress for ticket A15-2902
2026-02-10 13:03:36,158 | INFO | No defined transition for current status: In Progress for ticket A15-2902
2026-02-10 13:03:36,159 | INFO | No defined transition for current status: In Progress for ticket A15-2902
2026-02-10 13:03:36,160 | INFO | No defined transition for current status: In Progress for ticket A15-2902
2026-02-10 13:03:36,160 | INFO | No defined transition for current status: In Progress for ticket A15-2902
2026-02-10 13:03:36,161 | INFO | No defined transition for current status: In Progress for ticket A15-2902
2026-02-10 13:03:36,162 | INFO | No defined transition for current status: In Progress for ticket A15-2902
2026-02-10 13:03:36,162 | INFO | No defined transition for current status: In Progress for ticket A15-2902
2026-02-10 13:03:36,163 | INFO | No defined transition for current status: In Progress for ticket A15-2902
2026-02-10 13:03:36,163 | INFO | No defined transition for current status: In Progress for ticket A15-2902
2026-02-10 13:03:36,164 | INFO | No defined transition for current status: In Progress for ticket A15-2902
2026-02-10 13:03:36,165 | INFO | No defined transition for current status: In Progress for ticket A15-2902
2026-02-10 13:03:36,165 | INFO | No defined transition for current status: In Progress for ticket A15-2902
2026-02-10 13:03:36,166 | INFO | No defined transition for current status: In Progress for ticket A15-2902
2026-02-10 13:03:36,167 | INFO | No defined transition for current status: In Progress for ticket A15-2902
2026-02-10 13:03:36,167 | INFO | No defined transition for current status: In Progress for ticket A15-2902
2026-02-10 13:03:36,168 | INFO | No defined transition for current status: In Progress for ticket A15-2902
2026-02-10 13:03:36,169 | INFO | No defined transition for current status: In Progress for ticket A15-2902
2026-02-10 13:03:36,169 | INFO | No defined transition for current status: In Progress for ticket A15-2902
2026-02-10 13:03:36,170 | INFO | No defined transition for current status: In Progress for ticket A15-2902
2026-02-10 13:03:36,171 | INFO | No defined transition for current status: In Progress for ticket A15-2902
2026-02-10 13:03:36,172 | INFO | No defined transition for current status: In Progress for ticket A15-2902
2026-02-10 13:03:36,172 | INFO | No defined transition for current status: In Progress for ticket A15-2902
2026-02-10 13:03:36,173 | INFO | No defined transition for current status: In Progress for ticket A15-2902
2026-02-10 13:03:36,174 | INFO | No defined transition for current status: In Progress for ticket A15-2902
2026-02-10 13:03:36,174 | INFO | No defined transition for current status: In Progress for ticket A15-2902
2026-02-10 13:03:36,175 | INFO | No defined transition for current status: In Progress for ticket A15-2902
2026-02-10 13:03:36,176 | INFO | No defined transition for current status: In Progress for ticket A15-2902
2026-02-10 13:03:36,176 | INFO | No defined transition for current status: In Progress for ticket A15-2902
2026-02-10 13:03:36,177 | INFO | No defined transition for current status: In Progress for ticket A15-2902
2026-02-10 13:03:36,178 | INFO | No defined transition for current status: In Progress for ticket A15-2902
2026-02-10 13:03:36,180 | INFO | No defined transition for current status: In Progress for ticket A15-2902
2026-02-10 13:03:36,181 | INFO | No defined transition for current status: In Progress for ticket A15-2902
2026-02-10 13:03:36,181 | INFO | No defined transition for current status: In Progress for ticket A15-2902
2026-02-10 13:03:36,182 | INFO | No defined transition for current status: In Progress for ticket A15-2902
2026-02-10 13:03:36,183 | INFO | No defined transition for current status: In Progress for ticket A15-2902
2026-02-10 13:03:36,184 | INFO | No defined transition for current status: In Progress for ticket A15-2902
2026-02-10 13:03:36,184 | INFO | No defined transition for current status: In Progress for ticket A15-2902
2026-02-10 13:03:36,185 | INFO | No defined transition for current status: In Progress for ticket A15-2902
2026-02-10 13:03:36,186 | INFO | No defined transition for current status: In Progress for ticket A15-2902
2026-02-10 13:03:36,187 | INFO | No defined transition for current status: In Progress for ticket A15-2902
2026-02-10 13:03:36,187 | INFO | No defined transition for current status: In Progress for ticket A15-2902
2026-02-10 13:03:36,188 | INFO | No defined transition for current status: In Progress for ticket A15-2902
2026-02-10 13:03:36,189 | INFO | No defined transition for current status: In Progress for ticket A15-2902
2026-02-10 13:03:36,190 | INFO | No defined transition for current status: In Progress for ticket A15-2902
2026-02-10 13:03:36,191 | INFO | No defined transition for current status: In Progress for ticket A15-2902
2026-02-10 13:03:36,191 | INFO | No defined transition for current status: In Progress for ticket A15-2902
2026-02-10 13:03:36,192 | INFO | No defined transition for current status: In Progress for ticket A15-2902
2026-02-10 13:03:36,193 | INFO | No defined transition for current status: In Progress for ticket A15-2902
2026-02-10 13:03:36,193 | INFO | No defined transition for current status: In Progress for ticket A15-2902
2026-02-10 13:03:36,194 | INFO | No defined transition for current status: In Progress for ticket A15-2902
2026-02-10 13:03:36,195 | INFO | No defined transition for current status: In Progress for ticket A15-2902
2026-02-10 13:03:36,195 | INFO | No defined transition for current status: In Progress for ticket A15-2902
2026-02-10 13:03:36,196 | INFO | No defined transition for current status: In Progress for ticket A15-2902
2026-02-10 13:03:36,197 | INFO | No defined transition for current status: In Progress for ticket A15-2902
2026-02-10 13:03:36,198 | INFO | No defined transition for current status: In Progress for ticket A15-2902
2026-02-10 13:03:36,199 | INFO | No defined transition for current status: In Progress for ticket A15-2902
2026-02-10 13:03:36,199 | INFO | No defined transition for current status: In Progress for ticket A15-2902
2026-02-10 13:03:36,200 | INFO | No defined transition for current status: In Progress for ticket A15-2902
2026-02-10 13:03:36,201 | INFO | No defined transition for current status: In Progress for ticket A15-2902
2026-02-10 13:03:36,201 | INFO | No defined transition for current status: In Progress for ticket A15-2902
2026-02-10 13:03:36,202 | INFO | No defined transition for current status: In Progress for ticket A15-2902
2026-02-10 13:03:36,203 | INFO | No defined transition for current status: In Progress for ticket A15-2902
2026-02-10 13:03:36,203 | INFO | No defined transition for current status: In Progress for ticket A15-2902
2026-02-10 13:03:36,203 | INFO | No defined transition for current status: In Progress for ticket A15-2902
2026-02-10 13:03:36,204 | INFO | No defined transition for current status: In Progress for ticket A15-2902
2026-02-10 13:03:36,206 | INFO | No defined transition for current status: In Progress for ticket A15-2902
2026-02-10 13:03:36,206 | INFO | No defined transition for current status: In Progress for ticket A15-2902
2026-02-10 13:03:36,206 | INFO | No defined transition for current status: In Progress for ticket A15-2902
2026-02-10 13:03:36,207 | INFO | No defined transition for current status: In Progress for ticket A15-2902
2026-02-10 13:03:36,209 | INFO | No defined transition for current status: In Progress for ticket A15-2902
2026-02-10 13:03:36,210 | INFO | No defined transition for current status: In Progress for ticket A15-2902
2026-02-10 13:03:36,211 | INFO | No defined transition for current status: In Progress for ticket A15-2902
2026-02-10 13:03:36,212 | INFO | No defined transition for current status: In Progress for ticket A15-2902
2026-02-10 13:03:36,212 | INFO | No defined transition for current status: In Progress for ticket A15-2902
2026-02-10 13:03:36,212 | INFO | No defined transition for current status: In Progress for ticket A15-2902
2026-02-10 13:03:36,214 | INFO | No defined transition for current status: In Progress for ticket A15-2902
2026-02-10 13:03:36,215 | INFO | No defined transition for current status: In Progress for ticket A15-2902
2026-02-10 13:03:36,215 | INFO | No defined transition for current status: In Progress for ticket A15-2902
2026-02-10 13:03:36,216 | INFO | No defined transition for current status: In Progress for ticket A15-2902
2026-02-10 13:03:36,217 | INFO | No defined transition for current status: In Progress for ticket A15-2902
2026-02-10 13:03:36,217 | INFO | No defined transition for current status: In Progress for ticket A15-2902
2026-02-10 13:03:36,217 | INFO | No defined transition for current status: In Progress for ticket A15-2902
2026-02-10 13:03:36,218 | INFO | No defined transition for current status: In Progress for ticket A15-2902
2026-02-10 13:03:36,218 | INFO | No defined transition for current status: In Progress for ticket A15-2902
2026-02-10 13:03:36,220 | INFO | No defined transition for current status: In Progress for ticket A15-2902
2026-02-10 13:03:36,221 | INFO | No defined transition for current status: In Progress for ticket A15-2902
2026-02-10 13:03:36,221 | INFO | No defined transition for current status: In Progress for ticket A15-2902
2026-02-10 13:03:36,222 | INFO | No defined transition for current status: In Progress for ticket A15-2902
2026-02-10 13:03:36,223 | INFO | No defined transition for current status: In Progress for ticket A15-2902
2026-02-10 13:03:36,223 | INFO | No defined transition for current status: In Progress for ticket A15-2902
2026-02-10 13:03:36,224 | INFO | No defined transition for current status: In Progress for ticket A15-2902
2026-02-10 13:03:36,225 | INFO | No defined transition for current status: In Progress for ticket A15-2902
2026-02-10 13:03:36,226 | INFO | No defined transition for current status: In Progress for ticket A15-2902
2026-02-10 13:03:36,226 | INFO | No defined transition for current status: In Progress for ticket A15-2902
2026-02-10 13:03:36,227 | INFO | No defined transition for current status: In Progress for ticket A15-2902
2026-02-10 13:03:36,228 | INFO | No defined transition for current status: In Progress for ticket A15-2902
2026-02-10 13:03:36,229 | INFO | No defined transition for current status: In Progress for ticket A15-2902
2026-02-10 13:03:36,229 | INFO | No defined transition for current status: In Progress for ticket A15-2902
2026-02-10 13:03:36,230 | INFO | No defined transition for current status: In Progress for ticket A15-2902
2026-02-10 13:03:36,231 | INFO | No defined transition for current status: In Progress for ticket A15-2902
2026-02-10 13:03:36,231 | INFO | No defined transition for current status: In Progress for ticket A15-2902
2026-02-10 13:03:36,232 | INFO | No defined transition for current status: In Progress for ticket A15-2902
2026-02-10 13:03:36,233 | INFO | No defined transition for current status: In Progress for ticket A15-2902
2026-02-10 13:03:36,233 | INFO | No defined transition for current status: In Progress for ticket A15-2902
2026-02-10 13:03:36,234 | INFO | No defined transition for current status: In Progress for ticket A15-2902
2026-02-10 13:03:36,235 | INFO | No defined transition for current status: In Progress for ticket A15-2902
2026-02-10 13:03:36,235 | INFO | No defined transition for current status: In Progress for ticket A15-2902
2026-02-10 13:03:36,236 | INFO | No defined transition for current status: In Progress for ticket A15-2902
2026-02-10 13:03:36,237 | INFO | No defined transition for current status: In Progress for ticket A15-2902
2026-02-10 13:03:36,237 | INFO | No defined transition for current status: In Progress for ticket A15-2902
2026-02-10 13:03:36,238 | INFO | No defined transition for current status: In Progress for ticket A15-2902
2026-02-10 13:03:36,238 | INFO | No defined transition for current status: In Progress for ticket A15-2902
2026-02-10 13:03:36,239 | INFO | No defined transition for current status: In Progress for ticket A15-2902
2026-02-10 13:03:36,239 | INFO | No defined transition for current status: In Progress for ticket A15-2902
2026-02-10 13:03:36,240 | INFO | No defined transition for current status: In Progress for ticket A15-2902
2026-02-10 13:03:36,241 | INFO | No defined transition for current status: In Progress for ticket A15-2902
2026-02-10 13:03:36,241 | INFO | No defined transition for current status: In Progress for ticket A15-2902
2026-02-10 13:03:36,242 | INFO | No defined transition for current status: In Progress for ticket A15-2902
2026-02-10 13:03:36,243 | INFO | No defined transition for current status: In Progress for ticket A15-2902
2026-02-10 13:03:36,243 | INFO | No defined transition for current status: In Progress for ticket A15-2902
2026-02-10 13:03:36,245 | INFO | No defined transition for current status: In Progress for ticket A15-2902
2026-02-10 13:03:36,245 | INFO | No defined transition for current status: In Progress for ticket A15-2902
2026-02-10 13:03:36,246 | INFO | No defined transition for current status: In Progress for ticket A15-2902
2026-02-10 13:03:36,247 | INFO | No defined transition for current status: In Progress for ticket A15-2902
2026-02-10 13:03:36,248 | INFO | No defined transition for current status: In Progress for ticket A15-2902
2026-02-10 13:03:36,248 | INFO | No defined transition for current status: In Progress for ticket A15-2902
2026-02-10 13:03:36,248 | INFO | No defined transition for current status: In Progress for ticket A15-2902
2026-02-10 13:03:36,249 | INFO | No defined transition for current status: In Progress for ticket A15-2902
2026-02-10 13:03:36,250 | INFO | No defined transition for current status: In Progress for ticket A15-2902
2026-02-10 13:03:36,250 | INFO | No defined transition for current status: In Progress for ticket A15-2902
2026-02-10 13:03:36,251 | INFO | No defined transition for current status: In Progress for ticket A15-2902
2026-02-10 13:03:36,252 | INFO | No defined transition for current status: In Progress for ticket A15-2902
2026-02-10 13:03:36,252 | INFO | No defined transition for current status: In Progress for ticket A15-2902
2026-02-10 13:03:36,253 | INFO | No defined transition for current status: In Progress for ticket A15-2902
2026-02-10 13:03:36,254 | INFO | No defined transition for current status: In Progress for ticket A15-2902
2026-02-10 13:03:36,254 | INFO | No defined transition for current status: In Progress for ticket A15-2902
2026-02-10 13:03:36,255 | INFO | No defined transition for current status: In Progress for ticket A15-2902
2026-02-10 13:03:36,256 | INFO | No defined transition for current status: In Progress for ticket A15-2902
2026-02-10 13:03:36,256 | INFO | No defined transition for current status: In Progress for ticket A15-2902
2026-02-10 13:03:36,257 | INFO | No defined transition for current status: In Progress for ticket A15-2902
2026-02-10 13:03:36,258 | INFO | No defined transition for current status: In Progress for ticket A15-2902
2026-02-10 13:03:36,258 | INFO | No defined transition for current status: In Progress for ticket A15-2902
2026-02-10 13:03:36,259 | INFO | No defined transition for current status: In Progress for ticket A15-2902
2026-02-10 13:03:36,260 | INFO | No defined transition for current status: In Progress for ticket A15-2902
2026-02-10 13:03:36,260 | INFO | No defined transition for current status: In Progress for ticket A15-2902
2026-02-10 13:03:36,261 | INFO | No defined transition for current status: In Progress for ticket A15-2902
2026-02-10 13:03:36,262 | INFO | No defined transition for current status: In Progress for ticket A15-2902
2026-02-10 13:03:36,262 | INFO | No defined transition for current status: In Progress for ticket A15-2902
2026-02-10 13:03:36,263 | INFO | No defined transition for current status: In Progress for ticket A15-2902
2026-02-10 13:03:36,264 | INFO | No defined transition for current status: In Progress for ticket A15-2902
2026-02-10 13:03:36,265 | INFO | No defined transition for current status: In Progress for ticket A15-2902
2026-02-10 13:03:36,266 | INFO | No defined transition for current status: In Progress for ticket A15-2902
2026-02-10 13:03:36,266 | INFO | No defined transition for current status: In Progress for ticket A15-2902
2026-02-10 13:03:36,267 | INFO | No defined transition for current status: In Progress for ticket A15-2902
2026-02-10 13:03:36,268 | INFO | No defined transition for current status: In Progress for ticket A15-2902
2026-02-10 13:03:36,268 | INFO | No defined transition for current status: In Progress for ticket A15-2902
2026-02-10 13:03:36,269 | INFO | No defined transition for current status: In Progress for ticket A15-2902
2026-02-10 13:03:36,270 | INFO | No defined transition for current status: In Progress for ticket A15-2902
2026-02-10 13:03:36,270 | INFO | No defined transition for current status: In Progress for ticket A15-2902
2026-02-10 13:03:36,271 | INFO | No defined transition for current status: In Progress for ticket A15-2902
2026-02-10 13:03:36,271 | INFO | No defined transition for current status: In Progress for ticket A15-2902
2026-02-10 13:03:36,272 | INFO | No defined transition for current status: In Progress for ticket A15-2902
2026-02-10 13:03:36,272 | INFO | No defined transition for current status: In Progress for ticket A15-2902
2026-02-10 13:03:36,273 | INFO | No defined transition for current status: In Progress for ticket A15-2902
2026-02-10 13:03:36,274 | INFO | No defined transition for current status: In Progress for ticket A15-2902
2026-02-10 13:03:36,274 | INFO | No defined transition for current status: In Progress for ticket A15-2902
2026-02-10 13:03:36,275 | INFO | No defined transition for current status: In Progress for ticket A15-2902
2026-02-10 13:03:36,275 | INFO | No defined transition for current status: In Progress for ticket A15-2902
2026-02-10 13:03:36,276 | INFO | No defined transition for current status: In Progress for ticket A15-2902
2026-02-10 13:03:36,276 | INFO | No defined transition for current status: In Progress for ticket A15-2902
2026-02-10 13:03:36,277 | INFO | No defined transition for current status: In Progress for ticket A15-2902
2026-02-10 13:03:36,277 | INFO | No defined transition for current status: In Progress for ticket A15-2902
2026-02-10 13:03:36,277 | INFO | No defined transition for current status: In Progress for ticket A15-2902
2026-02-10 13:03:36,278 | INFO | No defined transition for current status: In Progress for ticket A15-2902
2026-02-10 13:03:36,279 | INFO | No defined transition for current status: In Progress for ticket A15-2902
2026-02-10 13:03:36,279 | INFO | No defined transition for current status: In Progress for ticket A15-2902
2026-02-10 13:03:36,279 | INFO | No defined transition for current status: In Progress for ticket A15-2902
2026-02-10 13:03:36,280 | INFO | No defined transition for current status: In Progress for ticket A15-2902
2026-02-10 13:03:36,280 | INFO | No defined transition for current status: In Progress for ticket A15-2902
2026-02-10 13:03:36,281 | INFO | No defined transition for current status: In Progress for ticket A15-2902
2026-02-10 13:03:36,281 | INFO | No defined transition for current status: In Progress for ticket A15-2902
2026-02-10 13:03:36,282 | INFO | No defined transition for current status: In Progress for ticket A15-2902
2026-02-10 13:03:36,282 | INFO | No defined transition for current status: In Progress for ticket A15-2902
2026-02-10 13:03:36,283 | INFO | No defined transition for current status: In Progress for ticket A15-2902
2026-02-10 13:03:36,283 | INFO | No defined transition for current status: In Progress for ticket A15-2902
2026-02-10 13:03:36,284 | INFO | No defined transition for current status: In Progress for ticket A15-2902
2026-02-10 13:03:36,284 | INFO | No defined transition for current status: In Progress for ticket A15-2902
2026-02-10 13:03:36,286 | INFO | No defined transition for current status: In Progress for ticket A15-2902
2026-02-10 13:03:36,286 | INFO | No defined transition for current status: In Progress for ticket A15-2902
2026-02-10 13:03:36,287 | INFO | No defined transition for current status: In Progress for ticket A15-2902
2026-02-10 13:03:36,287 | INFO | No defined transition for current status: In Progress for ticket A15-2902
2026-02-10 13:03:36,288 | INFO | No defined transition for current status: In Progress for ticket A15-2902
2026-02-10 13:03:36,289 | INFO | No defined transition for current status: In Progress for ticket A15-2902
2026-02-10 13:03:36,289 | INFO | No defined transition for current status: In Progress for ticket A15-2902
2026-02-10 13:03:36,290 | INFO | No defined transition for current status: In Progress for ticket A15-2902
2026-02-10 13:03:36,291 | INFO | No defined transition for current status: In Progress for ticket A15-2902
2026-02-10 13:03:36,291 | INFO | No defined transition for current status: In Progress for ticket A15-2902
2026-02-10 13:03:36,292 | INFO | No defined transition for current status: In Progress for ticket A15-2902
2026-02-10 13:03:36,293 | INFO | No defined transition for current status: In Progress for ticket A15-2902
2026-02-10 13:03:36,293 | INFO | No defined transition for current status: In Progress for ticket A15-2902
2026-02-10 13:03:36,294 | INFO | No defined transition for current status: In Progress for ticket A15-2902
2026-02-10 13:03:36,295 | INFO | No defined transition for current status: In Progress for ticket A15-2902
2026-02-10 13:03:36,295 | INFO | No defined transition for current status: In Progress for ticket A15-2902
2026-02-10 13:03:36,296 | INFO | No defined transition for current status: In Progress for ticket A15-2902
2026-02-10 13:03:36,297 | INFO | No defined transition for current status: In Progress for ticket A15-2902
2026-02-10 13:03:36,297 | INFO | No defined transition for current status: In Progress for ticket A15-2902
2026-02-10 13:03:36,298 | INFO | No defined transition for current status: In Progress for ticket A15-2902
2026-02-10 13:03:36,298 | INFO | No defined transition for current status: In Progress for ticket A15-2902
2026-02-10 13:03:36,299 | INFO | No defined transition for current status: In Progress for ticket A15-2902
2026-02-10 13:03:36,299 | INFO | No defined transition for current status: In Progress for ticket A15-2902
2026-02-10 13:03:36,300 | INFO | No defined transition for current status: In Progress for ticket A15-2902
2026-02-10 13:03:36,300 | INFO | No defined transition for current status: In Progress for ticket A15-2902
2026-02-10 13:03:36,301 | INFO | No defined transition for current status: In Progress for ticket A15-2902
2026-02-10 13:03:36,302 | INFO | No defined transition for current status: In Progress for ticket A15-2902
2026-02-10 13:03:36,302 | INFO | No defined transition for current status: In Progress for ticket A15-2902
2026-02-10 13:03:36,303 | INFO | No defined transition for current status: In Progress for ticket A15-2902
2026-02-10 13:03:36,303 | INFO | No defined transition for current status: In Progress for ticket A15-2902
2026-02-10 13:03:36,304 | INFO | No defined transition for current status: In Progress for ticket A15-2902
2026-02-10 13:03:36,305 | INFO | No defined transition for current status: In Progress for ticket A15-2902
2026-02-10 13:03:36,305 | INFO | No defined transition for current status: In Progress for ticket A15-2902
2026-02-10 13:03:36,306 | INFO | No defined transition for current status: In Progress for ticket A15-2902
2026-02-10 13:03:36,306 | INFO | No defined transition for current status: In Progress for ticket A15-2902
2026-02-10 13:03:36,307 | INFO | No defined transition for current status: In Progress for ticket A15-2902
2026-02-10 13:03:36,307 | INFO | No defined transition for current status: In Progress for ticket A15-2902
2026-02-10 13:03:36,308 | INFO | No defined transition for current status: In Progress for ticket A15-2902
2026-02-10 13:03:36,308 | INFO | No defined transition for current status: In Progress for ticket A15-2902
2026-02-10 13:03:36,309 | INFO | No defined transition for current status: In Progress for ticket A15-2902
2026-02-10 13:03:36,309 | INFO | No defined transition for current status: In Progress for ticket A15-2902
2026-02-10 13:03:36,310 | INFO | No defined transition for current status: In Progress for ticket A15-2902
2026-02-10 13:03:36,311 | INFO | No defined transition for current status: In Progress for ticket A15-2902
2026-02-10 13:03:36,311 | INFO | No defined transition for current status: In Progress for ticket A15-2902
2026-02-10 13:03:36,312 | INFO | No defined transition for current status: In Progress for ticket A15-2902
2026-02-10 13:03:36,312 | INFO | No defined transition for current status: In Progress for ticket A15-2902
2026-02-10 13:03:36,313 | INFO | No defined transition for current status: In Progress for ticket A15-2902
2026-02-10 13:03:36,314 | INFO | No defined transition for current status: In Progress for ticket A15-2902
2026-02-10 13:03:36,315 | INFO | No defined transition for current status: In Progress for ticket A15-2902
2026-02-10 13:03:36,315 | INFO | No defined transition for current status: In Progress for ticket A15-2902
2026-02-10 13:03:36,316 | INFO | No defined transition for current status: In Progress for ticket A15-2902
2026-02-10 13:03:36,316 | INFO | No defined transition for current status: In Progress for ticket A15-2902
2026-02-10 13:03:36,317 | INFO | No defined transition for current status: In Progress for ticket A15-2902
2026-02-10 13:03:36,318 | INFO | No defined transition for current status: In Progress for ticket A15-2902
2026-02-10 13:03:36,319 | INFO | No defined transition for current status: In Progress for ticket A15-2902
2026-02-10 13:03:36,320 | INFO | No defined transition for current status: In Progress for ticket A15-2902
2026-02-10 13:03:36,320 | INFO | No defined transition for current status: In Progress for ticket A15-2902
2026-02-10 13:03:36,321 | INFO | No defined transition for current status: In Progress for ticket A15-2902
2026-02-10 13:03:36,322 | INFO | No defined transition for current status: In Progress for ticket A15-2902
2026-02-10 13:03:36,323 | INFO | No defined transition for current status: In Progress for ticket A15-2902
2026-02-10 13:03:36,324 | INFO | No defined transition for current status: In Progress for ticket A15-2902
2026-02-10 13:03:36,324 | INFO | No defined transition for current status: In Progress for ticket A15-2902
2026-02-10 13:03:36,326 | INFO | No defined transition for current status: In Progress for ticket A15-2902
2026-02-10 13:03:36,326 | INFO | No defined transition for current status: In Progress for ticket A15-2902
2026-02-10 13:03:36,327 | INFO | No defined transition for current status: In Progress for ticket A15-2902
2026-02-10 13:03:36,327 | INFO | No defined transition for current status: In Progress for ticket A15-2902
2026-02-10 13:03:36,328 | INFO | No defined transition for current status: In Progress for ticket A15-2902
2026-02-10 13:03:36,329 | INFO | No defined transition for current status: In Progress for ticket A15-2902
2026-02-10 13:03:36,329 | INFO | No defined transition for current status: In Progress for ticket A15-2902
2026-02-10 13:03:36,330 | INFO | No defined transition for current status: In Progress for ticket A15-2902
2026-02-10 13:03:36,331 | INFO | No defined transition for current status: In Progress for ticket A15-2902
2026-02-10 13:03:36,331 | INFO | No defined transition for current status: In Progress for ticket A15-2902
2026-02-10 13:03:36,332 | INFO | No defined transition for current status: In Progress for ticket A15-2902
2026-02-10 13:03:36,333 | INFO | No defined transition for current status: In Progress for ticket A15-2902
2026-02-10 13:03:36,334 | INFO | No defined transition for current status: In Progress for ticket A15-2902
2026-02-10 13:03:36,334 | INFO | No defined transition for current status: In Progress for ticket A15-2902
2026-02-10 13:03:36,335 | INFO | No defined transition for current status: In Progress for ticket A15-2902
2026-02-10 13:03:36,336 | INFO | No defined transition for current status: In Progress for ticket A15-2902
2026-02-10 13:03:36,336 | INFO | No defined transition for current status: In Progress for ticket A15-2902
2026-02-10 13:03:36,337 | INFO | No defined transition for current status: In Progress for ticket A15-2902
2026-02-10 13:03:36,338 | INFO | No defined transition for current status: In Progress for ticket A15-2902
2026-02-10 13:03:36,338 | INFO | No defined transition for current status: In Progress for ticket A15-2902
2026-02-10 13:03:36,339 | INFO | No defined transition for current status: In Progress for ticket A15-2902
2026-02-10 13:03:36,340 | INFO | No defined transition for current status: In Progress for ticket A15-2902
2026-02-10 13:03:36,340 | INFO | No defined transition for current status: In Progress for ticket A15-2902
2026-02-10 13:03:36,341 | INFO | No defined transition for current status: In Progress for ticket A15-2902
2026-02-10 13:03:36,342 | INFO | No defined transition for current status: In Progress for ticket A15-2902
2026-02-10 13:03:36,342 | INFO | No defined transition for current status: In Progress for ticket A15-2902
2026-02-10 13:03:36,343 | INFO | No defined transition for current status: In Progress for ticket A15-2902
2026-02-10 13:03:36,344 | INFO | No defined transition for current status: In Progress for ticket A15-2902
2026-02-10 13:03:36,344 | INFO | No defined transition for current status: In Progress for ticket A15-2902
2026-02-10 13:03:36,345 | INFO | No defined transition for current status: In Progress for ticket A15-2902
2026-02-10 13:03:36,346 | INFO | No defined transition for current status: In Progress for ticket A15-2902
2026-02-10 13:03:36,346 | INFO | No defined transition for current status: In Progress for ticket A15-2902
2026-02-10 13:03:36,347 | INFO | No defined transition for current status: In Progress for ticket A15-2902
2026-02-10 13:03:36,348 | INFO | No defined transition for current status: In Progress for ticket A15-2902
2026-02-10 13:03:36,349 | INFO | No defined transition for current status: In Progress for ticket A15-2902
2026-02-10 13:03:36,350 | INFO | No defined transition for current status: In Progress for ticket A15-2902
2026-02-10 13:03:36,351 | INFO | No defined transition for current status: In Progress for ticket A15-2902
2026-02-10 13:03:36,351 | INFO | No defined transition for current status: In Progress for ticket A15-2902
2026-02-10 13:03:36,352 | INFO | No defined transition for current status: In Progress for ticket A15-2902
2026-02-10 13:03:36,354 | INFO | No defined transition for current status: In Progress for ticket A15-2902
2026-02-10 13:03:36,354 | INFO | No defined transition for current status: In Progress for ticket A15-2902
2026-02-10 13:03:36,354 | INFO | No defined transition for current status: In Progress for ticket A15-2902
2026-02-10 13:03:36,355 | INFO | No defined transition for current status: In Progress for ticket A15-2902
2026-02-10 13:03:36,356 | INFO | No defined transition for current status: In Progress for ticket A15-2902
2026-02-10 13:03:36,357 | INFO | No defined transition for current status: In Progress for ticket A15-2902
2026-02-10 13:03:36,358 | INFO | No defined transition for current status: In Progress for ticket A15-2902
2026-02-10 13:03:36,359 | INFO | No defined transition for current status: In Progress for ticket A15-2902
2026-02-10 13:03:36,360 | INFO | No defined transition for current status: In Progress for ticket A15-2902
2026-02-10 13:03:36,361 | INFO | No defined transition for current status: In Progress for ticket A15-2902
2026-02-10 13:03:36,362 | INFO | No defined transition for current status: In Progress for ticket A15-2902
2026-02-10 13:03:36,363 | INFO | No defined transition for current status: In Progress for ticket A15-2902
2026-02-10 13:03:36,365 | INFO | No defined transition for current status: In Progress for ticket A15-2902
2026-02-10 13:03:36,365 | INFO | No defined transition for current status: In Progress for ticket A15-2902
2026-02-10 13:03:36,365 | INFO | No defined transition for current status: In Progress for ticket A15-2902
2026-02-10 13:03:36,366 | INFO | No defined transition for current status: In Progress for ticket A15-2902
2026-02-10 13:03:36,367 | INFO | No defined transition for current status: In Progress for ticket A15-2902
2026-02-10 13:03:36,367 | INFO | No defined transition for current status: In Progress for ticket A15-2902
2026-02-10 13:03:36,368 | INFO | No defined transition for current status: In Progress for ticket A15-2902
2026-02-10 13:03:36,370 | INFO | No defined transition for current status: In Progress for ticket A15-2902
2026-02-10 13:03:36,370 | INFO | No defined transition for current status: In Progress for ticket A15-2902
2026-02-10 13:03:36,371 | INFO | No defined transition for current status: In Progress for ticket A15-2902
2026-02-10 13:03:36,372 | INFO | No defined transition for current status: In Progress for ticket A15-2902
2026-02-10 13:03:36,373 | INFO | No defined transition for current status: In Progress for ticket A15-2902
2026-02-10 13:03:36,373 | INFO | No defined transition for current status: In Progress for ticket A15-2902
2026-02-10 13:03:36,374 | INFO | No defined transition for current status: In Progress for ticket A15-2902
2026-02-10 13:03:36,375 | INFO | No defined transition for current status: In Progress for ticket A15-2902
2026-02-10 13:03:36,375 | INFO | No defined transition for current status: In Progress for ticket A15-2902
2026-02-10 13:03:36,376 | INFO | No defined transition for current status: In Progress for ticket A15-2902
2026-02-10 13:03:36,377 | INFO | No defined transition for current status: In Progress for ticket A15-2902
2026-02-10 13:03:36,378 | INFO | No defined transition for current status: In Progress for ticket A15-2902
2026-02-10 13:03:36,378 | INFO | No defined transition for current status: In Progress for ticket A15-2902
2026-02-10 13:03:36,379 | INFO | No defined transition for current status: In Progress for ticket A15-2902
2026-02-10 13:03:36,380 | INFO | No defined transition for current status: In Progress for ticket A15-2902
2026-02-10 13:03:36,380 | INFO | No defined transition for current status: In Progress for ticket A15-2902
2026-02-10 13:03:36,381 | INFO | No defined transition for current status: In Progress for ticket A15-2902
2026-02-10 13:03:36,382 | INFO | No defined transition for current status: In Progress for ticket A15-2902
2026-02-10 13:03:36,382 | INFO | No defined transition for current status: In Progress for ticket A15-2902
2026-02-10 13:03:36,383 | INFO | No defined transition for current status: In Progress for ticket A15-2902
2026-02-10 13:03:36,384 | INFO | No defined transition for current status: In Progress for ticket A15-2902
2026-02-10 13:03:36,384 | INFO | No defined transition for current status: In Progress for ticket A15-2902
2026-02-10 13:03:36,385 | INFO | No defined transition for current status: In Progress for ticket A15-2902
2026-02-10 13:03:36,385 | INFO | No defined transition for current status: In Progress for ticket A15-2902
2026-02-10 13:03:36,386 | INFO | No defined transition for current status: In Progress for ticket A15-2902
2026-02-10 13:03:36,386 | INFO | No defined transition for current status: In Progress for ticket A15-2902
2026-02-10 13:03:36,387 | INFO | No defined transition for current status: In Progress for ticket A15-2902
2026-02-10 13:03:36,387 | INFO | No defined transition for current status: In Progress for ticket A15-2902
2026-02-10 13:03:36,388 | INFO | No defined transition for current status: In Progress for ticket A15-2902
2026-02-10 13:03:36,388 | INFO | No defined transition for current status: In Progress for ticket A15-2902
2026-02-10 13:03:36,389 | INFO | No defined transition for current status: In Progress for ticket A15-2902
2026-02-10 13:03:36,390 | INFO | No defined transition for current status: In Progress for ticket A15-2902
2026-02-10 13:03:36,390 | INFO | No defined transition for current status: In Progress for ticket A15-2902
2026-02-10 13:03:36,391 | INFO | No defined transition for current status: In Progress for ticket A15-2902
2026-02-10 13:03:36,392 | INFO | No defined transition for current status: In Progress for ticket A15-2902
2026-02-10 13:03:36,392 | INFO | No defined transition for current status: In Progress for ticket A15-2902
2026-02-10 13:03:36,393 | INFO | No defined transition for current status: In Progress for ticket A15-2902
2026-02-10 13:03:36,394 | INFO | No defined transition for current status: In Progress for ticket A15-2902
2026-02-10 13:03:36,395 | INFO | No defined transition for current status: In Progress for ticket A15-2902
2026-02-10 13:03:36,395 | INFO | No defined transition for current status: In Progress for ticket A15-2902
2026-02-10 13:03:36,396 | INFO | No defined transition for current status: In Progress for ticket A15-2902
2026-02-10 13:03:36,397 | INFO | No defined transition for current status: In Progress for ticket A15-2902
2026-02-10 13:03:36,398 | INFO | No defined transition for current status: In Progress for ticket A15-2902
2026-02-10 13:03:36,399 | INFO | No defined transition for current status: In Progress for ticket A15-2902
2026-02-10 13:03:36,400 | INFO | No defined transition for current status: In Progress for ticket A15-2902
2026-02-10 13:03:36,401 | INFO | No defined transition for current status: In Progress for ticket A15-2902
2026-02-10 13:03:36,402 | INFO | No defined transition for current status: In Progress for ticket A15-2902
2026-02-10 13:03:36,402 | INFO | No defined transition for current status: In Progress for ticket A15-2902
2026-02-10 13:03:36,403 | INFO | No defined transition for current status: In Progress for ticket A15-2902
2026-02-10 13:03:36,404 | INFO | No defined transition for current status: In Progress for ticket A15-2902
2026-02-10 13:03:36,405 | INFO | No defined transition for current status: In Progress for ticket A15-2902
2026-02-10 13:03:36,405 | INFO | No defined transition for current status: In Progress for ticket A15-2902
2026-02-10 13:03:36,406 | INFO | No defined transition for current status: In Progress for ticket A15-2902
2026-02-10 13:03:36,407 | INFO | No defined transition for current status: In Progress for ticket A15-2902
2026-02-10 13:03:36,407 | INFO | No defined transition for current status: In Progress for ticket A15-2902
2026-02-10 13:03:36,408 | INFO | No defined transition for current status: In Progress for ticket A15-2902
2026-02-10 13:03:36,409 | INFO | No defined transition for current status: In Progress for ticket A15-2902
2026-02-10 13:03:36,409 | INFO | No defined transition for current status: In Progress for ticket A15-2902
2026-02-10 13:03:36,410 | INFO | No defined transition for current status: In Progress for ticket A15-2902
2026-02-10 13:03:36,411 | INFO | No defined transition for current status: In Progress for ticket A15-2902
2026-02-10 13:03:36,412 | INFO | No defined transition for current status: In Progress for ticket A15-2902
2026-02-10 13:03:36,413 | INFO | No defined transition for current status: In Progress for ticket A15-2902
2026-02-10 13:03:36,413 | INFO | No defined transition for current status: In Progress for ticket A15-2902
2026-02-10 13:03:36,414 | INFO | No defined transition for current status: In Progress for ticket A15-2902
2026-02-10 13:03:36,415 | INFO | No defined transition for current status: In Progress for ticket A15-2902
2026-02-10 13:03:36,415 | INFO | No defined transition for current status: In Progress for ticket A15-2902
2026-02-10 13:03:36,416 | INFO | No defined transition for current status: In Progress for ticket A15-2902
2026-02-10 13:03:36,417 | INFO | No defined transition for current status: In Progress for ticket A15-2902
2026-02-10 13:03:36,418 | INFO | No defined transition for current status: In Progress for ticket A15-2902
2026-02-10 13:03:36,419 | INFO | No defined transition for current status: In Progress for ticket A15-2902
2026-02-10 13:03:36,419 | INFO | No defined transition for current status: In Progress for ticket A15-2902
2026-02-10 13:03:36,420 | INFO | No defined transition for current status: In Progress for ticket A15-2902
2026-02-10 13:03:36,421 | INFO | No defined transition for current status: In Progress for ticket A15-2902
2026-02-10 13:03:36,422 | INFO | No defined transition for current status: In Progress for ticket A15-2902
2026-02-10 13:03:36,422 | INFO | No defined transition for current status: In Progress for ticket A15-2902
2026-02-10 13:03:36,423 | INFO | No defined transition for current status: In Progress for ticket A15-2902
2026-02-10 13:03:36,424 | INFO | No defined transition for current status: In Progress for ticket A15-2902
2026-02-10 13:03:36,425 | INFO | No defined transition for current status: In Progress for ticket A15-2902
2026-02-10 13:03:36,425 | INFO | No defined transition for current status: In Progress for ticket A15-2902
2026-02-10 13:03:36,426 | INFO | No defined transition for current status: In Progress for ticket A15-2902
2026-02-10 13:03:36,428 | INFO | No defined transition for current status: In Progress for ticket A15-2902
2026-02-10 13:03:36,429 | INFO | No defined transition for current status: In Progress for ticket A15-2902
2026-02-10 13:03:36,430 | INFO | No defined transition for current status: In Progress for ticket A15-2902
2026-02-10 13:03:36,430 | INFO | No defined transition for current status: In Progress for ticket A15-2902
2026-02-10 13:03:36,431 | INFO | No defined transition for current status: In Progress for ticket A15-2902
2026-02-10 13:03:36,432 | INFO | No defined transition for current status: In Progress for ticket A15-2902
2026-02-10 13:03:36,433 | INFO | No defined transition for current status: In Progress for ticket A15-2902
2026-02-10 13:03:36,433 | INFO | No defined transition for current status: In Progress for ticket A15-2902
2026-02-10 13:03:36,434 | INFO | No defined transition for current status: In Progress for ticket A15-2902
2026-02-10 13:03:36,434 | INFO | No defined transition for current status: In Progress for ticket A15-2902
2026-02-10 13:03:36,435 | INFO | No defined transition for current status: In Progress for ticket A15-2902
2026-02-10 13:03:36,436 | INFO | No defined transition for current status: In Progress for ticket A15-2902
2026-02-10 13:03:36,437 | INFO | No defined transition for current status: In Progress for ticket A15-2902
2026-02-10 13:03:36,438 | INFO | No defined transition for current status: In Progress for ticket A15-2902
2026-02-10 13:03:36,438 | INFO | No defined transition for current status: In Progress for ticket A15-2902
2026-02-10 13:03:36,439 | INFO | No defined transition for current status: In Progress for ticket A15-2902
2026-02-10 13:03:36,440 | INFO | No defined transition for current status: In Progress for ticket A15-2902
2026-02-10 13:03:36,441 | INFO | No defined transition for current status: In Progress for ticket A15-2902
2026-02-10 13:03:36,441 | INFO | No defined transition for current status: In Progress for ticket A15-2902
2026-02-10 13:03:36,442 | INFO | No defined transition for current status: In Progress for ticket A15-2902
2026-02-10 13:03:36,444 | INFO | No defined transition for current status: In Progress for ticket A15-2902
2026-02-10 13:03:36,445 | INFO | No defined transition for current status: In Progress for ticket A15-2902
2026-02-10 13:03:36,445 | INFO | No defined transition for current status: In Progress for ticket A15-2902
2026-02-10 13:03:36,446 | INFO | No defined transition for current status: In Progress for ticket A15-2902
2026-02-10 13:03:36,447 | INFO | No defined transition for current status: In Progress for ticket A15-2902
2026-02-10 13:03:36,448 | INFO | No defined transition for current status: In Progress for ticket A15-2902
2026-02-10 13:03:36,448 | INFO | No defined transition for current status: In Progress for ticket A15-2902
2026-02-10 13:03:36,449 | INFO | No defined transition for current status: In Progress for ticket A15-2902
2026-02-10 13:03:36,451 | INFO | No defined transition for current status: In Progress for ticket A15-2902
2026-02-10 13:03:36,451 | INFO | No defined transition for current status: In Progress for ticket A15-2902
2026-02-10 13:03:36,452 | INFO | No defined transition for current status: In Progress for ticket A15-2902
2026-02-10 13:03:36,452 | INFO | No defined transition for current status: In Progress for ticket A15-2902
2026-02-10 13:03:36,453 | INFO | No defined transition for current status: In Progress for ticket A15-2902
2026-02-10 13:03:36,454 | INFO | No defined transition for current status: In Progress for ticket A15-2902
2026-02-10 13:03:36,454 | INFO | No defined transition for current status: In Progress for ticket A15-2902
2026-02-10 13:03:36,455 | INFO | No defined transition for current status: In Progress for ticket A15-2902
2026-02-10 13:03:36,456 | INFO | No defined transition for current status: In Progress for ticket A15-2902
2026-02-10 13:03:36,457 | INFO | No defined transition for current status: In Progress for ticket A15-2902
2026-02-10 13:03:36,458 | INFO | No defined transition for current status: In Progress for ticket A15-2902
2026-02-10 13:03:36,458 | INFO | No defined transition for current status: In Progress for ticket A15-2902
2026-02-10 13:03:36,459 | INFO | No defined transition for current status: In Progress for ticket A15-2902
2026-02-10 13:03:36,460 | INFO | No defined transition for current status: In Progress for ticket A15-2902
2026-02-10 13:03:36,460 | INFO | No defined transition for current status: In Progress for ticket A15-2902
2026-02-10 13:03:36,461 | INFO | No defined transition for current status: In Progress for ticket A15-2902
2026-02-10 13:03:36,462 | INFO | No defined transition for current status: In Progress for ticket A15-2902
2026-02-10 13:03:36,462 | INFO | No defined transition for current status: In Progress for ticket A15-2902
2026-02-10 13:03:36,463 | INFO | No defined transition for current status: In Progress for ticket A15-2902
2026-02-10 13:03:36,463 | INFO | No defined transition for current status: In Progress for ticket A15-2902
2026-02-10 13:03:36,464 | INFO | No defined transition for current status: In Progress for ticket A15-2902
2026-02-10 13:03:36,465 | INFO | No defined transition for current status: In Progress for ticket A15-2902
2026-02-10 13:03:36,465 | INFO | No defined transition for current status: In Progress for ticket A15-2902
2026-02-10 13:03:36,466 | INFO | No defined transition for current status: In Progress for ticket A15-2902
2026-02-10 13:03:36,467 | INFO | No defined transition for current status: In Progress for ticket A15-2902
2026-02-10 13:03:36,467 | INFO | No defined transition for current status: In Progress for ticket A15-2902
2026-02-10 13:03:36,468 | INFO | No defined transition for current status: In Progress for ticket A15-2902
2026-02-10 13:03:36,469 | INFO | No defined transition for current status: In Progress for ticket A15-2902
2026-02-10 13:03:36,469 | INFO | No defined transition for current status: In Progress for ticket A15-2902
2026-02-10 13:03:36,470 | INFO | No defined transition for current status: In Progress for ticket A15-2902
2026-02-10 13:03:36,470 | INFO | No defined transition for current status: In Progress for ticket A15-2902
2026-02-10 13:03:36,472 | INFO | No defined transition for current status: In Progress for ticket A15-2902
2026-02-10 13:03:36,473 | INFO | No defined transition for current status: In Progress for ticket A15-2902
2026-02-10 13:03:36,473 | INFO | No defined transition for current status: In Progress for ticket A15-2902
2026-02-10 13:03:36,473 | INFO | No defined transition for current status: In Progress for ticket A15-2902
2026-02-10 13:03:36,474 | INFO | No defined transition for current status: In Progress for ticket A15-2902
2026-02-10 13:03:36,475 | INFO | No defined transition for current status: In Progress for ticket A15-2902
2026-02-10 13:03:36,475 | INFO | No defined transition for current status: In Progress for ticket A15-2902
2026-02-10 13:03:36,477 | INFO | No defined transition for current status: In Progress for ticket A15-2902
2026-02-10 13:03:36,477 | INFO | No defined transition for current status: In Progress for ticket A15-2902
2026-02-10 13:03:36,478 | INFO | No defined transition for current status: In Progress for ticket A15-2902
2026-02-10 13:03:36,479 | INFO | No defined transition for current status: In Progress for ticket A15-2902
2026-02-10 13:03:36,480 | INFO | No defined transition for current status: In Progress for ticket A15-2902
2026-02-10 13:03:36,480 | INFO | No defined transition for current status: In Progress for ticket A15-2902
2026-02-10 13:03:36,481 | INFO | No defined transition for current status: In Progress for ticket A15-2902
2026-02-10 13:03:36,481 | INFO | No defined transition for current status: In Progress for ticket A15-2902
2026-02-10 13:03:36,482 | INFO | No defined transition for current status: In Progress for ticket A15-2902
2026-02-10 13:03:36,483 | INFO | No defined transition for current status: In Progress for ticket A15-2902
2026-02-10 13:03:36,484 | INFO | No defined transition for current status: In Progress for ticket A15-2902
2026-02-10 13:03:36,485 | INFO | No defined transition for current status: In Progress for ticket A15-2902
2026-02-10 13:03:36,486 | INFO | No defined transition for current status: In Progress for ticket A15-2902
2026-02-10 13:03:36,487 | INFO | No defined transition for current status: In Progress for ticket A15-2902
2026-02-10 13:03:36,487 | INFO | No defined transition for current status: In Progress for ticket A15-2902
2026-02-10 13:03:36,488 | INFO | No defined transition for current status: In Progress for ticket A15-2902
2026-02-10 13:03:36,488 | INFO | No defined transition for current status: In Progress for ticket A15-2902
2026-02-10 13:03:36,489 | INFO | No defined transition for current status: In Progress for ticket A15-2902
2026-02-10 13:03:36,489 | INFO | No defined transition for current status: In Progress for ticket A15-2902
2026-02-10 13:03:36,490 | INFO | No defined transition for current status: In Progress for ticket A15-2902
2026-02-10 13:03:36,491 | INFO | No defined transition for current status: In Progress for ticket A15-2902
2026-02-10 13:03:36,491 | INFO | No defined transition for current status: In Progress for ticket A15-2902
2026-02-10 13:03:36,492 | INFO | No defined transition for current status: In Progress for ticket A15-2902
2026-02-10 13:03:36,492 | INFO | No defined transition for current status: In Progress for ticket A15-2902
2026-02-10 13:03:36,493 | INFO | No defined transition for current status: In Progress for ticket A15-2902
2026-02-10 13:03:36,494 | INFO | No defined transition for current status: In Progress for ticket A15-2902
2026-02-10 13:03:36,494 | INFO | No defined transition for current status: In Progress for ticket A15-2902
2026-02-10 13:03:36,495 | INFO | No defined transition for current status: In Progress for ticket A15-2902
2026-02-10 13:03:36,495 | INFO | No defined transition for current status: In Progress for ticket A15-2902
2026-02-10 13:03:36,496 | INFO | No defined transition for current status: In Progress for ticket A15-2902
2026-02-10 13:03:36,497 | INFO | No defined transition for current status: In Progress for ticket A15-2902
2026-02-10 13:03:36,497 | INFO | No defined transition for current status: In Progress for ticket A15-2902
2026-02-10 13:03:36,498 | INFO | No defined transition for current status: In Progress for ticket A15-2902
2026-02-10 13:03:36,498 | INFO | No defined transition for current status: In Progress for ticket A15-2902
2026-02-10 13:03:36,499 | INFO | No defined transition for current status: In Progress for ticket A15-2902
2026-02-10 13:03:36,499 | INFO | No defined transition for current status: In Progress for ticket A15-2902
2026-02-10 13:03:36,500 | INFO | No defined transition for current status: In Progress for ticket A15-2902
2026-02-10 13:03:36,501 | INFO | No defined transition for current status: In Progress for ticket A15-2902
2026-02-10 13:03:36,501 | INFO | No defined transition for current status: In Progress for ticket A15-2902
2026-02-10 13:03:36,502 | INFO | No defined transition for current status: In Progress for ticket A15-2902
2026-02-10 13:03:36,503 | INFO | No defined transition for current status: In Progress for ticket A15-2902
2026-02-10 13:03:36,503 | INFO | No defined transition for current status: In Progress for ticket A15-2902
2026-02-10 13:03:36,504 | INFO | No defined transition for current status: In Progress for ticket A15-2902
2026-02-10 13:03:36,505 | INFO | No defined transition for current status: In Progress for ticket A15-2902
2026-02-10 13:03:36,505 | INFO | No defined transition for current status: In Progress for ticket A15-2902
2026-02-10 13:03:36,506 | INFO | No defined transition for current status: In Progress for ticket A15-2902
2026-02-10 13:03:36,506 | INFO | No defined transition for current status: In Progress for ticket A15-2902
2026-02-10 13:03:36,507 | INFO | No defined transition for current status: In Progress for ticket A15-2902
2026-02-10 13:03:36,508 | INFO | No defined transition for current status: In Progress for ticket A15-2902
2026-02-10 13:03:36,508 | INFO | No defined transition for current status: In Progress for ticket A15-2902
2026-02-10 13:03:36,509 | INFO | No defined transition for current status: In Progress for ticket A15-2902
2026-02-10 13:03:36,509 | INFO | No defined transition for current status: In Progress for ticket A15-2902
2026-02-10 13:03:36,510 | INFO | No defined transition for current status: In Progress for ticket A15-2902
2026-02-10 13:03:36,510 | INFO | No defined transition for current status: In Progress for ticket A15-2902
2026-02-10 13:03:36,511 | INFO | No defined transition for current status: In Progress for ticket A15-2902
2026-02-10 13:03:36,511 | INFO | No defined transition for current status: In Progress for ticket A15-2902
2026-02-10 13:03:36,512 | INFO | No defined transition for current status: In Progress for ticket A15-2902
2026-02-10 13:03:36,512 | INFO | No defined transition for current status: In Progress for ticket A15-2902
2026-02-10 13:03:36,513 | INFO | No defined transition for current status: In Progress for ticket A15-2902
2026-02-10 13:03:36,513 | INFO | No defined transition for current status: In Progress for ticket A15-2902
2026-02-10 13:03:36,514 | INFO | No defined transition for current status: In Progress for ticket A15-2902
2026-02-10 13:03:36,515 | INFO | No defined transition for current status: In Progress for ticket A15-2902
2026-02-10 13:03:36,515 | INFO | No defined transition for current status: In Progress for ticket A15-2902
2026-02-10 13:03:36,516 | INFO | No defined transition for current status: In Progress for ticket A15-2902
2026-02-10 13:03:36,516 | INFO | No defined transition for current status: In Progress for ticket A15-2902
2026-02-10 13:03:36,517 | INFO | No defined transition for current status: In Progress for ticket A15-2902
2026-02-10 13:03:36,517 | INFO | No defined transition for current status: In Progress for ticket A15-2902
2026-02-10 13:03:36,518 | INFO | No defined transition for current status: In Progress for ticket A15-2902
2026-02-10 13:03:36,519 | INFO | No defined transition for current status: In Progress for ticket A15-2902
2026-02-10 13:03:36,519 | INFO | No defined transition for current status: In Progress for ticket A15-2902
2026-02-10 13:03:36,520 | INFO | No defined transition for current status: In Progress for ticket A15-2902
2026-02-10 13:03:36,521 | INFO | No defined transition for current status: In Progress for ticket A15-2902
2026-02-10 13:03:36,521 | INFO | No defined transition for current status: In Progress for ticket A15-2902
2026-02-10 13:03:36,522 | INFO | No defined transition for current status: In Progress for ticket A15-2902
2026-02-10 13:03:36,523 | INFO | No defined transition for current status: In Progress for ticket A15-2902
2026-02-10 13:03:36,523 | INFO | No defined transition for current status: In Progress for ticket A15-2902
2026-02-10 13:03:36,524 | INFO | No defined transition for current status: In Progress for ticket A15-2902
2026-02-10 13:03:36,525 | INFO | No defined transition for current status: In Progress for ticket A15-2902
2026-02-10 13:03:36,525 | INFO | No defined transition for current status: In Progress for ticket A15-2902
2026-02-10 13:03:36,526 | INFO | No defined transition for current status: In Progress for ticket A15-2902
2026-02-10 13:03:36,527 | INFO | No defined transition for current status: In Progress for ticket A15-2902
2026-02-10 13:03:36,527 | INFO | No defined transition for current status: In Progress for ticket A15-2902
2026-02-10 13:03:36,528 | INFO | No defined transition for current status: In Progress for ticket A15-2902
2026-02-10 13:03:36,529 | INFO | No defined transition for current status: In Progress for ticket A15-2902
2026-02-10 13:03:36,530 | INFO | No defined transition for current status: In Progress for ticket A15-2902
2026-02-10 13:03:36,531 | INFO | No defined transition for current status: In Progress for ticket A15-2902
2026-02-10 13:03:36,531 | INFO | No defined transition for current status: In Progress for ticket A15-2902
2026-02-10 13:03:36,532 | INFO | No defined transition for current status: In Progress for ticket A15-2902
2026-02-10 13:03:36,534 | INFO | No defined transition for current status: In Progress for ticket A15-2902
2026-02-10 13:03:36,535 | INFO | No defined transition for current status: In Progress for ticket A15-2902
2026-02-10 13:03:36,535 | INFO | No defined transition for current status: In Progress for ticket A15-2902
2026-02-10 13:03:36,536 | INFO | No defined transition for current status: In Progress for ticket A15-2902
2026-02-10 13:03:36,537 | INFO | No defined transition for current status: In Progress for ticket A15-2902
2026-02-10 13:03:36,537 | INFO | No defined transition for current status: In Progress for ticket A15-2902
2026-02-10 13:03:36,538 | INFO | No defined transition for current status: In Progress for ticket A15-2902
2026-02-10 13:03:36,539 | INFO | No defined transition for current status: In Progress for ticket A15-2902
2026-02-10 13:03:36,539 | INFO | No defined transition for current status: In Progress for ticket A15-2902
2026-02-10 13:03:36,540 | INFO | No defined transition for current status: In Progress for ticket A15-2902
2026-02-10 13:03:36,541 | INFO | No defined transition for current status: In Progress for ticket A15-2902
2026-02-10 13:03:36,542 | INFO | No defined transition for current status: In Progress for ticket A15-2902
2026-02-10 13:03:36,542 | INFO | No defined transition for current status: In Progress for ticket A15-2902
2026-02-10 13:03:36,543 | INFO | No defined transition for current status: In Progress for ticket A15-2902
2026-02-10 13:03:36,543 | INFO | No defined transition for current status: In Progress for ticket A15-2902
2026-02-10 13:03:36,544 | INFO | No defined transition for current status: In Progress for ticket A15-2902
2026-02-10 13:03:36,544 | INFO | No defined transition for current status: In Progress for ticket A15-2902
2026-02-10 13:03:36,545 | INFO | No defined transition for current status: In Progress for ticket A15-2902
2026-02-10 13:03:36,545 | INFO | No defined transition for current status: In Progress for ticket A15-2902
2026-02-10 13:03:36,546 | INFO | No defined transition for current status: In Progress for ticket A15-2902
2026-02-10 13:03:36,546 | INFO | No defined transition for current status: In Progress for ticket A15-2902
2026-02-10 13:03:36,547 | INFO | No defined transition for current status: In Progress for ticket A15-2902
2026-02-10 13:03:36,547 | INFO | No defined transition for current status: In Progress for ticket A15-2902
2026-02-10 13:03:36,548 | INFO | No defined transition for current status: In Progress for ticket A15-2902
2026-02-10 13:03:36,548 | INFO | No defined transition for current status: In Progress for ticket A15-2902
2026-02-10 13:03:36,549 | INFO | No defined transition for current status: In Progress for ticket A15-2902
2026-02-10 13:03:36,549 | INFO | No defined transition for current status: In Progress for ticket A15-2902
2026-02-10 13:03:36,550 | INFO | No defined transition for current status: In Progress for ticket A15-2902
2026-02-10 13:03:36,551 | INFO | No defined transition for current status: In Progress for ticket A15-2902
2026-02-10 13:03:36,552 | INFO | No defined transition for current status: In Progress for ticket A15-2902
2026-02-10 13:03:36,552 | INFO | No defined transition for current status: In Progress for ticket A15-2902
2026-02-10 13:03:36,553 | INFO | No defined transition for current status: In Progress for ticket A15-2902
2026-02-10 13:03:36,554 | INFO | No defined transition for current status: In Progress for ticket A15-2902
2026-02-10 13:03:36,554 | INFO | No defined transition for current status: In Progress for ticket A15-2902
2026-02-10 13:03:36,555 | INFO | No defined transition for current status: In Progress for ticket A15-2902
2026-02-10 13:03:36,556 | INFO | No defined transition for current status: In Progress for ticket A15-2902
2026-02-10 13:03:36,556 | INFO | No defined transition for current status: In Progress for ticket A15-2902
2026-02-10 13:03:36,557 | INFO | No defined transition for current status: In Progress for ticket A15-2902
2026-02-10 13:03:36,558 | INFO | No defined transition for current status: In Progress for ticket A15-2902
2026-02-10 13:03:36,559 | INFO | No defined transition for current status: In Progress for ticket A15-2902
2026-02-10 13:03:36,559 | INFO | No defined transition for current status: In Progress for ticket A15-2902
2026-02-10 13:03:36,560 | INFO | No defined transition for current status: In Progress for ticket A15-2902
2026-02-10 13:03:36,561 | INFO | No defined transition for current status: In Progress for ticket A15-2902
2026-02-10 13:03:36,561 | INFO | No defined transition for current status: In Progress for ticket A15-2902
2026-02-10 13:03:36,562 | INFO | No defined transition for current status: In Progress for ticket A15-2902
2026-02-10 13:03:36,563 | INFO | No defined transition for current status: In Progress for ticket A15-2902
2026-02-10 13:03:36,564 | INFO | No defined transition for current status: In Progress for ticket A15-2902
2026-02-10 13:03:36,564 | INFO | No defined transition for current status: In Progress for ticket A15-2902
2026-02-10 13:03:36,565 | INFO | No defined transition for current status: In Progress for ticket A15-2902
2026-02-10 13:03:36,566 | INFO | No defined transition for current status: In Progress for ticket A15-2902
2026-02-10 13:03:36,567 | INFO | No defined transition for current status: In Progress for ticket A15-2902
2026-02-10 13:03:36,567 | INFO | No defined transition for current status: In Progress for ticket A15-2902
2026-02-10 13:03:36,568 | INFO | No defined transition for current status: In Progress for ticket A15-2902
2026-02-10 13:03:36,569 | INFO | No defined transition for current status: In Progress for ticket A15-2902
2026-02-10 13:03:36,570 | INFO | No defined transition for current status: In Progress for ticket A15-2902
2026-02-10 13:03:36,570 | INFO | No defined transition for current status: In Progress for ticket A15-2902
2026-02-10 13:03:36,571 | INFO | No defined transition for current status: In Progress for ticket A15-2902
2026-02-10 13:03:36,572 | INFO | No defined transition for current status: In Progress for ticket A15-2902
2026-02-10 13:03:36,573 | INFO | No defined transition for current status: In Progress for ticket A15-2902
2026-02-10 13:03:36,574 | INFO | No defined transition for current status: In Progress for ticket A15-2902
2026-02-10 13:03:36,575 | INFO | No defined transition for current status: In Progress for ticket A15-2902
2026-02-10 13:03:36,575 | INFO | No defined transition for current status: In Progress for ticket A15-2902
2026-02-10 13:03:36,576 | INFO | No defined transition for current status: In Progress for ticket A15-2902
2026-02-10 13:03:36,577 | INFO | No defined transition for current status: In Progress for ticket A15-2902
2026-02-10 13:03:36,578 | INFO | No defined transition for current status: In Progress for ticket A15-2902
2026-02-10 13:03:36,579 | INFO | No defined transition for current status: In Progress for ticket A15-2902
2026-02-10 13:03:36,580 | INFO | No defined transition for current status: In Progress for ticket A15-2902
2026-02-10 13:03:36,581 | INFO | No defined transition for current status: In Progress for ticket A15-2902
2026-02-10 13:03:36,581 | INFO | No defined transition for current status: In Progress for ticket A15-2902
2026-02-10 13:03:36,582 | INFO | No defined transition for current status: In Progress for ticket A15-2902
2026-02-10 13:03:36,583 | INFO | No defined transition for current status: In Progress for ticket A15-2902
2026-02-10 13:03:36,583 | INFO | No defined transition for current status: In Progress for ticket A15-2902
2026-02-10 13:03:36,584 | INFO | No defined transition for current status: In Progress for ticket A15-2902
2026-02-10 13:03:36,585 | INFO | No defined transition for current status: In Progress for ticket A15-2902
2026-02-10 13:03:36,585 | INFO | No defined transition for current status: In Progress for ticket A15-2902
2026-02-10 13:03:36,585 | INFO | No defined transition for current status: In Progress for ticket A15-2902
2026-02-10 13:03:36,586 | INFO | No defined transition for current status: In Progress for ticket A15-2902
2026-02-10 13:03:36,588 | INFO | No defined transition for current status: In Progress for ticket A15-2902
2026-02-10 13:03:36,589 | INFO | No defined transition for current status: In Progress for ticket A15-2902
2026-02-10 13:03:36,589 | INFO | No defined transition for current status: In Progress for ticket A15-2902
2026-02-10 13:03:36,590 | INFO | No defined transition for current status: In Progress for ticket A15-2902
2026-02-10 13:03:36,591 | INFO | No defined transition for current status: In Progress for ticket A15-2902
2026-02-10 13:03:36,591 | INFO | No defined transition for current status: In Progress for ticket A15-2902
2026-02-10 13:03:36,592 | INFO | No defined transition for current status: In Progress for ticket A15-2902
2026-02-10 13:03:36,593 | INFO | No defined transition for current status: In Progress for ticket A15-2902
2026-02-10 13:03:36,594 | INFO | No defined transition for current status: In Progress for ticket A15-2902
2026-02-10 13:03:36,595 | INFO | No defined transition for current status: In Progress for ticket A15-2902
2026-02-10 13:03:36,595 | INFO | No defined transition for current status: In Progress for ticket A15-2902
2026-02-10 13:03:36,596 | INFO | No defined transition for current status: In Progress for ticket A15-2902
2026-02-10 13:03:36,598 | INFO | No defined transition for current status: In Progress for ticket A15-2902
2026-02-10 13:03:36,599 | INFO | No defined transition for current status: In Progress for ticket A15-2902
2026-02-10 13:03:36,599 | INFO | No defined transition for current status: In Progress for ticket A15-2902
2026-02-10 13:03:36,600 | INFO | No defined transition for current status: In Progress for ticket A15-2902
2026-02-10 13:03:36,600 | INFO | No defined transition for current status: In Progress for ticket A15-2902
2026-02-10 13:03:36,601 | INFO | No defined transition for current status: In Progress for ticket A15-2902
2026-02-10 13:03:36,602 | INFO | No defined transition for current status: In Progress for ticket A15-2902
2026-02-10 13:03:36,603 | INFO | No defined transition for current status: In Progress for ticket A15-2902
2026-02-10 13:03:36,603 | INFO | No defined transition for current status: In Progress for ticket A15-2902
2026-02-10 13:03:36,604 | INFO | No defined transition for current status: In Progress for ticket A15-2902
2026-02-10 13:03:36,605 | INFO | No defined transition for current status: In Progress for ticket A15-2902
2026-02-10 13:03:36,606 | INFO | No defined transition for current status: In Progress for ticket A15-2902
2026-02-10 13:03:36,606 | INFO | No defined transition for current status: In Progress for ticket A15-2902
2026-02-10 13:03:36,607 | INFO | No defined transition for current status: In Progress for ticket A15-2902
2026-02-10 13:03:36,608 | INFO | No defined transition for current status: In Progress for ticket A15-2902
2026-02-10 13:03:36,608 | INFO | No defined transition for current status: In Progress for ticket A15-2902
2026-02-10 13:03:36,609 | INFO | No defined transition for current status: In Progress for ticket A15-2902
2026-02-10 13:03:36,610 | INFO | No defined transition for current status: In Progress for ticket A15-2902
2026-02-10 13:03:36,611 | INFO | No defined transition for current status: In Progress for ticket A15-2902
2026-02-10 13:03:36,612 | INFO | No defined transition for current status: In Progress for ticket A15-2902
2026-02-10 13:03:36,612 | INFO | No defined transition for current status: In Progress for ticket A15-2902
2026-02-10 13:03:36,613 | INFO | No defined transition for current status: In Progress for ticket A15-2902
2026-02-10 13:03:36,614 | INFO | No defined transition for current status: In Progress for ticket A15-2902
2026-02-10 13:03:36,615 | INFO | No defined transition for current status: In Progress for ticket A15-2902
2026-02-10 13:03:36,615 | INFO | No defined transition for current status: In Progress for ticket A15-2902
2026-02-10 13:03:36,616 | INFO | No defined transition for current status: In Progress for ticket A15-2902
2026-02-10 13:03:36,617 | INFO | No defined transition for current status: In Progress for ticket A15-2902
2026-02-10 13:03:36,618 | INFO | No defined transition for current status: In Progress for ticket A15-2902
2026-02-10 13:03:36,619 | INFO | No defined transition for current status: In Progress for ticket A15-2902
2026-02-10 13:03:36,619 | INFO | No defined transition for current status: In Progress for ticket A15-2902
2026-02-10 13:03:36,620 | INFO | No defined transition for current status: In Progress for ticket A15-2902
2026-02-10 13:03:36,621 | INFO | No defined transition for current status: In Progress for ticket A15-2902
2026-02-10 13:03:36,622 | INFO | No defined transition for current status: In Progress for ticket A15-2902
2026-02-10 13:03:36,623 | INFO | No defined transition for current status: In Progress for ticket A15-2902
2026-02-10 13:03:36,624 | INFO | No defined transition for current status: In Progress for ticket A15-2902
2026-02-10 13:03:36,624 | INFO | No defined transition for current status: In Progress for ticket A15-2902
2026-02-10 13:03:36,625 | INFO | No defined transition for current status: In Progress for ticket A15-2902
2026-02-10 13:03:36,626 | INFO | No defined transition for current status: In Progress for ticket A15-2902
2026-02-10 13:03:36,627 | INFO | No defined transition for current status: In Progress for ticket A15-2902
2026-02-10 13:03:36,628 | INFO | No defined transition for current status: In Progress for ticket A15-2902
2026-02-10 13:03:36,628 | INFO | No defined transition for current status: In Progress for ticket A15-2902
2026-02-10 13:03:36,629 | INFO | No defined transition for current status: In Progress for ticket A15-2902
2026-02-10 13:03:36,629 | INFO | No defined transition for current status: In Progress for ticket A15-2902
2026-02-10 13:03:36,630 | INFO | No defined transition for current status: In Progress for ticket A15-2902
2026-02-10 13:03:36,631 | INFO | No defined transition for current status: In Progress for ticket A15-2902
2026-02-10 13:03:36,631 | INFO | No defined transition for current status: In Progress for ticket A15-2902
2026-02-10 13:03:36,632 | INFO | No defined transition for current status: In Progress for ticket A15-2902
2026-02-10 13:03:36,633 | INFO | No defined transition for current status: In Progress for ticket A15-2902
2026-02-10 13:03:36,633 | INFO | No defined transition for current status: In Progress for ticket A15-2902
2026-02-10 13:03:36,634 | INFO | No defined transition for current status: In Progress for ticket A15-2902
2026-02-10 13:03:36,635 | INFO | No defined transition for current status: In Progress for ticket A15-2902
2026-02-10 13:03:36,635 | INFO | No defined transition for current status: In Progress for ticket A15-2902
2026-02-10 13:03:36,636 | INFO | No defined transition for current status: In Progress for ticket A15-2902
2026-02-10 13:03:36,637 | INFO | No defined transition for current status: In Progress for ticket A15-2902
2026-02-10 13:03:36,637 | INFO | No defined transition for current status: In Progress for ticket A15-2902
2026-02-10 13:03:36,638 | INFO | No defined transition for current status: In Progress for ticket A15-2902
2026-02-10 13:03:36,638 | INFO | No defined transition for current status: In Progress for ticket A15-2902
2026-02-10 13:03:36,639 | INFO | No defined transition for current status: In Progress for ticket A15-2902
2026-02-10 13:03:36,640 | INFO | No defined transition for current status: In Progress for ticket A15-2902
2026-02-10 13:03:36,640 | INFO | No defined transition for current status: In Progress for ticket A15-2902
2026-02-10 13:03:36,641 | INFO | No defined transition for current status: In Progress for ticket A15-2902
2026-02-10 13:03:36,642 | INFO | No defined transition for current status: In Progress for ticket A15-2902
2026-02-10 13:03:36,643 | INFO | No defined transition for current status: In Progress for ticket A15-2902
2026-02-10 13:03:36,643 | INFO | No defined transition for current status: In Progress for ticket A15-2902
2026-02-10 13:03:36,643 | INFO | No defined transition for current status: In Progress for ticket A15-2902
2026-02-10 13:03:36,644 | INFO | No defined transition for current status: In Progress for ticket A15-2902
2026-02-10 13:03:36,645 | INFO | No defined transition for current status: In Progress for ticket A15-2902
2026-02-10 13:03:36,645 | INFO | No defined transition for current status: In Progress for ticket A15-2902
2026-02-10 13:03:36,646 | INFO | No defined transition for current status: In Progress for ticket A15-2902
2026-02-10 13:03:36,646 | INFO | No defined transition for current status: In Progress for ticket A15-2902
2026-02-10 13:03:36,647 | INFO | No defined transition for current status: In Progress for ticket A15-2902
2026-02-10 13:03:36,648 | INFO | No defined transition for current status: In Progress for ticket A15-2902
2026-02-10 13:03:36,648 | INFO | No defined transition for current status: In Progress for ticket A15-2902
2026-02-10 13:03:36,649 | INFO | No defined transition for current status: In Progress for ticket A15-2902
2026-02-10 13:03:36,649 | INFO | No defined transition for current status: In Progress for ticket A15-2902
2026-02-10 13:03:36,650 | INFO | No defined transition for current status: In Progress for ticket A15-2902
2026-02-10 13:03:36,651 | INFO | No defined transition for current status: In Progress for ticket A15-2902
2026-02-10 13:03:36,651 | INFO | No defined transition for current status: In Progress for ticket A15-2902
2026-02-10 13:03:36,652 | INFO | No defined transition for current status: In Progress for ticket A15-2902
2026-02-10 13:03:36,653 | INFO | No defined transition for current status: In Progress for ticket A15-2902
2026-02-10 13:03:36,653 | INFO | No defined transition for current status: In Progress for ticket A15-2902
2026-02-10 13:03:36,654 | INFO | No defined transition for current status: In Progress for ticket A15-2902
2026-02-10 13:03:36,654 | INFO | No defined transition for current status: In Progress for ticket A15-2902
2026-02-10 13:03:36,655 | INFO | No defined transition for current status: In Progress for ticket A15-2902
2026-02-10 13:03:36,656 | INFO | No defined transition for current status: In Progress for ticket A15-2902
2026-02-10 13:03:36,656 | INFO | No defined transition for current status: In Progress for ticket A15-2902
2026-02-10 13:03:36,657 | INFO | No defined transition for current status: In Progress for ticket A15-2902
2026-02-10 13:03:36,658 | INFO | No defined transition for current status: In Progress for ticket A15-2902
2026-02-10 13:03:36,659 | INFO | No defined transition for current status: In Progress for ticket A15-2902
2026-02-10 13:03:36,659 | INFO | No defined transition for current status: In Progress for ticket A15-2902
2026-02-10 13:03:36,660 | INFO | No defined transition for current status: In Progress for ticket A15-2902
2026-02-10 13:03:36,661 | INFO | No defined transition for current status: In Progress for ticket A15-2902
2026-02-10 13:03:36,661 | INFO | No defined transition for current status: In Progress for ticket A15-2902
2026-02-10 13:03:36,662 | INFO | No defined transition for current status: In Progress for ticket A15-2902
2026-02-10 13:03:36,663 | INFO | No defined transition for current status: In Progress for ticket A15-2902
2026-02-10 13:03:36,663 | INFO | No defined transition for current status: In Progress for ticket A15-2902
2026-02-10 13:03:36,664 | INFO | No defined transition for current status: In Progress for ticket A15-2902
2026-02-10 13:03:36,665 | INFO | No defined transition for current status: In Progress for ticket A15-2902
2026-02-10 13:03:36,665 | INFO | No defined transition for current status: In Progress for ticket A15-2902
2026-02-10 13:03:36,666 | INFO | No defined transition for current status: In Progress for ticket A15-2902
2026-02-10 13:03:36,667 | INFO | No defined transition for current status: In Progress for ticket A15-2902
2026-02-10 13:03:36,667 | INFO | No defined transition for current status: In Progress for ticket A15-2902
2026-02-10 13:03:36,668 | INFO | No defined transition for current status: In Progress for ticket A15-2902
2026-02-10 13:03:36,669 | INFO | No defined transition for current status: In Progress for ticket A15-2902
2026-02-10 13:03:36,669 | INFO | No defined transition for current status: In Progress for ticket A15-2902
2026-02-10 13:03:36,670 | INFO | No defined transition for current status: In Progress for ticket A15-2902
2026-02-10 13:03:36,671 | INFO | No defined transition for current status: In Progress for ticket A15-2902
2026-02-10 13:03:36,672 | INFO | No defined transition for current status: In Progress for ticket A15-2902
2026-02-10 13:03:36,672 | INFO | No defined transition for current status: In Progress for ticket A15-2902
2026-02-10 13:03:36,673 | INFO | No defined transition for current status: In Progress for ticket A15-2902
2026-02-10 13:03:36,674 | INFO | No defined transition for current status: In Progress for ticket A15-2902
2026-02-10 13:03:36,674 | INFO | No defined transition for current status: In Progress for ticket A15-2902
2026-02-10 13:03:36,675 | INFO | No defined transition for current status: In Progress for ticket A15-2902
2026-02-10 13:03:36,676 | INFO | No defined transition for current status: In Progress for ticket A15-2902
2026-02-10 13:03:36,676 | INFO | No defined transition for current status: In Progress for ticket A15-2902
2026-02-10 13:03:36,677 | INFO | No defined transition for current status: In Progress for ticket A15-2902
2026-02-10 13:03:36,678 | INFO | No defined transition for current status: In Progress for ticket A15-2902
2026-02-10 13:03:36,678 | INFO | No defined transition for current status: In Progress for ticket A15-2902
2026-02-10 13:03:36,679 | INFO | No defined transition for current status: In Progress for ticket A15-2902
2026-02-10 13:03:36,680 | INFO | No defined transition for current status: In Progress for ticket A15-2902
2026-02-10 13:03:36,680 | INFO | No defined transition for current status: In Progress for ticket A15-2902
2026-02-10 13:03:36,681 | INFO | No defined transition for current status: In Progress for ticket A15-2902
2026-02-10 13:03:36,681 | INFO | No defined transition for current status: In Progress for ticket A15-2902
2026-02-10 13:03:36,682 | INFO | No defined transition for current status: In Progress for ticket A15-2902
2026-02-10 13:03:36,683 | INFO | No defined transition for current status: In Progress for ticket A15-2902
2026-02-10 13:03:36,683 | INFO | No defined transition for current status: In Progress for ticket A15-2902
2026-02-10 13:03:36,684 | INFO | No defined transition for current status: In Progress for ticket A15-2902
2026-02-10 13:03:36,685 | INFO | No defined transition for current status: In Progress for ticket A15-2902
2026-02-10 13:03:36,685 | INFO | No defined transition for current status: In Progress for ticket A15-2902
2026-02-10 13:03:36,686 | INFO | No defined transition for current status: In Progress for ticket A15-2902
2026-02-10 13:03:36,687 | INFO | No defined transition for current status: In Progress for ticket A15-2902
2026-02-10 13:03:36,688 | INFO | No defined transition for current status: In Progress for ticket A15-2902
2026-02-10 13:03:36,689 | INFO | No defined transition for current status: In Progress for ticket A15-2902
2026-02-10 13:03:36,689 | INFO | No defined transition for current status: In Progress for ticket A15-2902
2026-02-10 13:03:36,690 | INFO | No defined transition for current status: In Progress for ticket A15-2902
2026-02-10 13:03:36,691 | INFO | No defined transition for current status: In Progress for ticket A15-2902
2026-02-10 13:03:36,692 | INFO | No defined transition for current status: In Progress for ticket A15-2902
2026-02-10 13:03:36,692 | INFO | No defined transition for current status: In Progress for ticket A15-2902
2026-02-10 13:03:36,693 | INFO | No defined transition for current status: In Progress for ticket A15-2902
2026-02-10 13:03:36,694 | INFO | No defined transition for current status: In Progress for ticket A15-2902
2026-02-10 13:03:36,695 | INFO | No defined transition for current status: In Progress for ticket A15-2902
2026-02-10 13:03:36,695 | INFO | No defined transition for current status: In Progress for ticket A15-2902
2026-02-10 13:03:36,696 | INFO | No defined transition for current status: In Progress for ticket A15-2902
2026-02-10 13:03:36,697 | INFO | No defined transition for current status: In Progress for ticket A15-2902
2026-02-10 13:03:36,697 | INFO | No defined transition for current status: In Progress for ticket A15-2902
2026-02-10 13:03:36,698 | INFO | No defined transition for current status: In Progress for ticket A15-2902
2026-02-10 13:03:36,699 | INFO | No defined transition for current status: In Progress for ticket A15-2902
2026-02-10 13:03:36,700 | INFO | No defined transition for current status: In Progress for ticket A15-2902
2026-02-10 13:03:36,701 | INFO | No defined transition for current status: In Progress for ticket A15-2902
2026-02-10 13:03:36,701 | INFO | No defined transition for current status: In Progress for ticket A15-2902
2026-02-10 13:03:36,702 | INFO | No defined transition for current status: In Progress for ticket A15-2902
2026-02-10 13:03:36,702 | INFO | No defined transition for current status: In Progress for ticket A15-2902
2026-02-10 13:03:36,703 | INFO | No defined transition for current status: In Progress for ticket A15-2902
2026-02-10 13:03:36,704 | INFO | No defined transition for current status: In Progress for ticket A15-2902
2026-02-10 13:03:36,704 | INFO | No defined transition for current status: In Progress for ticket A15-2902
2026-02-10 13:03:36,705 | INFO | No defined transition for current status: In Progress for ticket A15-2902
2026-02-10 13:03:36,706 | INFO | No defined transition for current status: In Progress for ticket A15-2902
2026-02-10 13:03:36,706 | INFO | No defined transition for current status: In Progress for ticket A15-2902
2026-02-10 13:03:36,707 | INFO | No defined transition for current status: In Progress for ticket A15-2902
2026-02-10 13:03:36,708 | INFO | No defined transition for current status: In Progress for ticket A15-2902
2026-02-10 13:03:36,709 | INFO | No defined transition for current status: In Progress for ticket A15-2902
2026-02-10 13:03:36,710 | INFO | No defined transition for current status: In Progress for ticket A15-2902
2026-02-10 13:03:36,710 | INFO | No defined transition for current status: In Progress for ticket A15-2902
2026-02-10 13:03:36,711 | INFO | No defined transition for current status: In Progress for ticket A15-2902
2026-02-10 13:03:36,712 | INFO | No defined transition for current status: In Progress for ticket A15-2902
2026-02-10 13:03:36,713 | INFO | No defined transition for current status: In Progress for ticket A15-2902
2026-02-10 13:03:36,713 | INFO | No defined transition for current status: In Progress for ticket A15-2902
2026-02-10 13:03:36,714 | INFO | No defined transition for current status: In Progress for ticket A15-2902
2026-02-10 13:03:36,714 | INFO | No defined transition for current status: In Progress for ticket A15-2902
2026-02-10 13:03:36,715 | INFO | No defined transition for current status: In Progress for ticket A15-2902
2026-02-10 13:03:36,716 | INFO | No defined transition for current status: In Progress for ticket A15-2902
2026-02-10 13:03:36,717 | INFO | No defined transition for current status: In Progress for ticket A15-2902
2026-02-10 13:03:36,717 | INFO | No defined transition for current status: In Progress for ticket A15-2902
2026-02-10 13:03:36,718 | INFO | No defined transition for current status: In Progress for ticket A15-2902
2026-02-10 13:03:36,719 | INFO | No defined transition for current status: In Progress for ticket A15-2902
2026-02-10 13:03:36,719 | INFO | No defined transition for current status: In Progress for ticket A15-2902
2026-02-10 13:03:36,720 | INFO | No defined transition for current status: In Progress for ticket A15-2902
2026-02-10 13:03:36,721 | INFO | No defined transition for current status: In Progress for ticket A15-2902
2026-02-10 13:03:36,721 | INFO | No defined transition for current status: In Progress for ticket A15-2902
2026-02-10 13:03:36,722 | INFO | No defined transition for current status: In Progress for ticket A15-2902
2026-02-10 13:03:36,722 | INFO | No defined transition for current status: In Progress for ticket A15-2902
2026-02-10 13:03:36,723 | INFO | No defined transition for current status: In Progress for ticket A15-2902
2026-02-10 13:03:36,724 | INFO | No defined transition for current status: In Progress for ticket A15-2902
2026-02-10 13:03:36,724 | INFO | No defined transition for current status: In Progress for ticket A15-2902
2026-02-10 13:03:36,725 | INFO | No defined transition for current status: In Progress for ticket A15-2902
2026-02-10 13:03:36,726 | INFO | No defined transition for current status: In Progress for ticket A15-2902
2026-02-10 13:03:36,726 | INFO | No defined transition for current status: In Progress for ticket A15-2902
2026-02-10 13:03:36,727 | INFO | No defined transition for current status: In Progress for ticket A15-2902
2026-02-10 13:03:36,727 | INFO | No defined transition for current status: In Progress for ticket A15-2902
2026-02-10 13:03:36,728 | INFO | No defined transition for current status: In Progress for ticket A15-2902
2026-02-10 13:03:36,729 | INFO | No defined transition for current status: In Progress for ticket A15-2902
2026-02-10 13:03:36,729 | INFO | No defined transition for current status: In Progress for ticket A15-2902
2026-02-10 13:03:36,730 | INFO | No defined transition for current status: In Progress for ticket A15-2902
2026-02-10 13:03:36,731 | INFO | No defined transition for current status: In Progress for ticket A15-2902
2026-02-10 13:03:36,731 | INFO | No defined transition for current status: In Progress for ticket A15-2902
2026-02-10 13:03:36,732 | INFO | No defined transition for current status: In Progress for ticket A15-2902
2026-02-10 13:03:36,732 | INFO | No defined transition for current status: In Progress for ticket A15-2902
2026-02-10 13:03:36,733 | INFO | No defined transition for current status: In Progress for ticket A15-2902
2026-02-10 13:03:36,733 | INFO | No defined transition for current status: In Progress for ticket A15-2902
2026-02-10 13:03:36,734 | INFO | No defined transition for current status: In Progress for ticket A15-2902
2026-02-10 13:03:36,735 | INFO | No defined transition for current status: In Progress for ticket A15-2902
2026-02-10 13:03:36,735 | INFO | No defined transition for current status: In Progress for ticket A15-2902
2026-02-10 13:03:36,737 | INFO | No defined transition for current status: In Progress for ticket A15-2902
2026-02-10 13:03:36,738 | INFO | No defined transition for current status: In Progress for ticket A15-2902
2026-02-10 13:03:36,738 | INFO | No defined transition for current status: In Progress for ticket A15-2902
2026-02-10 13:03:36,739 | INFO | No defined transition for current status: In Progress for ticket A15-2902
2026-02-10 13:03:36,740 | INFO | No defined transition for current status: In Progress for ticket A15-2902
2026-02-10 13:03:36,741 | INFO | No defined transition for current status: In Progress for ticket A15-2902
2026-02-10 13:03:36,742 | INFO | No defined transition for current status: In Progress for ticket A15-2902
2026-02-10 13:03:36,743 | INFO | No defined transition for current status: In Progress for ticket A15-2902
2026-02-10 13:03:36,743 | INFO | No defined transition for current status: In Progress for ticket A15-2902
2026-02-10 13:03:36,744 | INFO | No defined transition for current status: In Progress for ticket A15-2902
2026-02-10 13:03:36,744 | INFO | No defined transition for current status: In Progress for ticket A15-2902
2026-02-10 13:03:36,745 | INFO | No defined transition for current status: In Progress for ticket A15-2902
2026-02-10 13:03:36,745 | INFO | No defined transition for current status: In Progress for ticket A15-2902
2026-02-10 13:03:36,746 | INFO | No defined transition for current status: In Progress for ticket A15-2902
2026-02-10 13:03:36,747 | INFO | No defined transition for current status: In Progress for ticket A15-2902
2026-02-10 13:03:36,748 | INFO | No defined transition for current status: In Progress for ticket A15-2902
2026-02-10 13:03:36,748 | INFO | No defined transition for current status: In Progress for ticket A15-2902
2026-02-10 13:03:36,749 | INFO | No defined transition for current status: In Progress for ticket A15-2902
2026-02-10 13:03:36,749 | INFO | No defined transition for current status: In Progress for ticket A15-2902
2026-02-10 13:03:36,750 | INFO | No defined transition for current status: In Progress for ticket A15-2902
2026-02-10 13:03:36,751 | INFO | No defined transition for current status: In Progress for ticket A15-2902
2026-02-10 13:03:36,751 | INFO | No defined transition for current status: In Progress for ticket A15-2902
2026-02-10 13:03:36,753 | INFO | No defined transition for current status: In Progress for ticket A15-2902
2026-02-10 13:03:36,754 | INFO | No defined transition for current status: In Progress for ticket A15-2902
2026-02-10 13:03:36,754 | INFO | No defined transition for current status: In Progress for ticket A15-2902
2026-02-10 13:03:36,755 | INFO | No defined transition for current status: In Progress for ticket A15-2902
2026-02-10 13:03:36,755 | INFO | No defined transition for current status: In Progress for ticket A15-2902
2026-02-10 13:03:36,756 | INFO | No defined transition for current status: In Progress for ticket A15-2902
2026-02-10 13:03:36,757 | INFO | No defined transition for current status: In Progress for ticket A15-2902
2026-02-10 13:03:36,757 | INFO | No defined transition for current status: In Progress for ticket A15-2902
2026-02-10 13:03:36,758 | INFO | No defined transition for current status: In Progress for ticket A15-2902
2026-02-10 13:03:36,758 | INFO | No defined transition for current status: In Progress for ticket A15-2902
2026-02-10 13:03:36,758 | INFO | No defined transition for current status: In Progress for ticket A15-2902
2026-02-10 13:03:36,760 | INFO | No defined transition for current status: In Progress for ticket A15-2902
2026-02-10 13:03:36,760 | INFO | No defined transition for current status: In Progress for ticket A15-2902
2026-02-10 13:03:36,761 | INFO | No defined transition for current status: In Progress for ticket A15-2902
2026-02-10 13:03:36,762 | INFO | No defined transition for current status: In Progress for ticket A15-2902
2026-02-10 13:03:36,762 | INFO | No defined transition for current status: In Progress for ticket A15-2902
2026-02-10 13:03:36,763 | INFO | No defined transition for current status: In Progress for ticket A15-2902
2026-02-10 13:03:36,764 | INFO | No defined transition for current status: In Progress for ticket A15-2902
2026-02-10 13:03:36,765 | INFO | No defined transition for current status: In Progress for ticket A15-2902
2026-02-10 13:03:36,765 | INFO | No defined transition for current status: In Progress for ticket A15-2902
2026-02-10 13:03:36,766 | INFO | No defined transition for current status: In Progress for ticket A15-2902
2026-02-10 13:03:36,767 | INFO | No defined transition for current status: In Progress for ticket A15-2902
2026-02-10 13:03:36,767 | INFO | No defined transition for current status: In Progress for ticket A15-2902
2026-02-10 13:03:36,768 | INFO | No defined transition for current status: In Progress for ticket A15-2902
2026-02-10 13:03:36,769 | INFO | No defined transition for current status: In Progress for ticket A15-2902
2026-02-10 13:03:36,769 | INFO | No defined transition for current status: In Progress for ticket A15-2902
2026-02-10 13:03:36,770 | INFO | No defined transition for current status: In Progress for ticket A15-2902
2026-02-10 13:03:36,771 | INFO | No defined transition for current status: In Progress for ticket A15-2902
2026-02-10 13:03:36,772 | INFO | No defined transition for current status: In Progress for ticket A15-2902
2026-02-10 13:03:36,772 | INFO | No defined transition for current status: In Progress for ticket A15-2902
2026-02-10 13:03:36,773 | INFO | No defined transition for current status: In Progress for ticket A15-2902
2026-02-10 13:03:36,774 | INFO | No defined transition for current status: In Progress for ticket A15-2902
2026-02-10 13:03:36,774 | INFO | No defined transition for current status: In Progress for ticket A15-2902
2026-02-10 13:03:36,775 | INFO | No defined transition for current status: In Progress for ticket A15-2902
2026-02-10 13:03:36,776 | INFO | No defined transition for current status: In Progress for ticket A15-2902
2026-02-10 13:03:36,776 | INFO | No defined transition for current status: In Progress for ticket A15-2902
2026-02-10 13:03:36,777 | INFO | No defined transition for current status: In Progress for ticket A15-2902
2026-02-10 13:03:36,778 | INFO | No defined transition for current status: In Progress for ticket A15-2902
2026-02-10 13:03:36,779 | INFO | No defined transition for current status: In Progress for ticket A15-2902
2026-02-10 13:03:36,779 | INFO | No defined transition for current status: In Progress for ticket A15-2902
2026-02-10 13:03:36,780 | INFO | No defined transition for current status: In Progress for ticket A15-2902
2026-02-10 13:03:36,781 | INFO | No defined transition for current status: In Progress for ticket A15-2902
2026-02-10 13:03:36,781 | INFO | No defined transition for current status: In Progress for ticket A15-2902
2026-02-10 13:03:36,782 | INFO | No defined transition for current status: In Progress for ticket A15-2902
2026-02-10 13:03:36,782 | INFO | No defined transition for current status: In Progress for ticket A15-2902
2026-02-10 13:03:36,783 | INFO | No defined transition for current status: In Progress for ticket A15-2902
2026-02-10 13:03:36,784 | INFO | No defined transition for current status: In Progress for ticket A15-2902
2026-02-10 13:03:36,784 | INFO | No defined transition for current status: In Progress for ticket A15-2902
2026-02-10 13:03:36,785 | INFO | No defined transition for current status: In Progress for ticket A15-2902
2026-02-10 13:03:36,785 | INFO | No defined transition for current status: In Progress for ticket A15-2902
2026-02-10 13:03:36,786 | INFO | No defined transition for current status: In Progress for ticket A15-2902
2026-02-10 13:03:36,787 | INFO | No defined transition for current status: In Progress for ticket A15-2902
2026-02-10 13:03:36,787 | INFO | No defined transition for current status: In Progress for ticket A15-2902
2026-02-10 13:03:36,788 | INFO | No defined transition for current status: In Progress for ticket A15-2902
2026-02-10 13:03:36,789 | INFO | No defined transition for current status: In Progress for ticket A15-2902
2026-02-10 13:03:36,789 | INFO | No defined transition for current status: In Progress for ticket A15-2902
2026-02-10 13:03:36,790 | INFO | No defined transition for current status: In Progress for ticket A15-2902
2026-02-10 13:03:36,791 | INFO | No defined transition for current status: In Progress for ticket A15-2902
2026-02-10 13:03:36,791 | INFO | No defined transition for current status: In Progress for ticket A15-2902
2026-02-10 13:03:36,792 | INFO | No defined transition for current status: In Progress for ticket A15-2902
2026-02-10 13:03:36,793 | INFO | No defined transition for current status: In Progress for ticket A15-2902
2026-02-10 13:03:36,793 | INFO | No defined transition for current status: In Progress for ticket A15-2902
2026-02-10 13:03:36,794 | INFO | No defined transition for current status: In Progress for ticket A15-2902
2026-02-10 13:03:36,795 | INFO | No defined transition for current status: In Progress for ticket A15-2902
2026-02-10 13:03:36,796 | INFO | No defined transition for current status: In Progress for ticket A15-2902
2026-02-10 13:03:36,796 | INFO | No defined transition for current status: In Progress for ticket A15-2902
2026-02-10 13:03:36,797 | INFO | No defined transition for current status: In Progress for ticket A15-2902
2026-02-10 13:03:36,798 | INFO | No defined transition for current status: In Progress for ticket A15-2902
2026-02-10 13:03:36,798 | INFO | No defined transition for current status: In Progress for ticket A15-2902
2026-02-10 13:03:36,799 | INFO | No defined transition for current status: In Progress for ticket A15-2902
2026-02-10 13:03:36,800 | INFO | No defined transition for current status: In Progress for ticket A15-2902
2026-02-10 13:03:36,801 | INFO | No defined transition for current status: In Progress for ticket A15-2902
2026-02-10 13:03:36,803 | INFO | No defined transition for current status: In Progress for ticket A15-2902
2026-02-10 13:03:36,803 | INFO | No defined transition for current status: In Progress for ticket A15-2902
2026-02-10 13:03:36,804 | INFO | No defined transition for current status: In Progress for ticket A15-2902
2026-02-10 13:03:36,804 | INFO | No defined transition for current status: In Progress for ticket A15-2902
2026-02-10 13:03:36,805 | INFO | No defined transition for current status: In Progress for ticket A15-2902
2026-02-10 13:03:36,805 | INFO | No defined transition for current status: In Progress for ticket A15-2902
2026-02-10 13:03:36,806 | INFO | No defined transition for current status: In Progress for ticket A15-2902
2026-02-10 13:03:36,807 | INFO | No defined transition for current status: In Progress for ticket A15-2902
2026-02-10 13:03:36,807 | INFO | No defined transition for current status: In Progress for ticket A15-2902
2026-02-10 13:03:36,808 | INFO | No defined transition for current status: In Progress for ticket A15-2902
2026-02-10 13:03:36,809 | INFO | No defined transition for current status: In Progress for ticket A15-2902
2026-02-10 13:03:36,810 | INFO | No defined transition for current status: In Progress for ticket A15-2902
2026-02-10 13:03:36,810 | INFO | No defined transition for current status: In Progress for ticket A15-2902
2026-02-10 13:03:36,811 | INFO | No defined transition for current status: In Progress for ticket A15-2902
2026-02-10 13:03:36,812 | INFO | No defined transition for current status: In Progress for ticket A15-2902
2026-02-10 13:03:36,813 | INFO | No defined transition for current status: In Progress for ticket A15-2902
2026-02-10 13:03:36,814 | INFO | No defined transition for current status: In Progress for ticket A15-2902
2026-02-10 13:03:36,814 | INFO | No defined transition for current status: In Progress for ticket A15-2902
2026-02-10 13:03:36,814 | INFO | No defined transition for current status: In Progress for ticket A15-2902
2026-02-10 13:03:36,815 | INFO | No defined transition for current status: In Progress for ticket A15-2902
2026-02-10 13:03:36,817 | INFO | No defined transition for current status: In Progress for ticket A15-2902
2026-02-10 13:03:36,817 | INFO | No defined transition for current status: In Progress for ticket A15-2902
2026-02-10 13:03:36,818 | INFO | No defined transition for current status: In Progress for ticket A15-2902
2026-02-10 13:03:36,819 | INFO | No defined transition for current status: In Progress for ticket A15-2902
2026-02-10 13:03:36,819 | INFO | No defined transition for current status: In Progress for ticket A15-2902
2026-02-10 13:03:36,820 | INFO | No defined transition for current status: In Progress for ticket A15-2902
2026-02-10 13:03:36,821 | INFO | No defined transition for current status: In Progress for ticket A15-2902
2026-02-10 13:03:36,821 | INFO | No defined transition for current status: In Progress for ticket A15-2902
2026-02-10 13:03:36,822 | INFO | No defined transition for current status: In Progress for ticket A15-2902
2026-02-10 13:03:36,822 | INFO | No defined transition for current status: In Progress for ticket A15-2902
2026-02-10 13:03:36,823 | INFO | No defined transition for current status: In Progress for ticket A15-2902
2026-02-10 13:03:36,824 | INFO | No defined transition for current status: In Progress for ticket A15-2902
2026-02-10 13:03:36,824 | INFO | No defined transition for current status: In Progress for ticket A15-2902
2026-02-10 13:03:36,825 | INFO | No defined transition for current status: In Progress for ticket A15-2902
2026-02-10 13:03:36,825 | INFO | No defined transition for current status: In Progress for ticket A15-2902
2026-02-10 13:03:36,826 | INFO | No defined transition for current status: In Progress for ticket A15-2902
2026-02-10 13:03:36,827 | INFO | No defined transition for current status: In Progress for ticket A15-2902
2026-02-10 13:03:36,827 | INFO | No defined transition for current status: In Progress for ticket A15-2902
2026-02-10 13:03:36,828 | INFO | No defined transition for current status: In Progress for ticket A15-2902
2026-02-10 13:03:36,829 | INFO | No defined transition for current status: In Progress for ticket A15-2902
2026-02-10 13:03:36,829 | INFO | No defined transition for current status: In Progress for ticket A15-2902
2026-02-10 13:03:36,831 | INFO | No defined transition for current status: In Progress for ticket A15-2902
2026-02-10 13:03:36,831 | INFO | No defined transition for current status: In Progress for ticket A15-2902
2026-02-10 13:03:36,832 | INFO | No defined transition for current status: In Progress for ticket A15-2902
2026-02-10 13:03:36,832 | INFO | No defined transition for current status: In Progress for ticket A15-2902
2026-02-10 13:03:36,833 | INFO | No defined transition for current status: In Progress for ticket A15-2902
2026-02-10 13:03:36,833 | INFO | No defined transition for current status: In Progress for ticket A15-2902
2026-02-10 13:03:36,834 | INFO | No defined transition for current status: In Progress for ticket A15-2902
2026-02-10 13:03:36,835 | INFO | No defined transition for current status: In Progress for ticket A15-2902
2026-02-10 13:03:36,835 | INFO | No defined transition for current status: In Progress for ticket A15-2902
2026-02-10 13:03:36,836 | INFO | No defined transition for current status: In Progress for ticket A15-2902
2026-02-10 13:03:36,837 | INFO | No defined transition for current status: In Progress for ticket A15-2902
2026-02-10 13:03:36,837 | INFO | No defined transition for current status: In Progress for ticket A15-2902
2026-02-10 13:03:36,838 | INFO | No defined transition for current status: In Progress for ticket A15-2902
2026-02-10 13:03:36,839 | INFO | No defined transition for current status: In Progress for ticket A15-2902
2026-02-10 13:03:36,839 | INFO | No defined transition for current status: In Progress for ticket A15-2902
2026-02-10 13:03:36,840 | INFO | No defined transition for current status: In Progress for ticket A15-2902
2026-02-10 13:03:36,841 | INFO | No defined transition for current status: In Progress for ticket A15-2902
2026-02-10 13:03:36,842 | INFO | No defined transition for current status: In Progress for ticket A15-2902
2026-02-10 13:03:36,842 | INFO | No defined transition for current status: In Progress for ticket A15-2902
2026-02-10 13:03:36,843 | INFO | No defined transition for current status: In Progress for ticket A15-2902
2026-02-10 13:03:36,843 | INFO | No defined transition for current status: In Progress for ticket A15-2902
2026-02-10 13:03:36,844 | INFO | No defined transition for current status: In Progress for ticket A15-2902
2026-02-10 13:03:36,845 | INFO | No defined transition for current status: In Progress for ticket A15-2902
2026-02-10 13:03:36,846 | INFO | No defined transition for current status: In Progress for ticket A15-2902
2026-02-10 13:03:36,846 | INFO | No defined transition for current status: In Progress for ticket A15-2902
2026-02-10 13:03:36,847 | INFO | No defined transition for current status: In Progress for ticket A15-2902
2026-02-10 13:03:36,848 | INFO | No defined transition for current status: In Progress for ticket A15-2902
2026-02-10 13:03:36,849 | INFO | No defined transition for current status: In Progress for ticket A15-2902
2026-02-10 13:03:36,849 | INFO | No defined transition for current status: In Progress for ticket A15-2902
2026-02-10 13:03:36,849 | INFO | No defined transition for current status: In Progress for ticket A15-2902
2026-02-10 13:03:36,850 | INFO | No defined transition for current status: In Progress for ticket A15-2902
2026-02-10 13:03:36,851 | INFO | No defined transition for current status: In Progress for ticket A15-2902
2026-02-10 13:03:36,851 | INFO | No defined transition for current status: In Progress for ticket A15-2902
2026-02-10 13:03:36,852 | INFO | No defined transition for current status: In Progress for ticket A15-2902
2026-02-10 13:03:36,853 | INFO | No defined transition for current status: In Progress for ticket A15-2902
2026-02-10 13:03:36,853 | INFO | No defined transition for current status: In Progress for ticket A15-2902
2026-02-10 13:03:36,854 | INFO | No defined transition for current status: In Progress for ticket A15-2902
2026-02-10 13:03:36,855 | INFO | No defined transition for current status: In Progress for ticket A15-2902
2026-02-10 13:03:36,855 | INFO | No defined transition for current status: In Progress for ticket A15-2902
2026-02-10 13:03:36,856 | INFO | No defined transition for current status: In Progress for ticket A15-2902
2026-02-10 13:03:36,857 | INFO | No defined transition for current status: In Progress for ticket A15-2902
2026-02-10 13:03:36,857 | INFO | No defined transition for current status: In Progress for ticket A15-2902
2026-02-10 13:03:36,858 | INFO | No defined transition for current status: In Progress for ticket A15-2902
2026-02-10 13:03:36,859 | INFO | No defined transition for current status: In Progress for ticket A15-2902
2026-02-10 13:03:36,859 | INFO | No defined transition for current status: In Progress for ticket A15-2902
2026-02-10 13:03:36,860 | INFO | No defined transition for current status: In Progress for ticket A15-2902
2026-02-10 13:03:36,861 | INFO | No defined transition for current status: In Progress for ticket A15-2902
2026-02-10 13:03:36,862 | INFO | No defined transition for current status: In Progress for ticket A15-2902
2026-02-10 13:03:36,863 | INFO | No defined transition for current status: In Progress for ticket A15-2902
2026-02-10 13:03:36,863 | INFO | No defined transition for current status: In Progress for ticket A15-2902
2026-02-10 13:03:36,864 | INFO | No defined transition for current status: In Progress for ticket A15-2902
2026-02-10 13:03:36,865 | INFO | No defined transition for current status: In Progress for ticket A15-2902
2026-02-10 13:03:36,866 | INFO | No defined transition for current status: In Progress for ticket A15-2902
2026-02-10 13:03:36,867 | INFO | No defined transition for current status: In Progress for ticket A15-2902
2026-02-10 13:03:36,868 | INFO | No defined transition for current status: In Progress for ticket A15-2902
2026-02-10 13:03:36,869 | INFO | No defined transition for current status: In Progress for ticket A15-2902
2026-02-10 13:03:36,870 | INFO | No defined transition for current status: In Progress for ticket A15-2902
2026-02-10 13:03:36,871 | INFO | No defined transition for current status: In Progress for ticket A15-2902
2026-02-10 13:03:36,872 | INFO | No defined transition for current status: In Progress for ticket A15-2902
2026-02-10 13:03:36,872 | INFO | No defined transition for current status: In Progress for ticket A15-2902
2026-02-10 13:03:36,873 | INFO | No defined transition for current status: In Progress for ticket A15-2902
2026-02-10 13:03:36,874 | INFO | No defined transition for current status: In Progress for ticket A15-2902
2026-02-10 13:03:36,875 | INFO | No defined transition for current status: In Progress for ticket A15-2902
2026-02-10 13:03:36,876 | INFO | No defined transition for current status: In Progress for ticket A15-2902
2026-02-10 13:03:36,877 | INFO | No defined transition for current status: In Progress for ticket A15-2902
2026-02-10 13:03:36,877 | INFO | No defined transition for current status: In Progress for ticket A15-2902
2026-02-10 13:03:36,878 | INFO | No defined transition for current status: In Progress for ticket A15-2902
2026-02-10 13:03:36,879 | INFO | No defined transition for current status: In Progress for ticket A15-2902
2026-02-10 13:03:36,879 | INFO | No defined transition for current status: In Progress for ticket A15-2902
2026-02-10 13:03:36,880 | INFO | No defined transition for current status: In Progress for ticket A15-2902
2026-02-10 13:03:36,881 | INFO | No defined transition for current status: In Progress for ticket A15-2902
2026-02-10 13:03:36,881 | INFO | No defined transition for current status: In Progress for ticket A15-2902
2026-02-10 13:03:36,882 | INFO | No defined transition for current status: In Progress for ticket A15-2902
2026-02-10 13:03:36,883 | INFO | No defined transition for current status: In Progress for ticket A15-2902
2026-02-10 13:03:36,883 | INFO | No defined transition for current status: In Progress for ticket A15-2902
2026-02-10 13:03:36,884 | INFO | No defined transition for current status: In Progress for ticket A15-2902
2026-02-10 13:03:36,885 | INFO | No defined transition for current status: In Progress for ticket A15-2902
2026-02-10 13:03:36,886 | INFO | No defined transition for current status: In Progress for ticket A15-2902
2026-02-10 13:03:36,888 | INFO | No defined transition for current status: In Progress for ticket A15-2902
2026-02-10 13:03:36,889 | INFO | No defined transition for current status: In Progress for ticket A15-2902
2026-02-10 13:03:36,889 | INFO | No defined transition for current status: In Progress for ticket A15-2902
2026-02-10 13:03:36,890 | INFO | No defined transition for current status: In Progress for ticket A15-2902
2026-02-10 13:03:36,891 | INFO | No defined transition for current status: In Progress for ticket A15-2902
2026-02-10 13:03:36,892 | INFO | No defined transition for current status: In Progress for ticket A15-2902
2026-02-10 13:03:36,893 | INFO | No defined transition for current status: In Progress for ticket A15-2902
2026-02-10 13:03:36,894 | INFO | No defined transition for current status: In Progress for ticket A15-2902
2026-02-10 13:03:36,894 | INFO | No defined transition for current status: In Progress for ticket A15-2902
2026-02-10 13:03:36,895 | INFO | No defined transition for current status: In Progress for ticket A15-2902
2026-02-10 13:03:36,896 | INFO | No defined transition for current status: In Progress for ticket A15-2902
2026-02-10 13:03:36,897 | INFO | No defined transition for current status: In Progress for ticket A15-2902
2026-02-10 13:03:36,898 | INFO | No defined transition for current status: In Progress for ticket A15-2902
2026-02-10 13:03:36,899 | INFO | No defined transition for current status: In Progress for ticket A15-2902
2026-02-10 13:03:36,899 | INFO | No defined transition for current status: In Progress for ticket A15-2902
2026-02-10 13:03:36,900 | INFO | No defined transition for current status: In Progress for ticket A15-2902
2026-02-10 13:03:36,901 | INFO | No defined transition for current status: In Progress for ticket A15-2902
2026-02-10 13:03:36,902 | INFO | No defined transition for current status: In Progress for ticket A15-2902
2026-02-10 13:03:36,902 | INFO | No defined transition for current status: In Progress for ticket A15-2902
2026-02-10 13:03:36,903 | INFO | No defined transition for current status: In Progress for ticket A15-2902
2026-02-10 13:03:36,904 | INFO | No defined transition for current status: In Progress for ticket A15-2902
2026-02-10 13:03:36,905 | INFO | No defined transition for current status: In Progress for ticket A15-2902
2026-02-10 13:03:36,906 | INFO | No defined transition for current status: In Progress for ticket A15-2902
2026-02-10 13:03:36,907 | INFO | No defined transition for current status: In Progress for ticket A15-2902
2026-02-10 13:03:36,908 | INFO | No defined transition for current status: In Progress for ticket A15-2902
2026-02-10 13:03:36,909 | INFO | No defined transition for current status: In Progress for ticket A15-2902
2026-02-10 13:03:36,910 | INFO | No defined transition for current status: In Progress for ticket A15-2902
2026-02-10 13:03:36,911 | INFO | No defined transition for current status: In Progress for ticket A15-2902
2026-02-10 13:03:36,912 | INFO | No defined transition for current status: In Progress for ticket A15-2902
2026-02-10 13:03:36,913 | INFO | No defined transition for current status: In Progress for ticket A15-2902
2026-02-10 13:03:36,914 | INFO | No defined transition for current status: In Progress for ticket A15-2902
2026-02-10 13:03:36,915 | INFO | No defined transition for current status: In Progress for ticket A15-2902
2026-02-10 13:03:36,915 | INFO | No defined transition for current status: In Progress for ticket A15-2902
2026-02-10 13:03:36,916 | INFO | No defined transition for current status: In Progress for ticket A15-2902
2026-02-10 13:03:36,917 | INFO | No defined transition for current status: In Progress for ticket A15-2902
2026-02-10 13:03:36,917 | INFO | No defined transition for current status: In Progress for ticket A15-2902
2026-02-10 13:03:36,918 | INFO | No defined transition for current status: In Progress for ticket A15-2902
2026-02-10 13:03:36,918 | INFO | No defined transition for current status: In Progress for ticket A15-2902
2026-02-10 13:03:36,919 | INFO | No defined transition for current status: In Progress for ticket A15-2902
2026-02-10 13:03:36,920 | INFO | No defined transition for current status: In Progress for ticket A15-2902
2026-02-10 13:03:36,920 | INFO | No defined transition for current status: In Progress for ticket A15-2902
2026-02-10 13:03:36,921 | INFO | No defined transition for current status: In Progress for ticket A15-2902
2026-02-10 13:03:36,922 | INFO | No defined transition for current status: In Progress for ticket A15-2902
2026-02-10 13:03:36,922 | INFO | No defined transition for current status: In Progress for ticket A15-2902
2026-02-10 13:03:36,923 | INFO | No defined transition for current status: In Progress for ticket A15-2902
2026-02-10 13:03:36,923 | INFO | No defined transition for current status: In Progress for ticket A15-2902
2026-02-10 13:03:36,924 | INFO | No defined transition for current status: In Progress for ticket A15-2902
2026-02-10 13:03:36,925 | INFO | No defined transition for current status: In Progress for ticket A15-2902
2026-02-10 13:03:36,925 | INFO | No defined transition for current status: In Progress for ticket A15-2902
2026-02-10 13:03:36,925 | INFO | No defined transition for current status: In Progress for ticket A15-2902
2026-02-10 13:03:36,926 | INFO | No defined transition for current status: In Progress for ticket A15-2902
2026-02-10 13:03:36,927 | INFO | No defined transition for current status: In Progress for ticket A15-2902
2026-02-10 13:03:36,928 | INFO | No defined transition for current status: In Progress for ticket A15-2902
2026-02-10 13:03:36,928 | INFO | No defined transition for current status: In Progress for ticket A15-2902
2026-02-10 13:03:36,929 | INFO | No defined transition for current status: In Progress for ticket A15-2902
2026-02-10 13:03:36,929 | INFO | No defined transition for current status: In Progress for ticket A15-2902
2026-02-10 13:03:36,930 | INFO | No defined transition for current status: In Progress for ticket A15-2902
2026-02-10 13:03:36,931 | INFO | No defined transition for current status: In Progress for ticket A15-2902
2026-02-10 13:03:36,931 | INFO | No defined transition for current status: In Progress for ticket A15-2902
2026-02-10 13:03:36,932 | INFO | No defined transition for current status: In Progress for ticket A15-2902
2026-02-10 13:03:36,932 | INFO | No defined transition for current status: In Progress for ticket A15-2902
2026-02-10 13:03:36,933 | INFO | No defined transition for current status: In Progress for ticket A15-2902
2026-02-10 13:03:36,934 | INFO | No defined transition for current status: In Progress for ticket A15-2902
2026-02-10 13:03:36,934 | INFO | No defined transition for current status: In Progress for ticket A15-2902
2026-02-10 13:03:36,935 | INFO | No defined transition for current status: In Progress for ticket A15-2902
2026-02-10 13:03:36,936 | INFO | No defined transition for current status: In Progress for ticket A15-2902
2026-02-10 13:03:36,936 | INFO | No defined transition for current status: In Progress for ticket A15-2902
2026-02-10 13:03:36,937 | INFO | No defined transition for current status: In Progress for ticket A15-2902
2026-02-10 13:03:36,937 | INFO | No defined transition for current status: In Progress for ticket A15-2902
2026-02-10 13:03:36,938 | INFO | No defined transition for current status: In Progress for ticket A15-2902
2026-02-10 13:03:36,939 | INFO | No defined transition for current status: In Progress for ticket A15-2902
2026-02-10 13:03:36,940 | INFO | No defined transition for current status: In Progress for ticket A15-2902
2026-02-10 13:03:36,940 | INFO | No defined transition for current status: In Progress for ticket A15-2902
2026-02-10 13:03:36,941 | INFO | No defined transition for current status: In Progress for ticket A15-2902
2026-02-10 13:03:36,942 | INFO | No defined transition for current status: In Progress for ticket A15-2902
2026-02-10 13:03:36,942 | INFO | No defined transition for current status: In Progress for ticket A15-2902
2026-02-10 13:03:36,943 | INFO | No defined transition for current status: In Progress for ticket A15-2902
2026-02-10 13:03:36,944 | INFO | No defined transition for current status: In Progress for ticket A15-2902
2026-02-10 13:03:36,944 | INFO | No defined transition for current status: In Progress for ticket A15-2902
2026-02-10 13:03:36,945 | INFO | No defined transition for current status: In Progress for ticket A15-2902
2026-02-10 13:03:36,945 | INFO | No defined transition for current status: In Progress for ticket A15-2902
2026-02-10 13:03:36,946 | INFO | No defined transition for current status: In Progress for ticket A15-2902
2026-02-10 13:03:36,947 | INFO | No defined transition for current status: In Progress for ticket A15-2902
2026-02-10 13:03:36,947 | INFO | No defined transition for current status: In Progress for ticket A15-2902
2026-02-10 13:03:36,948 | INFO | No defined transition for current status: In Progress for ticket A15-2902
2026-02-10 13:03:36,949 | INFO | No defined transition for current status: In Progress for ticket A15-2902
2026-02-10 13:03:36,949 | INFO | No defined transition for current status: In Progress for ticket A15-2902
2026-02-10 13:03:36,950 | INFO | No defined transition for current status: In Progress for ticket A15-2902
2026-02-10 13:03:36,951 | INFO | No defined transition for current status: In Progress for ticket A15-2902
2026-02-10 13:03:36,952 | INFO | No defined transition for current status: In Progress for ticket A15-2902
2026-02-10 13:03:36,953 | INFO | No defined transition for current status: In Progress for ticket A15-2902
2026-02-10 13:03:36,953 | INFO | No defined transition for current status: In Progress for ticket A15-2902
2026-02-10 13:03:36,954 | INFO | No defined transition for current status: In Progress for ticket A15-2902
2026-02-10 13:03:36,955 | INFO | No defined transition for current status: In Progress for ticket A15-2902
2026-02-10 13:03:36,955 | INFO | No defined transition for current status: In Progress for ticket A15-2902
2026-02-10 13:03:36,956 | INFO | No defined transition for current status: In Progress for ticket A15-2902
2026-02-10 13:03:36,957 | INFO | No defined transition for current status: In Progress for ticket A15-2902
2026-02-10 13:03:36,958 | INFO | No defined transition for current status: In Progress for ticket A15-2902
2026-02-10 13:03:36,959 | INFO | No defined transition for current status: In Progress for ticket A15-2902
2026-02-10 13:03:36,960 | INFO | No defined transition for current status: In Progress for ticket A15-2902
2026-02-10 13:03:36,961 | INFO | No defined transition for current status: In Progress for ticket A15-2902
2026-02-10 13:03:36,962 | INFO | No defined transition for current status: In Progress for ticket A15-2902
2026-02-10 13:03:36,963 | INFO | No defined transition for current status: In Progress for ticket A15-2902
2026-02-10 13:03:36,964 | INFO | No defined transition for current status: In Progress for ticket A15-2902
2026-02-10 13:03:36,964 | INFO | No defined transition for current status: In Progress for ticket A15-2902
2026-02-10 13:03:36,965 | INFO | No defined transition for current status: In Progress for ticket A15-2902
2026-02-10 13:03:36,966 | INFO | No defined transition for current status: In Progress for ticket A15-2902
2026-02-10 13:03:36,967 | INFO | No defined transition for current status: In Progress for ticket A15-2902
2026-02-10 13:03:36,967 | INFO | No defined transition for current status: In Progress for ticket A15-2902
2026-02-10 13:03:36,968 | INFO | No defined transition for current status: In Progress for ticket A15-2902
2026-02-10 13:03:36,969 | INFO | No defined transition for current status: In Progress for ticket A15-2902
2026-02-10 13:03:36,970 | INFO | No defined transition for current status: In Progress for ticket A15-2902
2026-02-10 13:03:36,971 | INFO | No defined transition for current status: In Progress for ticket A15-2902
2026-02-10 13:03:36,971 | INFO | No defined transition for current status: In Progress for ticket A15-2902
2026-02-10 13:03:36,972 | INFO | No defined transition for current status: In Progress for ticket A15-2902
2026-02-10 13:03:36,973 | INFO | No defined transition for current status: In Progress for ticket A15-2902
2026-02-10 13:03:36,973 | INFO | No defined transition for current status: In Progress for ticket A15-2902
2026-02-10 13:03:36,974 | INFO | No defined transition for current status: In Progress for ticket A15-2902
2026-02-10 13:03:36,975 | INFO | No defined transition for current status: In Progress for ticket A15-2902
2026-02-10 13:03:36,976 | INFO | No defined transition for current status: In Progress for ticket A15-2902
2026-02-10 13:03:36,976 | INFO | No defined transition for current status: In Progress for ticket A15-2902
2026-02-10 13:03:36,977 | INFO | No defined transition for current status: In Progress for ticket A15-2902
2026-02-10 13:03:36,978 | INFO | No defined transition for current status: In Progress for ticket A15-2902
2026-02-10 13:03:36,979 | INFO | No defined transition for current status: In Progress for ticket A15-2902
2026-02-10 13:03:36,980 | INFO | No defined transition for current status: In Progress for ticket A15-2902
2026-02-10 13:03:36,981 | INFO | No defined transition for current status: In Progress for ticket A15-2902
2026-02-10 13:03:36,982 | INFO | No defined transition for current status: In Progress for ticket A15-2902
2026-02-10 13:03:36,982 | INFO | No defined transition for current status: In Progress for ticket A15-2902
2026-02-10 13:03:36,983 | INFO | No defined transition for current status: In Progress for ticket A15-2902
2026-02-10 13:03:36,983 | INFO | No defined transition for current status: In Progress for ticket A15-2902
2026-02-10 13:03:36,984 | INFO | No defined transition for current status: In Progress for ticket A15-2902
2026-02-10 13:03:36,985 | INFO | No defined transition for current status: In Progress for ticket A15-2902
2026-02-10 13:03:36,985 | INFO | No defined transition for current status: In Progress for ticket A15-2902
2026-02-10 13:03:36,985 | INFO | No defined transition for current status: In Progress for ticket A15-2902
2026-02-10 13:03:36,986 | INFO | No defined transition for current status: In Progress for ticket A15-2902
2026-02-10 13:03:36,986 | INFO | No defined transition for current status: In Progress for ticket A15-2902
2026-02-10 13:03:36,988 | INFO | No defined transition for current status: In Progress for ticket A15-2902
2026-02-10 13:03:36,989 | INFO | No defined transition for current status: In Progress for ticket A15-2902
2026-02-10 13:03:36,989 | INFO | No defined transition for current status: In Progress for ticket A15-2902
2026-02-10 13:03:36,990 | INFO | No defined transition for current status: In Progress for ticket A15-2902
2026-02-10 13:03:36,991 | INFO | No defined transition for current status: In Progress for ticket A15-2902
2026-02-10 13:03:36,991 | INFO | No defined transition for current status: In Progress for ticket A15-2902
2026-02-10 13:03:36,992 | INFO | No defined transition for current status: In Progress for ticket A15-2902
2026-02-10 13:03:36,992 | INFO | No defined transition for current status: In Progress for ticket A15-2902
2026-02-10 13:03:36,993 | INFO | No defined transition for current status: In Progress for ticket A15-2902
2026-02-10 13:03:36,994 | INFO | No defined transition for current status: In Progress for ticket A15-2902
2026-02-10 13:03:36,994 | INFO | No defined transition for current status: In Progress for ticket A15-2902
2026-02-10 13:03:36,995 | INFO | No defined transition for current status: In Progress for ticket A15-2902
2026-02-10 13:03:36,995 | INFO | No defined transition for current status: In Progress for ticket A15-2902
2026-02-10 13:03:36,996 | INFO | No defined transition for current status: In Progress for ticket A15-2902
2026-02-10 13:03:36,997 | INFO | No defined transition for current status: In Progress for ticket A15-2902
2026-02-10 13:03:36,997 | INFO | No defined transition for current status: In Progress for ticket A15-2902
2026-02-10 13:03:36,998 | INFO | No defined transition for current status: In Progress for ticket A15-2902
2026-02-10 13:03:36,998 | INFO | No defined transition for current status: In Progress for ticket A15-2902
2026-02-10 13:03:36,999 | INFO | No defined transition for current status: In Progress for ticket A15-2902
2026-02-10 13:03:37,000 | INFO | No defined transition for current status: In Progress for ticket A15-2902
2026-02-10 13:03:37,000 | INFO | No defined transition for current status: In Progress for ticket A15-2902
2026-02-10 13:03:37,001 | INFO | No defined transition for current status: In Progress for ticket A15-2902
2026-02-10 13:03:37,001 | INFO | No defined transition for current status: In Progress for ticket A15-2902
2026-02-10 13:03:37,002 | INFO | No defined transition for current status: In Progress for ticket A15-2902
2026-02-10 13:03:37,002 | INFO | No defined transition for current status: In Progress for ticket A15-2902
2026-02-10 13:03:37,003 | INFO | No defined transition for current status: In Progress for ticket A15-2902
2026-02-10 13:03:37,003 | INFO | No defined transition for current status: In Progress for ticket A15-2902
2026-02-10 13:03:37,004 | INFO | No defined transition for current status: In Progress for ticket A15-2902
2026-02-10 13:03:37,004 | INFO | No defined transition for current status: In Progress for ticket A15-2902
2026-02-10 13:03:37,005 | INFO | No defined transition for current status: In Progress for ticket A15-2902
2026-02-10 13:03:37,005 | INFO | No defined transition for current status: In Progress for ticket A15-2902
2026-02-10 13:03:37,006 | INFO | No defined transition for current status: In Progress for ticket A15-2902
2026-02-10 13:03:37,006 | INFO | No defined transition for current status: In Progress for ticket A15-2902
2026-02-10 13:03:37,007 | INFO | No defined transition for current status: In Progress for ticket A15-2902
2026-02-10 13:03:37,007 | INFO | No defined transition for current status: In Progress for ticket A15-2902
2026-02-10 13:03:37,008 | INFO | No defined transition for current status: In Progress for ticket A15-2902
2026-02-10 13:03:37,008 | INFO | No defined transition for current status: In Progress for ticket A15-2902
2026-02-10 13:03:37,009 | INFO | No defined transition for current status: In Progress for ticket A15-2902
2026-02-10 13:03:37,009 | INFO | No defined transition for current status: In Progress for ticket A15-2902
2026-02-10 13:03:37,010 | INFO | No defined transition for current status: In Progress for ticket A15-2902
2026-02-10 13:03:37,010 | INFO | No defined transition for current status: In Progress for ticket A15-2902
2026-02-10 13:03:37,011 | INFO | No defined transition for current status: In Progress for ticket A15-2902
2026-02-10 13:03:37,011 | INFO | No defined transition for current status: In Progress for ticket A15-2902
2026-02-10 13:03:37,011 | INFO | No defined transition for current status: In Progress for ticket A15-2902
2026-02-10 13:03:37,012 | INFO | No defined transition for current status: In Progress for ticket A15-2902
2026-02-10 13:03:37,012 | INFO | No defined transition for current status: In Progress for ticket A15-2902
2026-02-10 13:03:37,013 | INFO | No defined transition for current status: In Progress for ticket A15-2902
2026-02-10 13:03:37,013 | INFO | No defined transition for current status: In Progress for ticket A15-2902
2026-02-10 13:03:37,014 | INFO | No defined transition for current status: In Progress for ticket A15-2902
2026-02-10 13:03:37,014 | INFO | No defined transition for current status: In Progress for ticket A15-2902
2026-02-10 13:03:37,015 | INFO | No defined transition for current status: In Progress for ticket A15-2902
2026-02-10 13:03:37,016 | INFO | No defined transition for current status: In Progress for ticket A15-2902
2026-02-10 13:03:37,016 | INFO | No defined transition for current status: In Progress for ticket A15-2902
2026-02-10 13:03:37,017 | INFO | No defined transition for current status: In Progress for ticket A15-2902
2026-02-10 13:03:37,018 | INFO | No defined transition for current status: In Progress for ticket A15-2902
2026-02-10 13:03:37,018 | INFO | No defined transition for current status: In Progress for ticket A15-2902
2026-02-10 13:03:37,018 | INFO | No defined transition for current status: In Progress for ticket A15-2902
2026-02-10 13:03:37,019 | INFO | No defined transition for current status: In Progress for ticket A15-2902
2026-02-10 13:03:37,020 | INFO | No defined transition for current status: In Progress for ticket A15-2902
2026-02-10 13:03:37,020 | INFO | No defined transition for current status: In Progress for ticket A15-2902
2026-02-10 13:03:37,021 | INFO | No defined transition for current status: In Progress for ticket A15-2902
2026-02-10 13:03:37,022 | INFO | No defined transition for current status: In Progress for ticket A15-2902
2026-02-10 13:03:37,022 | INFO | No defined transition for current status: In Progress for ticket A15-2902
2026-02-10 13:03:37,023 | INFO | No defined transition for current status: In Progress for ticket A15-2902
2026-02-10 13:03:37,024 | INFO | No defined transition for current status: In Progress for ticket A15-2902
2026-02-10 13:03:37,024 | INFO | No defined transition for current status: In Progress for ticket A15-2902
2026-02-10 13:03:37,025 | INFO | No defined transition for current status: In Progress for ticket A15-2902
2026-02-10 13:03:37,026 | INFO | No defined transition for current status: In Progress for ticket A15-2902
2026-02-10 13:03:37,027 | INFO | No defined transition for current status: In Progress for ticket A15-2902
2026-02-10 13:03:37,028 | INFO | No defined transition for current status: In Progress for ticket A15-2902
2026-02-10 13:03:37,028 | INFO | No defined transition for current status: In Progress for ticket A15-2902
2026-02-10 13:03:37,029 | INFO | No defined transition for current status: In Progress for ticket A15-2902
2026-02-10 13:03:37,030 | INFO | No defined transition for current status: In Progress for ticket A15-2902
2026-02-10 13:03:37,030 | INFO | No defined transition for current status: In Progress for ticket A15-2902
2026-02-10 13:03:37,031 | INFO | No defined transition for current status: In Progress for ticket A15-2902
2026-02-10 13:03:37,032 | INFO | No defined transition for current status: In Progress for ticket A15-2902
2026-02-10 13:03:37,033 | INFO | No defined transition for current status: In Progress for ticket A15-2902
2026-02-10 13:03:37,033 | INFO | No defined transition for current status: In Progress for ticket A15-2902
2026-02-10 13:03:37,034 | INFO | No defined transition for current status: In Progress for ticket A15-2902
2026-02-10 13:03:37,035 | INFO | No defined transition for current status: In Progress for ticket A15-2902
2026-02-10 13:03:37,036 | INFO | No defined transition for current status: In Progress for ticket A15-2902
2026-02-10 13:03:37,037 | INFO | No defined transition for current status: In Progress for ticket A15-2902
2026-02-10 13:03:37,038 | INFO | No defined transition for current status: In Progress for ticket A15-2902
2026-02-10 13:03:37,039 | INFO | No defined transition for current status: In Progress for ticket A15-2902
2026-02-10 13:03:37,039 | INFO | No defined transition for current status: In Progress for ticket A15-2902
2026-02-10 13:03:37,040 | INFO | No defined transition for current status: In Progress for ticket A15-2902
2026-02-10 13:03:37,041 | INFO | No defined transition for current status: In Progress for ticket A15-2902
2026-02-10 13:03:37,042 | INFO | No defined transition for current status: In Progress for ticket A15-2902
2026-02-10 13:03:37,043 | INFO | No defined transition for current status: In Progress for ticket A15-2902
2026-02-10 13:03:37,044 | INFO | No defined transition for current status: In Progress for ticket A15-2902
2026-02-10 13:03:37,045 | INFO | No defined transition for current status: In Progress for ticket A15-2902
2026-02-10 13:03:37,046 | INFO | No defined transition for current status: In Progress for ticket A15-2902
2026-02-10 13:03:37,046 | INFO | No defined transition for current status: In Progress for ticket A15-2902
2026-02-10 13:03:37,048 | INFO | No defined transition for current status: In Progress for ticket A15-2902
2026-02-10 13:03:37,049 | INFO | No defined transition for current status: In Progress for ticket A15-2902
2026-02-10 13:03:37,050 | INFO | No defined transition for current status: In Progress for ticket A15-2902
2026-02-10 13:03:37,050 | INFO | No defined transition for current status: In Progress for ticket A15-2902
2026-02-10 13:03:37,051 | INFO | No defined transition for current status: In Progress for ticket A15-2902
2026-02-10 13:03:37,052 | INFO | No defined transition for current status: In Progress for ticket A15-2902
2026-02-10 13:03:37,052 | INFO | No defined transition for current status: In Progress for ticket A15-2902
2026-02-10 13:03:37,053 | INFO | No defined transition for current status: In Progress for ticket A15-2902
2026-02-10 13:03:37,054 | INFO | No defined transition for current status: In Progress for ticket A15-2902
2026-02-10 13:03:37,054 | INFO | No defined transition for current status: In Progress for ticket A15-2902
2026-02-10 13:03:37,055 | INFO | No defined transition for current status: In Progress for ticket A15-2902
2026-02-10 13:03:37,056 | INFO | No defined transition for current status: In Progress for ticket A15-2902
2026-02-10 13:03:37,056 | INFO | No defined transition for current status: In Progress for ticket A15-2902
2026-02-10 13:03:37,057 | INFO | No defined transition for current status: In Progress for ticket A15-2902
2026-02-10 13:03:37,058 | INFO | No defined transition for current status: In Progress for ticket A15-2902
2026-02-10 13:03:37,058 | INFO | No defined transition for current status: In Progress for ticket A15-2902
2026-02-10 13:03:37,059 | INFO | No defined transition for current status: In Progress for ticket A15-2902
2026-02-10 13:03:37,060 | INFO | No defined transition for current status: In Progress for ticket A15-2902
2026-02-10 13:03:37,060 | INFO | No defined transition for current status: In Progress for ticket A15-2902
2026-02-10 13:03:37,061 | INFO | No defined transition for current status: In Progress for ticket A15-2902
2026-02-10 13:03:37,062 | INFO | No defined transition for current status: In Progress for ticket A15-2902
2026-02-10 13:03:37,062 | INFO | No defined transition for current status: In Progress for ticket A15-2902
2026-02-10 13:03:37,063 | INFO | No defined transition for current status: In Progress for ticket A15-2902
2026-02-10 13:03:37,064 | INFO | No defined transition for current status: In Progress for ticket A15-2902
2026-02-10 13:03:37,065 | INFO | No defined transition for current status: In Progress for ticket A15-2902
2026-02-10 13:03:37,066 | INFO | No defined transition for current status: In Progress for ticket A15-2902
2026-02-10 13:03:37,066 | INFO | No defined transition for current status: In Progress for ticket A15-2902
2026-02-10 13:03:37,067 | INFO | No defined transition for current status: In Progress for ticket A15-2902
2026-02-10 13:03:37,068 | INFO | No defined transition for current status: In Progress for ticket A15-2902
2026-02-10 13:03:37,068 | INFO | No defined transition for current status: In Progress for ticket A15-2902
2026-02-10 13:03:37,069 | INFO | No defined transition for current status: In Progress for ticket A15-2902
2026-02-10 13:03:37,070 | INFO | No defined transition for current status: In Progress for ticket A15-2902
2026-02-10 13:03:37,070 | INFO | No defined transition for current status: In Progress for ticket A15-2902
2026-02-10 13:03:37,071 | INFO | No defined transition for current status: In Progress for ticket A15-2902
2026-02-10 13:03:37,072 | INFO | No defined transition for current status: In Progress for ticket A15-2902
2026-02-10 13:03:37,072 | INFO | No defined transition for current status: In Progress for ticket A15-2902
2026-02-10 13:03:37,073 | INFO | No defined transition for current status: In Progress for ticket A15-2902
2026-02-10 13:03:37,073 | INFO | No defined transition for current status: In Progress for ticket A15-2902
2026-02-10 13:03:37,073 | INFO | No defined transition for current status: In Progress for ticket A15-2902
2026-02-10 13:03:37,074 | INFO | No defined transition for current status: In Progress for ticket A15-2902
2026-02-10 13:03:37,074 | INFO | No defined transition for current status: In Progress for ticket A15-2902
2026-02-10 13:03:37,075 | INFO | No defined transition for current status: In Progress for ticket A15-2902
2026-02-10 13:03:37,075 | INFO | No defined transition for current status: In Progress for ticket A15-2902
2026-02-10 13:03:37,075 | INFO | No defined transition for current status: In Progress for ticket A15-2902
2026-02-10 13:03:37,076 | INFO | No defined transition for current status: In Progress for ticket A15-2902
2026-02-10 13:03:37,077 | INFO | No defined transition for current status: In Progress for ticket A15-2902
2026-02-10 13:03:37,077 | INFO | No defined transition for current status: In Progress for ticket A15-2902
2026-02-10 13:03:37,078 | INFO | No defined transition for current status: In Progress for ticket A15-2902
2026-02-10 13:03:37,079 | INFO | No defined transition for current status: In Progress for ticket A15-2902
2026-02-10 13:03:37,080 | INFO | No defined transition for current status: In Progress for ticket A15-2902
2026-02-10 13:03:37,080 | INFO | No defined transition for current status: In Progress for ticket A15-2902
2026-02-10 13:03:37,081 | INFO | No defined transition for current status: In Progress for ticket A15-2902
2026-02-10 13:03:37,081 | INFO | No defined transition for current status: In Progress for ticket A15-2902
2026-02-10 13:03:37,082 | INFO | No defined transition for current status: In Progress for ticket A15-2902
2026-02-10 13:03:37,082 | INFO | No defined transition for current status: In Progress for ticket A15-2902
2026-02-10 13:03:37,084 | INFO | No defined transition for current status: In Progress for ticket A15-2902
2026-02-10 13:03:37,084 | INFO | No defined transition for current status: In Progress for ticket A15-2902
2026-02-10 13:03:37,085 | INFO | No defined transition for current status: In Progress for ticket A15-2902
2026-02-10 13:03:37,086 | INFO | No defined transition for current status: In Progress for ticket A15-2902
2026-02-10 13:03:37,086 | INFO | No defined transition for current status: In Progress for ticket A15-2902
2026-02-10 13:03:37,087 | INFO | No defined transition for current status: In Progress for ticket A15-2902
2026-02-10 13:03:37,087 | INFO | No defined transition for current status: In Progress for ticket A15-2902
2026-02-10 13:03:37,088 | INFO | No defined transition for current status: In Progress for ticket A15-2902
2026-02-10 13:03:37,088 | INFO | No defined transition for current status: In Progress for ticket A15-2902
2026-02-10 13:03:37,089 | INFO | No defined transition for current status: In Progress for ticket A15-2902
2026-02-10 13:03:37,090 | INFO | No defined transition for current status: In Progress for ticket A15-2902
2026-02-10 13:03:37,090 | INFO | No defined transition for current status: In Progress for ticket A15-2902
2026-02-10 13:03:37,091 | INFO | No defined transition for current status: In Progress for ticket A15-2902
2026-02-10 13:03:37,092 | INFO | No defined transition for current status: In Progress for ticket A15-2902
2026-02-10 13:03:37,092 | INFO | No defined transition for current status: In Progress for ticket A15-2902
2026-02-10 13:03:37,093 | INFO | No defined transition for current status: In Progress for ticket A15-2902
2026-02-10 13:03:37,094 | INFO | No defined transition for current status: In Progress for ticket A15-2902
2026-02-10 13:03:37,094 | INFO | No defined transition for current status: In Progress for ticket A15-2902
2026-02-10 13:03:37,095 | INFO | No defined transition for current status: In Progress for ticket A15-2902
2026-02-10 13:03:37,095 | INFO | No defined transition for current status: In Progress for ticket A15-2902
2026-02-10 13:03:37,097 | INFO | No defined transition for current status: In Progress for ticket A15-2902
2026-02-10 13:03:37,098 | INFO | No defined transition for current status: In Progress for ticket A15-2902
2026-02-10 13:03:37,098 | INFO | No defined transition for current status: In Progress for ticket A15-2902
2026-02-10 13:03:37,099 | INFO | No defined transition for current status: In Progress for ticket A15-2902
2026-02-10 13:03:37,099 | INFO | No defined transition for current status: In Progress for ticket A15-2902
2026-02-10 13:03:37,099 | INFO | No defined transition for current status: In Progress for ticket A15-2902
2026-02-10 13:03:37,100 | INFO | No defined transition for current status: In Progress for ticket A15-2902
2026-02-10 13:03:37,100 | INFO | No defined transition for current status: In Progress for ticket A15-2902
2026-02-10 13:03:37,102 | INFO | No defined transition for current status: In Progress for ticket A15-2902
2026-02-10 13:03:37,103 | INFO | No defined transition for current status: In Progress for ticket A15-2902
2026-02-10 13:03:37,104 | INFO | No defined transition for current status: In Progress for ticket A15-2902
2026-02-10 13:03:37,104 | INFO | No defined transition for current status: In Progress for ticket A15-2902
2026-02-10 13:03:37,105 | INFO | No defined transition for current status: In Progress for ticket A15-2902
2026-02-10 13:03:37,105 | INFO | No defined transition for current status: In Progress for ticket A15-2902
2026-02-10 13:03:37,106 | INFO | No defined transition for current status: In Progress for ticket A15-2902
2026-02-10 13:03:37,107 | INFO | No defined transition for current status: In Progress for ticket A15-2902
2026-02-10 13:03:37,107 | INFO | No defined transition for current status: In Progress for ticket A15-2902
2026-02-10 13:03:37,108 | INFO | No defined transition for current status: In Progress for ticket A15-2902
2026-02-10 13:03:37,109 | INFO | No defined transition for current status: In Progress for ticket A15-2902
2026-02-10 13:03:37,109 | INFO | No defined transition for current status: In Progress for ticket A15-2902
2026-02-10 13:03:37,111 | INFO | No defined transition for current status: In Progress for ticket A15-2902
2026-02-10 13:03:37,112 | INFO | No defined transition for current status: In Progress for ticket A15-2902
2026-02-10 13:03:37,112 | INFO | No defined transition for current status: In Progress for ticket A15-2902
2026-02-10 13:03:37,113 | INFO | No defined transition for current status: In Progress for ticket A15-2902
2026-02-10 13:03:37,114 | INFO | No defined transition for current status: In Progress for ticket A15-2902
2026-02-10 13:03:37,115 | INFO | No defined transition for current status: In Progress for ticket A15-2902
2026-02-10 13:03:37,115 | INFO | No defined transition for current status: In Progress for ticket A15-2902
2026-02-10 13:03:37,116 | INFO | No defined transition for current status: In Progress for ticket A15-2902
2026-02-10 13:03:37,116 | INFO | No defined transition for current status: In Progress for ticket A15-2902
2026-02-10 13:03:37,117 | INFO | No defined transition for current status: In Progress for ticket A15-2902
2026-02-10 13:03:37,118 | INFO | No defined transition for current status: In Progress for ticket A15-2902
2026-02-10 13:03:37,118 | INFO | No defined transition for current status: In Progress for ticket A15-2902
2026-02-10 13:03:37,119 | INFO | No defined transition for current status: In Progress for ticket A15-2902
2026-02-10 13:03:37,120 | INFO | No defined transition for current status: In Progress for ticket A15-2902
2026-02-10 13:03:37,121 | INFO | No defined transition for current status: In Progress for ticket A15-2902
2026-02-10 13:03:37,121 | INFO | No defined transition for current status: In Progress for ticket A15-2902
2026-02-10 13:03:37,122 | INFO | No defined transition for current status: In Progress for ticket A15-2902
2026-02-10 13:03:37,123 | INFO | No defined transition for current status: In Progress for ticket A15-2902
2026-02-10 13:03:37,123 | INFO | No defined transition for current status: In Progress for ticket A15-2902
2026-02-10 13:03:37,124 | INFO | No defined transition for current status: In Progress for ticket A15-2902
2026-02-10 13:03:37,125 | INFO | No defined transition for current status: In Progress for ticket A15-2902
2026-02-10 13:03:37,125 | INFO | No defined transition for current status: In Progress for ticket A15-2902
2026-02-10 13:03:37,126 | INFO | No defined transition for current status: In Progress for ticket A15-2902
2026-02-10 13:03:37,127 | INFO | No defined transition for current status: In Progress for ticket A15-2902
2026-02-10 13:03:37,127 | INFO | No defined transition for current status: In Progress for ticket A15-2902
2026-02-10 13:03:37,128 | INFO | No defined transition for current status: In Progress for ticket A15-2902
2026-02-10 13:03:37,129 | INFO | No defined transition for current status: In Progress for ticket A15-2902
2026-02-10 13:03:37,130 | INFO | No defined transition for current status: In Progress for ticket A15-2902
2026-02-10 13:03:37,131 | INFO | No defined transition for current status: In Progress for ticket A15-2902
2026-02-10 13:03:37,131 | INFO | No defined transition for current status: In Progress for ticket A15-2902
2026-02-10 13:03:37,132 | INFO | No defined transition for current status: In Progress for ticket A15-2902
2026-02-10 13:03:37,133 | INFO | No defined transition for current status: In Progress for ticket A15-2902
2026-02-10 13:03:37,133 | INFO | No defined transition for current status: In Progress for ticket A15-2902
2026-02-10 13:03:37,134 | INFO | No defined transition for current status: In Progress for ticket A15-2902
2026-02-10 13:03:37,135 | INFO | No defined transition for current status: In Progress for ticket A15-2902
2026-02-10 13:03:37,136 | INFO | No defined transition for current status: In Progress for ticket A15-2902
2026-02-10 13:03:37,136 | INFO | No defined transition for current status: In Progress for ticket A15-2902
2026-02-10 13:03:37,137 | INFO | No defined transition for current status: In Progress for ticket A15-2902
2026-02-10 13:03:37,138 | INFO | No defined transition for current status: In Progress for ticket A15-2902
2026-02-10 13:03:37,139 | INFO | No defined transition for current status: In Progress for ticket A15-2902
2026-02-10 13:03:37,139 | INFO | No defined transition for current status: In Progress for ticket A15-2902
2026-02-10 13:03:37,140 | INFO | No defined transition for current status: In Progress for ticket A15-2902
2026-02-10 13:03:37,141 | INFO | No defined transition for current status: In Progress for ticket A15-2902
2026-02-10 13:03:37,141 | INFO | No defined transition for current status: In Progress for ticket A15-2902
2026-02-10 13:03:37,142 | INFO | No defined transition for current status: In Progress for ticket A15-2902
2026-02-10 13:03:37,142 | INFO | No defined transition for current status: In Progress for ticket A15-2902
2026-02-10 13:03:37,143 | INFO | No defined transition for current status: In Progress for ticket A15-2902
2026-02-10 13:03:37,144 | INFO | No defined transition for current status: In Progress for ticket A15-2902
2026-02-10 13:03:37,144 | INFO | No defined transition for current status: In Progress for ticket A15-2902
2026-02-10 13:03:37,145 | INFO | No defined transition for current status: In Progress for ticket A15-2902
2026-02-10 13:03:37,145 | INFO | No defined transition for current status: In Progress for ticket A15-2902
2026-02-10 13:03:37,146 | INFO | No defined transition for current status: In Progress for ticket A15-2902
2026-02-10 13:03:37,147 | INFO | No defined transition for current status: In Progress for ticket A15-2902
2026-02-10 13:03:37,147 | INFO | No defined transition for current status: In Progress for ticket A15-2902
2026-02-10 13:03:37,148 | INFO | No defined transition for current status: In Progress for ticket A15-2902
2026-02-10 13:03:37,148 | INFO | No defined transition for current status: In Progress for ticket A15-2902
2026-02-10 13:03:37,149 | INFO | No defined transition for current status: In Progress for ticket A15-2902
2026-02-10 13:03:37,149 | INFO | No defined transition for current status: In Progress for ticket A15-2902
2026-02-10 13:03:37,150 | INFO | No defined transition for current status: In Progress for ticket A15-2902
2026-02-10 13:03:37,151 | INFO | No defined transition for current status: In Progress for ticket A15-2902
2026-02-10 13:03:37,151 | INFO | No defined transition for current status: In Progress for ticket A15-2902
2026-02-10 13:03:37,152 | INFO | No defined transition for current status: In Progress for ticket A15-2902
2026-02-10 13:03:37,153 | INFO | No defined transition for current status: In Progress for ticket A15-2902
2026-02-10 13:03:37,154 | INFO | No defined transition for current status: In Progress for ticket A15-2902
2026-02-10 13:03:37,154 | INFO | No defined transition for current status: In Progress for ticket A15-2902
2026-02-10 13:03:37,155 | INFO | No defined transition for current status: In Progress for ticket A15-2902
2026-02-10 13:03:37,155 | INFO | No defined transition for current status: In Progress for ticket A15-2902
2026-02-10 13:03:37,156 | INFO | No defined transition for current status: In Progress for ticket A15-2902
2026-02-10 13:03:37,157 | INFO | No defined transition for current status: In Progress for ticket A15-2902
2026-02-10 13:03:37,157 | INFO | No defined transition for current status: In Progress for ticket A15-2902
2026-02-10 13:03:37,158 | INFO | No defined transition for current status: In Progress for ticket A15-2902
2026-02-10 13:03:37,160 | INFO | No defined transition for current status: In Progress for ticket A15-2902
2026-02-10 13:03:37,160 | INFO | No defined transition for current status: In Progress for ticket A15-2902
2026-02-10 13:03:37,161 | INFO | No defined transition for current status: In Progress for ticket A15-2902
2026-02-10 13:03:37,161 | INFO | No defined transition for current status: In Progress for ticket A15-2902
2026-02-10 13:03:37,162 | INFO | No defined transition for current status: In Progress for ticket A15-2902
2026-02-10 13:03:37,163 | INFO | No defined transition for current status: In Progress for ticket A15-2902
2026-02-10 13:03:37,163 | INFO | No defined transition for current status: In Progress for ticket A15-2902
2026-02-10 13:03:37,164 | INFO | No defined transition for current status: In Progress for ticket A15-2902
2026-02-10 13:03:37,165 | INFO | No defined transition for current status: In Progress for ticket A15-2902
2026-02-10 13:03:37,165 | INFO | No defined transition for current status: In Progress for ticket A15-2902
2026-02-10 13:03:37,166 | INFO | No defined transition for current status: In Progress for ticket A15-2902
2026-02-10 13:03:37,167 | INFO | No defined transition for current status: In Progress for ticket A15-2902
2026-02-10 13:03:37,167 | INFO | No defined transition for current status: In Progress for ticket A15-2902
2026-02-10 13:03:37,168 | INFO | No defined transition for current status: In Progress for ticket A15-2902
2026-02-10 13:03:37,168 | INFO | No defined transition for current status: In Progress for ticket A15-2902
2026-02-10 13:03:37,169 | INFO | No defined transition for current status: In Progress for ticket A15-2902
2026-02-10 13:03:37,169 | INFO | No defined transition for current status: In Progress for ticket A15-2902
2026-02-10 13:03:37,170 | INFO | No defined transition for current status: In Progress for ticket A15-2902
2026-02-10 13:03:37,171 | INFO | No defined transition for current status: In Progress for ticket A15-2902
2026-02-10 13:03:37,171 | INFO | No defined transition for current status: In Progress for ticket A15-2902
2026-02-10 13:03:37,172 | INFO | No defined transition for current status: In Progress for ticket A15-2902
2026-02-10 13:03:37,173 | INFO | No defined transition for current status: In Progress for ticket A15-2902
2026-02-10 13:03:37,173 | INFO | No defined transition for current status: In Progress for ticket A15-2902
2026-02-10 13:03:37,174 | INFO | No defined transition for current status: In Progress for ticket A15-2902
2026-02-10 13:03:37,175 | INFO | No defined transition for current status: In Progress for ticket A15-2902
2026-02-10 13:03:37,176 | INFO | No defined transition for current status: In Progress for ticket A15-2902
2026-02-10 13:03:37,176 | INFO | No defined transition for current status: In Progress for ticket A15-2902
2026-02-10 13:03:37,177 | INFO | No defined transition for current status: In Progress for ticket A15-2902
2026-02-10 13:03:37,178 | INFO | No defined transition for current status: In Progress for ticket A15-2902
2026-02-10 13:03:37,179 | INFO | No defined transition for current status: In Progress for ticket A15-2902
2026-02-10 13:03:37,179 | INFO | No defined transition for current status: In Progress for ticket A15-2902
2026-02-10 13:03:37,180 | INFO | No defined transition for current status: In Progress for ticket A15-2902
2026-02-10 13:03:37,181 | INFO | No defined transition for current status: In Progress for ticket A15-2902
2026-02-10 13:03:37,181 | INFO | No defined transition for current status: In Progress for ticket A15-2902
2026-02-10 13:03:37,182 | INFO | No defined transition for current status: In Progress for ticket A15-2902
2026-02-10 13:03:37,182 | INFO | No defined transition for current status: In Progress for ticket A15-2902
2026-02-10 13:03:37,183 | INFO | No defined transition for current status: In Progress for ticket A15-2902
2026-02-10 13:03:37,184 | INFO | No defined transition for current status: In Progress for ticket A15-2902
2026-02-10 13:03:37,184 | INFO | No defined transition for current status: In Progress for ticket A15-2902
2026-02-10 13:03:37,185 | INFO | No defined transition for current status: In Progress for ticket A15-2902
2026-02-10 13:03:37,186 | INFO | No defined transition for current status: In Progress for ticket A15-2902
2026-02-10 13:03:37,186 | INFO | No defined transition for current status: In Progress for ticket A15-2902
2026-02-10 13:03:37,187 | INFO | No defined transition for current status: In Progress for ticket A15-2902
2026-02-10 13:03:37,187 | INFO | No defined transition for current status: In Progress for ticket A15-2902
2026-02-10 13:03:37,188 | INFO | No defined transition for current status: In Progress for ticket A15-2902
2026-02-10 13:03:37,188 | INFO | No defined transition for current status: In Progress for ticket A15-2902
2026-02-10 13:03:37,189 | INFO | No defined transition for current status: In Progress for ticket A15-2902
2026-02-10 13:03:37,190 | INFO | No defined transition for current status: In Progress for ticket A15-2902
2026-02-10 13:03:37,190 | INFO | No defined transition for current status: In Progress for ticket A15-2902
2026-02-10 13:03:37,191 | INFO | No defined transition for current status: In Progress for ticket A15-2902
2026-02-10 13:03:37,192 | INFO | No defined transition for current status: In Progress for ticket A15-2902
2026-02-10 13:03:37,192 | INFO | No defined transition for current status: In Progress for ticket A15-2902
2026-02-10 13:03:37,193 | INFO | No defined transition for current status: In Progress for ticket A15-2902
2026-02-10 13:03:37,194 | INFO | No defined transition for current status: In Progress for ticket A15-2902
2026-02-10 13:03:37,194 | INFO | No defined transition for current status: In Progress for ticket A15-2902
2026-02-10 13:03:37,196 | INFO | No defined transition for current status: In Progress for ticket A15-2902
2026-02-10 13:03:37,196 | INFO | No defined transition for current status: In Progress for ticket A15-2902
2026-02-10 13:03:37,196 | INFO | No defined transition for current status: In Progress for ticket A15-2902
2026-02-10 13:03:37,197 | INFO | No defined transition for current status: In Progress for ticket A15-2902
2026-02-10 13:03:37,198 | INFO | No defined transition for current status: In Progress for ticket A15-2902
2026-02-10 13:03:37,198 | INFO | No defined transition for current status: In Progress for ticket A15-2902
2026-02-10 13:03:37,199 | INFO | No defined transition for current status: In Progress for ticket A15-2902
2026-02-10 13:03:37,200 | INFO | No defined transition for current status: In Progress for ticket A15-2902
2026-02-10 13:03:37,200 | INFO | No defined transition for current status: In Progress for ticket A15-2902
2026-02-10 13:03:37,201 | INFO | No defined transition for current status: In Progress for ticket A15-2902
2026-02-10 13:03:37,202 | INFO | No defined transition for current status: In Progress for ticket A15-2902
2026-02-10 13:03:37,203 | INFO | No defined transition for current status: In Progress for ticket A15-2902
2026-02-10 13:03:37,203 | INFO | No defined transition for current status: In Progress for ticket A15-2902
2026-02-10 13:03:37,204 | INFO | No defined transition for current status: In Progress for ticket A15-2902
2026-02-10 13:03:37,205 | INFO | No defined transition for current status: In Progress for ticket A15-2902
2026-02-10 13:03:37,206 | INFO | No defined transition for current status: In Progress for ticket A15-2902
2026-02-10 13:03:37,206 | INFO | No defined transition for current status: In Progress for ticket A15-2902
2026-02-10 13:03:37,207 | INFO | No defined transition for current status: In Progress for ticket A15-2902
2026-02-10 13:03:37,208 | INFO | No defined transition for current status: In Progress for ticket A15-2902
2026-02-10 13:03:37,208 | INFO | No defined transition for current status: In Progress for ticket A15-2902
2026-02-10 13:03:37,209 | INFO | No defined transition for current status: In Progress for ticket A15-2902
2026-02-10 13:03:37,210 | INFO | No defined transition for current status: In Progress for ticket A15-2902
2026-02-10 13:03:37,211 | INFO | No defined transition for current status: In Progress for ticket A15-2902
2026-02-10 13:03:37,211 | INFO | No defined transition for current status: In Progress for ticket A15-2902
2026-02-10 13:03:37,213 | INFO | No defined transition for current status: In Progress for ticket A15-2902
2026-02-10 13:03:37,214 | INFO | No defined transition for current status: In Progress for ticket A15-2902
2026-02-10 13:03:37,214 | INFO | No defined transition for current status: In Progress for ticket A15-2902
2026-02-10 13:03:37,214 | INFO | No defined transition for current status: In Progress for ticket A15-2902
2026-02-10 13:03:37,215 | INFO | No defined transition for current status: In Progress for ticket A15-2902
2026-02-10 13:03:37,216 | INFO | No defined transition for current status: In Progress for ticket A15-2902
2026-02-10 13:03:37,216 | INFO | No defined transition for current status: In Progress for ticket A15-2902
2026-02-10 13:03:37,217 | INFO | No defined transition for current status: In Progress for ticket A15-2902
2026-02-10 13:03:37,218 | INFO | No defined transition for current status: In Progress for ticket A15-2902
2026-02-10 13:03:37,219 | INFO | No defined transition for current status: In Progress for ticket A15-2902
2026-02-10 13:03:37,219 | INFO | No defined transition for current status: In Progress for ticket A15-2902
2026-02-10 13:03:37,220 | INFO | No defined transition for current status: In Progress for ticket A15-2902
2026-02-10 13:03:37,221 | INFO | No defined transition for current status: In Progress for ticket A15-2902
2026-02-10 13:03:37,222 | INFO | No defined transition for current status: In Progress for ticket A15-2902
2026-02-10 13:03:37,222 | INFO | No defined transition for current status: In Progress for ticket A15-2902
2026-02-10 13:03:37,223 | INFO | No defined transition for current status: In Progress for ticket A15-2902
2026-02-10 13:03:37,224 | INFO | No defined transition for current status: In Progress for ticket A15-2902
2026-02-10 13:03:37,225 | INFO | No defined transition for current status: In Progress for ticket A15-2902
2026-02-10 13:03:37,225 | INFO | No defined transition for current status: In Progress for ticket A15-2902
2026-02-10 13:03:37,226 | INFO | No defined transition for current status: In Progress for ticket A15-2902
2026-02-10 13:03:37,227 | INFO | No defined transition for current status: In Progress for ticket A15-2902
2026-02-10 13:03:37,228 | INFO | No defined transition for current status: In Progress for ticket A15-2902
2026-02-10 13:03:37,228 | INFO | No defined transition for current status: In Progress for ticket A15-2902
2026-02-10 13:03:37,229 | INFO | No defined transition for current status: In Progress for ticket A15-2902
2026-02-10 13:03:37,230 | INFO | No defined transition for current status: In Progress for ticket A15-2902
2026-02-10 13:03:37,230 | INFO | No defined transition for current status: In Progress for ticket A15-2902
2026-02-10 13:03:37,231 | INFO | No defined transition for current status: In Progress for ticket A15-2902
2026-02-10 13:03:37,232 | INFO | No defined transition for current status: In Progress for ticket A15-2902
2026-02-10 13:03:37,233 | INFO | No defined transition for current status: In Progress for ticket A15-2902
2026-02-10 13:03:37,233 | INFO | No defined transition for current status: In Progress for ticket A15-2902
2026-02-10 13:03:37,234 | INFO | No defined transition for current status: In Progress for ticket A15-2902
2026-02-10 13:03:37,235 | INFO | No defined transition for current status: In Progress for ticket A15-2902
2026-02-10 13:03:37,236 | INFO | No defined transition for current status: In Progress for ticket A15-2902
2026-02-10 13:03:37,236 | INFO | No defined transition for current status: In Progress for ticket A15-2902
2026-02-10 13:03:37,237 | INFO | No defined transition for current status: In Progress for ticket A15-2902
2026-02-10 13:03:37,238 | INFO | No defined transition for current status: In Progress for ticket A15-2902
2026-02-10 13:03:37,238 | INFO | No defined transition for current status: In Progress for ticket A15-2902
2026-02-10 13:03:37,239 | INFO | No defined transition for current status: In Progress for ticket A15-2902
2026-02-10 13:03:37,240 | INFO | No defined transition for current status: In Progress for ticket A15-2902
2026-02-10 13:03:37,240 | INFO | No defined transition for current status: In Progress for ticket A15-2902
2026-02-10 13:03:37,241 | INFO | No defined transition for current status: In Progress for ticket A15-2902
2026-02-10 13:03:37,242 | INFO | No defined transition for current status: In Progress for ticket A15-2902
2026-02-10 13:03:37,242 | INFO | No defined transition for current status: In Progress for ticket A15-2902
2026-02-10 13:03:37,243 | INFO | No defined transition for current status: In Progress for ticket A15-2902
2026-02-10 13:03:37,244 | INFO | No defined transition for current status: In Progress for ticket A15-2902
2026-02-10 13:03:37,244 | INFO | No defined transition for current status: In Progress for ticket A15-2902
2026-02-10 13:03:37,246 | INFO | No defined transition for current status: In Progress for ticket A15-2902
2026-02-10 13:03:37,246 | INFO | No defined transition for current status: In Progress for ticket A15-2902
2026-02-10 13:03:37,247 | INFO | No defined transition for current status: In Progress for ticket A15-2902
2026-02-10 13:03:37,247 | INFO | No defined transition for current status: In Progress for ticket A15-2902
2026-02-10 13:03:37,248 | INFO | No defined transition for current status: In Progress for ticket A15-2902
2026-02-10 13:03:37,249 | INFO | No defined transition for current status: In Progress for ticket A15-2902
2026-02-10 13:03:37,250 | INFO | No defined transition for current status: In Progress for ticket A15-2902
2026-02-10 13:03:37,251 | INFO | No defined transition for current status: In Progress for ticket A15-2902
2026-02-10 13:03:37,252 | INFO | No defined transition for current status: In Progress for ticket A15-2902
2026-02-10 13:03:37,252 | INFO | No defined transition for current status: In Progress for ticket A15-2902
2026-02-10 13:03:37,253 | INFO | No defined transition for current status: In Progress for ticket A15-2902
2026-02-10 13:03:37,254 | INFO | No defined transition for current status: In Progress for ticket A15-2902
2026-02-10 13:03:37,254 | INFO | No defined transition for current status: In Progress for ticket A15-2902
2026-02-10 13:03:37,255 | INFO | No defined transition for current status: In Progress for ticket A15-2902
2026-02-10 13:03:37,256 | INFO | No defined transition for current status: In Progress for ticket A15-2902
2026-02-10 13:03:37,257 | INFO | No defined transition for current status: In Progress for ticket A15-2902
2026-02-10 13:03:37,258 | INFO | No defined transition for current status: In Progress for ticket A15-2902
2026-02-10 13:03:37,259 | INFO | No defined transition for current status: In Progress for ticket A15-2902
2026-02-10 13:03:37,259 | INFO | No defined transition for current status: In Progress for ticket A15-2902
2026-02-10 13:03:37,260 | INFO | No defined transition for current status: In Progress for ticket A15-2902
2026-02-10 13:03:37,261 | INFO | No defined transition for current status: In Progress for ticket A15-2902
2026-02-10 13:03:37,262 | INFO | No defined transition for current status: In Progress for ticket A15-2902
2026-02-10 13:03:37,262 | INFO | No defined transition for current status: In Progress for ticket A15-2902
2026-02-10 13:03:37,263 | INFO | No defined transition for current status: In Progress for ticket A15-2902
2026-02-10 13:03:37,264 | INFO | No defined transition for current status: In Progress for ticket A15-2902
2026-02-10 13:03:37,265 | INFO | No defined transition for current status: In Progress for ticket A15-2902
2026-02-10 13:03:37,265 | INFO | No defined transition for current status: In Progress for ticket A15-2902
2026-02-10 13:03:37,266 | INFO | No defined transition for current status: In Progress for ticket A15-2902
2026-02-10 13:03:37,267 | INFO | No defined transition for current status: In Progress for ticket A15-2902
2026-02-10 13:03:37,267 | INFO | No defined transition for current status: In Progress for ticket A15-2902
2026-02-10 13:03:37,268 | INFO | No defined transition for current status: In Progress for ticket A15-2902
2026-02-10 13:03:37,269 | INFO | No defined transition for current status: In Progress for ticket A15-2902
2026-02-10 13:03:37,269 | INFO | No defined transition for current status: In Progress for ticket A15-2902
2026-02-10 13:03:37,270 | INFO | No defined transition for current status: In Progress for ticket A15-2902
2026-02-10 13:03:37,271 | INFO | No defined transition for current status: In Progress for ticket A15-2902
2026-02-10 13:03:37,272 | INFO | No defined transition for current status: In Progress for ticket A15-2902
2026-02-10 13:03:37,272 | INFO | No defined transition for current status: In Progress for ticket A15-2902
2026-02-10 13:03:37,273 | INFO | No defined transition for current status: In Progress for ticket A15-2902
2026-02-10 13:03:37,274 | INFO | No defined transition for current status: In Progress for ticket A15-2902
2026-02-10 13:03:37,274 | INFO | No defined transition for current status: In Progress for ticket A15-2902
2026-02-10 13:03:37,275 | INFO | No defined transition for current status: In Progress for ticket A15-2902
2026-02-10 13:03:37,276 | INFO | No defined transition for current status: In Progress for ticket A15-2902
2026-02-10 13:03:37,276 | INFO | No defined transition for current status: In Progress for ticket A15-2902
2026-02-10 13:03:37,277 | INFO | No defined transition for current status: In Progress for ticket A15-2902
2026-02-10 13:03:37,277 | INFO | No defined transition for current status: In Progress for ticket A15-2902
2026-02-10 13:03:37,278 | INFO | No defined transition for current status: In Progress for ticket A15-2902
2026-02-10 13:03:37,279 | INFO | No defined transition for current status: In Progress for ticket A15-2902
2026-02-10 13:03:37,279 | INFO | No defined transition for current status: In Progress for ticket A15-2902
2026-02-10 13:03:37,280 | INFO | No defined transition for current status: In Progress for ticket A15-2902
2026-02-10 13:03:37,281 | INFO | No defined transition for current status: In Progress for ticket A15-2902
2026-02-10 13:03:37,282 | INFO | No defined transition for current status: In Progress for ticket A15-2902
2026-02-10 13:03:37,282 | INFO | No defined transition for current status: In Progress for ticket A15-2902
2026-02-10 13:03:37,283 | INFO | No defined transition for current status: In Progress for ticket A15-2902
2026-02-10 13:03:37,284 | INFO | No defined transition for current status: In Progress for ticket A15-2902
2026-02-10 13:03:37,284 | INFO | No defined transition for current status: In Progress for ticket A15-2902
2026-02-10 13:03:37,285 | INFO | No defined transition for current status: In Progress for ticket A15-2902
2026-02-10 13:03:37,286 | INFO | No defined transition for current status: In Progress for ticket A15-2902
2026-02-10 13:03:37,286 | INFO | No defined transition for current status: In Progress for ticket A15-2902
2026-02-10 13:03:37,287 | INFO | No defined transition for current status: In Progress for ticket A15-2902
2026-02-10 13:03:37,288 | INFO | No defined transition for current status: In Progress for ticket A15-2902
2026-02-10 13:03:37,289 | INFO | No defined transition for current status: In Progress for ticket A15-2902
2026-02-10 13:03:37,290 | INFO | No defined transition for current status: In Progress for ticket A15-2902
2026-02-10 13:03:37,290 | INFO | No defined transition for current status: In Progress for ticket A15-2902
2026-02-10 13:03:37,291 | INFO | No defined transition for current status: In Progress for ticket A15-2902
2026-02-10 13:03:37,292 | INFO | No defined transition for current status: In Progress for ticket A15-2902
2026-02-10 13:03:37,292 | INFO | No defined transition for current status: In Progress for ticket A15-2902
2026-02-10 13:03:37,293 | INFO | No defined transition for current status: In Progress for ticket A15-2902
2026-02-10 13:03:37,293 | INFO | No defined transition for current status: In Progress for ticket A15-2902
2026-02-10 13:03:37,294 | INFO | No defined transition for current status: In Progress for ticket A15-2902
2026-02-10 13:03:37,295 | INFO | No defined transition for current status: In Progress for ticket A15-2902
2026-02-10 13:03:37,295 | INFO | No defined transition for current status: In Progress for ticket A15-2902
2026-02-10 13:03:37,296 | INFO | No defined transition for current status: In Progress for ticket A15-2902
2026-02-10 13:03:37,297 | INFO | No defined transition for current status: In Progress for ticket A15-2902
2026-02-10 13:03:37,297 | INFO | No defined transition for current status: In Progress for ticket A15-2902
2026-02-10 13:03:37,298 | INFO | No defined transition for current status: In Progress for ticket A15-2902
2026-02-10 13:03:37,298 | INFO | No defined transition for current status: In Progress for ticket A15-2902
2026-02-10 13:03:37,299 | INFO | No defined transition for current status: In Progress for ticket A15-2902
2026-02-10 13:03:37,299 | INFO | No defined transition for current status: In Progress for ticket A15-2902
2026-02-10 13:03:37,300 | INFO | No defined transition for current status: In Progress for ticket A15-2902
2026-02-10 13:03:37,300 | INFO | No defined transition for current status: In Progress for ticket A15-2902
2026-02-10 13:03:37,301 | INFO | No defined transition for current status: In Progress for ticket A15-2902
2026-02-10 13:03:37,301 | INFO | No defined transition for current status: In Progress for ticket A15-2902
2026-02-10 13:03:37,302 | INFO | No defined transition for current status: In Progress for ticket A15-2902
2026-02-10 13:03:37,302 | INFO | No defined transition for current status: In Progress for ticket A15-2902
2026-02-10 13:03:37,303 | INFO | No defined transition for current status: In Progress for ticket A15-2902
2026-02-10 13:03:37,304 | INFO | No defined transition for current status: In Progress for ticket A15-2902
2026-02-10 13:03:37,304 | INFO | No defined transition for current status: In Progress for ticket A15-2902
2026-02-10 13:03:37,305 | INFO | No defined transition for current status: In Progress for ticket A15-2902
2026-02-10 13:03:37,305 | INFO | No defined transition for current status: In Progress for ticket A15-2902
2026-02-10 13:03:37,306 | INFO | No defined transition for current status: In Progress for ticket A15-2902
2026-02-10 13:03:37,306 | INFO | No defined transition for current status: In Progress for ticket A15-2902
2026-02-10 13:03:37,307 | INFO | No defined transition for current status: In Progress for ticket A15-2902
2026-02-10 13:03:37,307 | INFO | No defined transition for current status: In Progress for ticket A15-2902
2026-02-10 13:03:37,308 | INFO | No defined transition for current status: In Progress for ticket A15-2902
2026-02-10 13:03:37,308 | INFO | No defined transition for current status: In Progress for ticket A15-2902
2026-02-10 13:03:37,309 | INFO | No defined transition for current status: In Progress for ticket A15-2902
2026-02-10 13:03:37,309 | INFO | No defined transition for current status: In Progress for ticket A15-2902
2026-02-10 13:03:37,310 | INFO | No defined transition for current status: In Progress for ticket A15-2902
2026-02-10 13:03:37,310 | INFO | No defined transition for current status: In Progress for ticket A15-2902
2026-02-10 13:03:37,311 | INFO | No defined transition for current status: In Progress for ticket A15-2902
2026-02-10 13:03:37,311 | INFO | No defined transition for current status: In Progress for ticket A15-2902
2026-02-10 13:03:37,312 | INFO | No defined transition for current status: In Progress for ticket A15-2902
2026-02-10 13:03:37,313 | INFO | No defined transition for current status: In Progress for ticket A15-2902
2026-02-10 13:03:37,313 | INFO | No defined transition for current status: In Progress for ticket A15-2902
2026-02-10 13:03:37,314 | INFO | No defined transition for current status: In Progress for ticket A15-2902
2026-02-10 13:03:37,315 | INFO | No defined transition for current status: In Progress for ticket A15-2902
2026-02-10 13:03:37,315 | INFO | No defined transition for current status: In Progress for ticket A15-2902
2026-02-10 13:03:37,316 | INFO | No defined transition for current status: In Progress for ticket A15-2902
2026-02-10 13:03:37,316 | INFO | No defined transition for current status: In Progress for ticket A15-2902
2026-02-10 13:03:37,317 | INFO | No defined transition for current status: In Progress for ticket A15-2902
2026-02-10 13:03:37,318 | INFO | No defined transition for current status: In Progress for ticket A15-2902
2026-02-10 13:03:37,318 | INFO | No defined transition for current status: In Progress for ticket A15-2902
2026-02-10 13:03:37,319 | INFO | No defined transition for current status: In Progress for ticket A15-2902
2026-02-10 13:03:37,320 | INFO | No defined transition for current status: In Progress for ticket A15-2902
2026-02-10 13:03:37,320 | INFO | No defined transition for current status: In Progress for ticket A15-2902
2026-02-10 13:03:37,321 | INFO | No defined transition for current status: In Progress for ticket A15-2902
2026-02-10 13:03:37,322 | INFO | No defined transition for current status: In Progress for ticket A15-2902
2026-02-10 13:03:37,322 | INFO | No defined transition for current status: In Progress for ticket A15-2902
2026-02-10 13:03:37,323 | INFO | No defined transition for current status: In Progress for ticket A15-2902
2026-02-10 13:03:37,323 | INFO | No defined transition for current status: In Progress for ticket A15-2902
2026-02-10 13:03:37,324 | INFO | No defined transition for current status: In Progress for ticket A15-2902
2026-02-10 13:03:37,325 | INFO | No defined transition for current status: In Progress for ticket A15-2902
2026-02-10 13:03:37,325 | INFO | No defined transition for current status: In Progress for ticket A15-2902
2026-02-10 13:03:37,326 | INFO | No defined transition for current status: In Progress for ticket A15-2902
2026-02-10 13:03:37,327 | INFO | No defined transition for current status: In Progress for ticket A15-2902
2026-02-10 13:03:37,327 | INFO | No defined transition for current status: In Progress for ticket A15-2902
2026-02-10 13:03:37,328 | INFO | No defined transition for current status: In Progress for ticket A15-2902
2026-02-10 13:03:37,329 | INFO | No defined transition for current status: In Progress for ticket A15-2902
2026-02-10 13:03:37,329 | INFO | No defined transition for current status: In Progress for ticket A15-2902
2026-02-10 13:03:37,330 | INFO | No defined transition for current status: In Progress for ticket A15-2902
2026-02-10 13:03:37,330 | INFO | No defined transition for current status: In Progress for ticket A15-2902
2026-02-10 13:03:37,331 | INFO | No defined transition for current status: In Progress for ticket A15-2902
2026-02-10 13:03:37,332 | INFO | No defined transition for current status: In Progress for ticket A15-2902
2026-02-10 13:03:37,332 | INFO | No defined transition for current status: In Progress for ticket A15-2902
2026-02-10 13:03:37,333 | INFO | No defined transition for current status: In Progress for ticket A15-2902
2026-02-10 13:03:37,334 | INFO | No defined transition for current status: In Progress for ticket A15-2902
2026-02-10 13:03:37,335 | INFO | No defined transition for current status: In Progress for ticket A15-2902
2026-02-10 13:03:37,335 | INFO | No defined transition for current status: In Progress for ticket A15-2902
2026-02-10 13:03:37,336 | INFO | No defined transition for current status: In Progress for ticket A15-2902
2026-02-10 13:03:37,336 | INFO | No defined transition for current status: In Progress for ticket A15-2902
2026-02-10 13:03:37,337 | INFO | No defined transition for current status: In Progress for ticket A15-2902
2026-02-10 13:03:37,338 | INFO | No defined transition for current status: In Progress for ticket A15-2902
2026-02-10 13:03:37,338 | INFO | No defined transition for current status: In Progress for ticket A15-2902
2026-02-10 13:03:37,339 | INFO | No defined transition for current status: In Progress for ticket A15-2902
2026-02-10 13:03:37,339 | INFO | No defined transition for current status: In Progress for ticket A15-2902
2026-02-10 13:03:37,340 | INFO | No defined transition for current status: In Progress for ticket A15-2902
2026-02-10 13:03:37,340 | INFO | No defined transition for current status: In Progress for ticket A15-2902
2026-02-10 13:03:37,340 | INFO | No defined transition for current status: In Progress for ticket A15-2902
2026-02-10 13:03:37,341 | INFO | No defined transition for current status: In Progress for ticket A15-2902
2026-02-10 13:03:37,341 | INFO | No defined transition for current status: In Progress for ticket A15-2902
2026-02-10 13:03:37,342 | INFO | No defined transition for current status: In Progress for ticket A15-2902
2026-02-10 13:03:37,342 | INFO | No defined transition for current status: In Progress for ticket A15-2902
2026-02-10 13:03:37,343 | INFO | No defined transition for current status: In Progress for ticket A15-2902
2026-02-10 13:03:37,343 | INFO | No defined transition for current status: In Progress for ticket A15-2902
2026-02-10 13:03:37,344 | INFO | No defined transition for current status: In Progress for ticket A15-2902
2026-02-10 13:03:37,345 | INFO | No defined transition for current status: In Progress for ticket A15-2902
2026-02-10 13:03:37,345 | INFO | No defined transition for current status: In Progress for ticket A15-2902
2026-02-10 13:03:37,346 | INFO | No defined transition for current status: In Progress for ticket A15-2902
2026-02-10 13:03:37,347 | INFO | No defined transition for current status: In Progress for ticket A15-2902
2026-02-10 13:03:37,348 | INFO | No defined transition for current status: In Progress for ticket A15-2902
2026-02-10 13:03:37,348 | INFO | No defined transition for current status: In Progress for ticket A15-2902
2026-02-10 13:03:37,349 | INFO | No defined transition for current status: In Progress for ticket A15-2902
2026-02-10 13:03:37,350 | INFO | No defined transition for current status: In Progress for ticket A15-2902
2026-02-10 13:03:37,350 | INFO | No defined transition for current status: In Progress for ticket A15-2902
2026-02-10 13:03:37,351 | INFO | No defined transition for current status: In Progress for ticket A15-2902
2026-02-10 13:03:37,352 | INFO | No defined transition for current status: In Progress for ticket A15-2902
2026-02-10 13:03:37,352 | INFO | No defined transition for current status: In Progress for ticket A15-2902
2026-02-10 13:03:37,353 | INFO | No defined transition for current status: In Progress for ticket A15-2902
2026-02-10 13:03:37,354 | INFO | No defined transition for current status: In Progress for ticket A15-2902
2026-02-10 13:03:37,354 | INFO | No defined transition for current status: In Progress for ticket A15-2902
2026-02-10 13:03:37,355 | INFO | No defined transition for current status: In Progress for ticket A15-2902
2026-02-10 13:03:37,356 | INFO | No defined transition for current status: In Progress for ticket A15-2902
2026-02-10 13:03:37,356 | INFO | No defined transition for current status: In Progress for ticket A15-2902
2026-02-10 13:03:37,357 | INFO | No defined transition for current status: In Progress for ticket A15-2902
2026-02-10 13:03:37,357 | INFO | No defined transition for current status: In Progress for ticket A15-2902
2026-02-10 13:03:37,358 | INFO | No defined transition for current status: In Progress for ticket A15-2902
2026-02-10 13:03:37,358 | INFO | No defined transition for current status: In Progress for ticket A15-2902
2026-02-10 13:03:37,359 | INFO | No defined transition for current status: In Progress for ticket A15-2902
2026-02-10 13:03:37,360 | INFO | No defined transition for current status: In Progress for ticket A15-2902
2026-02-10 13:03:37,361 | INFO | No defined transition for current status: In Progress for ticket A15-2902
2026-02-10 13:03:37,361 | INFO | No defined transition for current status: In Progress for ticket A15-2902
2026-02-10 13:03:37,362 | INFO | No defined transition for current status: In Progress for ticket A15-2902
2026-02-10 13:03:37,362 | INFO | No defined transition for current status: In Progress for ticket A15-2902
2026-02-10 13:03:37,363 | INFO | No defined transition for current status: In Progress for ticket A15-2902
2026-02-10 13:03:37,363 | INFO | No defined transition for current status: In Progress for ticket A15-2902
2026-02-10 13:03:37,364 | INFO | No defined transition for current status: In Progress for ticket A15-2902
2026-02-10 13:03:37,365 | INFO | No defined transition for current status: In Progress for ticket A15-2902
2026-02-10 13:03:37,365 | INFO | No defined transition for current status: In Progress for ticket A15-2902
2026-02-10 13:03:37,366 | INFO | No defined transition for current status: In Progress for ticket A15-2902
2026-02-10 13:03:37,367 | INFO | No defined transition for current status: In Progress for ticket A15-2902
2026-02-10 13:03:37,367 | INFO | No defined transition for current status: In Progress for ticket A15-2902
2026-02-10 13:03:37,368 | INFO | No defined transition for current status: In Progress for ticket A15-2902
2026-02-10 13:03:37,368 | INFO | No defined transition for current status: In Progress for ticket A15-2902
2026-02-10 13:03:37,369 | INFO | No defined transition for current status: In Progress for ticket A15-2902
2026-02-10 13:03:37,370 | INFO | No defined transition for current status: In Progress for ticket A15-2902
2026-02-10 13:03:37,370 | INFO | No defined transition for current status: In Progress for ticket A15-2902
2026-02-10 13:03:37,371 | INFO | No defined transition for current status: In Progress for ticket A15-2902
2026-02-10 13:03:37,372 | INFO | No defined transition for current status: In Progress for ticket A15-2902
2026-02-10 13:03:37,372 | INFO | No defined transition for current status: In Progress for ticket A15-2902
2026-02-10 13:03:37,373 | INFO | No defined transition for current status: In Progress for ticket A15-2902
2026-02-10 13:03:37,374 | INFO | No defined transition for current status: In Progress for ticket A15-2902
2026-02-10 13:03:37,374 | INFO | No defined transition for current status: In Progress for ticket A15-2902
2026-02-10 13:03:37,375 | INFO | No defined transition for current status: In Progress for ticket A15-2902
2026-02-10 13:03:37,376 | INFO | No defined transition for current status: In Progress for ticket A15-2902
2026-02-10 13:03:37,377 | INFO | No defined transition for current status: In Progress for ticket A15-2902
2026-02-10 13:03:37,377 | INFO | No defined transition for current status: In Progress for ticket A15-2902
2026-02-10 13:03:37,378 | INFO | No defined transition for current status: In Progress for ticket A15-2902
2026-02-10 13:03:37,378 | INFO | No defined transition for current status: In Progress for ticket A15-2902
2026-02-10 13:03:37,379 | INFO | No defined transition for current status: In Progress for ticket A15-2902
2026-02-10 13:03:37,380 | INFO | No defined transition for current status: In Progress for ticket A15-2902
2026-02-10 13:03:37,381 | INFO | No defined transition for current status: In Progress for ticket A15-2902
2026-02-10 13:03:37,381 | INFO | No defined transition for current status: In Progress for ticket A15-2902
2026-02-10 13:03:37,382 | INFO | No defined transition for current status: In Progress for ticket A15-2902
2026-02-10 13:03:37,382 | INFO | No defined transition for current status: In Progress for ticket A15-2902
2026-02-10 13:03:37,383 | INFO | No defined transition for current status: In Progress for ticket A15-2902
2026-02-10 13:03:37,383 | INFO | No defined transition for current status: In Progress for ticket A15-2902
2026-02-10 13:03:37,384 | INFO | No defined transition for current status: In Progress for ticket A15-2902
2026-02-10 13:03:37,384 | INFO | No defined transition for current status: In Progress for ticket A15-2902
2026-02-10 13:03:37,385 | INFO | No defined transition for current status: In Progress for ticket A15-2902
2026-02-10 13:03:37,386 | INFO | No defined transition for current status: In Progress for ticket A15-2902
2026-02-10 13:03:37,386 | INFO | No defined transition for current status: In Progress for ticket A15-2902
2026-02-10 13:03:37,387 | INFO | No defined transition for current status: In Progress for ticket A15-2902
2026-02-10 13:03:37,387 | INFO | No defined transition for current status: In Progress for ticket A15-2902
2026-02-10 13:03:37,388 | INFO | No defined transition for current status: In Progress for ticket A15-2902
2026-02-10 13:03:37,389 | INFO | No defined transition for current status: In Progress for ticket A15-2902
2026-02-10 13:03:37,389 | INFO | No defined transition for current status: In Progress for ticket A15-2902
2026-02-10 13:03:37,390 | INFO | No defined transition for current status: In Progress for ticket A15-2902
2026-02-10 13:03:37,390 | INFO | No defined transition for current status: In Progress for ticket A15-2902
2026-02-10 13:03:37,391 | INFO | No defined transition for current status: In Progress for ticket A15-2902
2026-02-10 13:03:37,391 | INFO | No defined transition for current status: In Progress for ticket A15-2902
2026-02-10 13:03:37,392 | INFO | No defined transition for current status: In Progress for ticket A15-2902
2026-02-10 13:03:37,393 | INFO | No defined transition for current status: In Progress for ticket A15-2902
2026-02-10 13:03:37,393 | INFO | No defined transition for current status: In Progress for ticket A15-2902
2026-02-10 13:03:37,394 | INFO | No defined transition for current status: In Progress for ticket A15-2902
2026-02-10 13:03:37,395 | INFO | No defined transition for current status: In Progress for ticket A15-2902
2026-02-10 13:03:37,395 | INFO | No defined transition for current status: In Progress for ticket A15-2902
2026-02-10 13:03:37,396 | INFO | No defined transition for current status: In Progress for ticket A15-2902
2026-02-10 13:03:37,397 | INFO | No defined transition for current status: In Progress for ticket A15-2902
2026-02-10 13:03:37,397 | INFO | No defined transition for current status: In Progress for ticket A15-2902
2026-02-10 13:03:37,398 | INFO | No defined transition for current status: In Progress for ticket A15-2902
2026-02-10 13:03:37,398 | INFO | No defined transition for current status: In Progress for ticket A15-2902
2026-02-10 13:03:37,399 | INFO | No defined transition for current status: In Progress for ticket A15-2902
2026-02-10 13:03:37,400 | INFO | No defined transition for current status: In Progress for ticket A15-2902
2026-02-10 13:03:37,400 | INFO | No defined transition for current status: In Progress for ticket A15-2902
2026-02-10 13:03:37,401 | INFO | No defined transition for current status: In Progress for ticket A15-2902
2026-02-10 13:03:37,402 | INFO | No defined transition for current status: In Progress for ticket A15-2902
2026-02-10 13:03:37,402 | INFO | No defined transition for current status: In Progress for ticket A15-2902
2026-02-10 13:03:37,403 | INFO | No defined transition for current status: In Progress for ticket A15-2902
2026-02-10 13:03:37,404 | INFO | No defined transition for current status: In Progress for ticket A15-2902
2026-02-10 13:03:37,404 | INFO | No defined transition for current status: In Progress for ticket A15-2902
2026-02-10 13:03:37,405 | INFO | No defined transition for current status: In Progress for ticket A15-2902
2026-02-10 13:03:37,406 | INFO | No defined transition for current status: In Progress for ticket A15-2902
2026-02-10 13:03:37,417 | INFO | No defined transition for current status: In Progress for ticket A15-2902
2026-02-10 13:03:37,417 | INFO | No defined transition for current status: In Progress for ticket A15-2902
2026-02-10 13:03:37,418 | INFO | No defined transition for current status: In Progress for ticket A15-2902
2026-02-10 13:03:37,419 | INFO | No defined transition for current status: In Progress for ticket A15-2902
2026-02-10 13:03:37,419 | INFO | No defined transition for current status: In Progress for ticket A15-2902
2026-02-10 13:03:37,420 | INFO | No defined transition for current status: In Progress for ticket A15-2902
2026-02-10 13:03:37,421 | INFO | No defined transition for current status: In Progress for ticket A15-2902
2026-02-10 13:03:37,421 | INFO | No defined transition for current status: In Progress for ticket A15-2902
2026-02-10 13:03:37,422 | INFO | No defined transition for current status: In Progress for ticket A15-2902
2026-02-10 13:03:37,423 | INFO | No defined transition for current status: In Progress for ticket A15-2902
2026-02-10 13:03:37,424 | INFO | No defined transition for current status: In Progress for ticket A15-2902
2026-02-10 13:03:37,424 | INFO | No defined transition for current status: In Progress for ticket A15-2902
2026-02-10 13:03:37,425 | INFO | No defined transition for current status: In Progress for ticket A15-2902
2026-02-10 13:03:37,426 | INFO | No defined transition for current status: In Progress for ticket A15-2902
2026-02-10 13:03:37,428 | INFO | No defined transition for current status: In Progress for ticket A15-2902
2026-02-10 13:03:37,429 | INFO | No defined transition for current status: In Progress for ticket A15-2902
2026-02-10 13:03:37,429 | INFO | No defined transition for current status: In Progress for ticket A15-2902
2026-02-10 13:03:37,430 | INFO | No defined transition for current status: In Progress for ticket A15-2902
2026-02-10 13:03:37,431 | INFO | No defined transition for current status: In Progress for ticket A15-2902
2026-02-10 13:03:37,432 | INFO | No defined transition for current status: In Progress for ticket A15-2902
2026-02-10 13:03:37,432 | INFO | No defined transition for current status: In Progress for ticket A15-2902
2026-02-10 13:03:37,433 | INFO | No defined transition for current status: In Progress for ticket A15-2902
2026-02-10 13:03:37,434 | INFO | No defined transition for current status: In Progress for ticket A15-2902
2026-02-10 13:03:37,434 | INFO | No defined transition for current status: In Progress for ticket A15-2902
2026-02-10 13:03:37,435 | INFO | No defined transition for current status: In Progress for ticket A15-2902
2026-02-10 13:03:37,436 | INFO | No defined transition for current status: In Progress for ticket A15-2902
2026-02-10 13:03:37,436 | INFO | No defined transition for current status: In Progress for ticket A15-2902
2026-02-10 13:03:37,438 | INFO | No defined transition for current status: In Progress for ticket A15-2902
2026-02-10 13:03:37,439 | INFO | No defined transition for current status: In Progress for ticket A15-2902
2026-02-10 13:03:37,440 | INFO | No defined transition for current status: In Progress for ticket A15-2902
2026-02-10 13:03:37,440 | INFO | No defined transition for current status: In Progress for ticket A15-2902
2026-02-10 13:03:37,441 | INFO | No defined transition for current status: In Progress for ticket A15-2902
2026-02-10 13:03:37,442 | INFO | No defined transition for current status: In Progress for ticket A15-2902
2026-02-10 13:03:37,443 | INFO | No defined transition for current status: In Progress for ticket A15-2902
2026-02-10 13:03:37,444 | INFO | No defined transition for current status: In Progress for ticket A15-2902
2026-02-10 13:03:37,445 | INFO | No defined transition for current status: In Progress for ticket A15-2902
2026-02-10 13:03:37,446 | INFO | No defined transition for current status: In Progress for ticket A15-2902
2026-02-10 13:03:37,447 | INFO | No defined transition for current status: In Progress for ticket A15-2902
2026-02-10 13:03:37,448 | INFO | No defined transition for current status: In Progress for ticket A15-2902
2026-02-10 13:03:37,449 | INFO | No defined transition for current status: In Progress for ticket A15-2902
2026-02-10 13:03:37,449 | INFO | No defined transition for current status: In Progress for ticket A15-2902
2026-02-10 13:03:37,450 | INFO | No defined transition for current status: In Progress for ticket A15-2902
2026-02-10 13:03:37,451 | INFO | No defined transition for current status: In Progress for ticket A15-2902
2026-02-10 13:03:37,452 | INFO | No defined transition for current status: In Progress for ticket A15-2902
2026-02-10 13:03:37,453 | INFO | No defined transition for current status: In Progress for ticket A15-2902
2026-02-10 13:03:37,454 | INFO | No defined transition for current status: In Progress for ticket A15-2902
2026-02-10 13:03:37,455 | INFO | No defined transition for current status: In Progress for ticket A15-2902
2026-02-10 13:03:37,456 | INFO | No defined transition for current status: In Progress for ticket A15-2902
2026-02-10 13:03:37,456 | INFO | No defined transition for current status: In Progress for ticket A15-2902
2026-02-10 13:03:37,457 | INFO | No defined transition for current status: In Progress for ticket A15-2902
2026-02-10 13:03:37,458 | INFO | No defined transition for current status: In Progress for ticket A15-2902
2026-02-10 13:03:37,459 | INFO | No defined transition for current status: In Progress for ticket A15-2902
2026-02-10 13:03:37,460 | INFO | No defined transition for current status: In Progress for ticket A15-2902
2026-02-10 13:03:37,461 | INFO | No defined transition for current status: In Progress for ticket A15-2902
2026-02-10 13:03:37,461 | INFO | No defined transition for current status: In Progress for ticket A15-2902
2026-02-10 13:03:37,462 | INFO | No defined transition for current status: In Progress for ticket A15-2902
2026-02-10 13:03:37,463 | INFO | No defined transition for current status: In Progress for ticket A15-2902
2026-02-10 13:03:37,463 | INFO | No defined transition for current status: In Progress for ticket A15-2902
2026-02-10 13:03:37,464 | INFO | No defined transition for current status: In Progress for ticket A15-2902
2026-02-10 13:03:37,465 | INFO | No defined transition for current status: In Progress for ticket A15-2902
2026-02-10 13:03:37,466 | INFO | No defined transition for current status: In Progress for ticket A15-2902
2026-02-10 13:03:37,466 | INFO | No defined transition for current status: In Progress for ticket A15-2902
2026-02-10 13:03:37,467 | INFO | No defined transition for current status: In Progress for ticket A15-2902
2026-02-10 13:03:37,468 | INFO | No defined transition for current status: In Progress for ticket A15-2902
2026-02-10 13:03:37,469 | INFO | No defined transition for current status: In Progress for ticket A15-2902
2026-02-10 13:03:37,470 | INFO | No defined transition for current status: In Progress for ticket A15-2902
2026-02-10 13:03:37,471 | INFO | No defined transition for current status: In Progress for ticket A15-2902
2026-02-10 13:03:37,472 | INFO | No defined transition for current status: In Progress for ticket A15-2902
2026-02-10 13:03:37,472 | INFO | No defined transition for current status: In Progress for ticket A15-2902
2026-02-10 13:03:37,473 | INFO | No defined transition for current status: In Progress for ticket A15-2902
2026-02-10 13:03:37,474 | INFO | No defined transition for current status: In Progress for ticket A15-2902
2026-02-10 13:03:37,474 | INFO | No defined transition for current status: In Progress for ticket A15-2902
2026-02-10 13:03:37,475 | INFO | No defined transition for current status: In Progress for ticket A15-2902
2026-02-10 13:03:37,476 | INFO | No defined transition for current status: In Progress for ticket A15-2902
2026-02-10 13:03:37,476 | INFO | No defined transition for current status: In Progress for ticket A15-2902
2026-02-10 13:03:37,477 | INFO | No defined transition for current status: In Progress for ticket A15-2902
2026-02-10 13:03:37,477 | INFO | No defined transition for current status: In Progress for ticket A15-2902
2026-02-10 13:03:37,477 | INFO | No defined transition for current status: In Progress for ticket A15-2902
2026-02-10 13:03:37,478 | INFO | No defined transition for current status: In Progress for ticket A15-2902
2026-02-10 13:03:37,478 | INFO | No defined transition for current status: In Progress for ticket A15-2902
2026-02-10 13:03:37,479 | INFO | No defined transition for current status: In Progress for ticket A15-2902
2026-02-10 13:03:37,479 | INFO | No defined transition for current status: In Progress for ticket A15-2902
2026-02-10 13:03:37,480 | INFO | No defined transition for current status: In Progress for ticket A15-2902
2026-02-10 13:03:37,480 | INFO | No defined transition for current status: In Progress for ticket A15-2902
2026-02-10 13:03:37,481 | INFO | No defined transition for current status: In Progress for ticket A15-2902
2026-02-10 13:03:37,481 | INFO | No defined transition for current status: In Progress for ticket A15-2902
2026-02-10 13:03:37,482 | INFO | No defined transition for current status: In Progress for ticket A15-2902
2026-02-10 13:03:37,483 | INFO | No defined transition for current status: In Progress for ticket A15-2902
2026-02-10 13:03:37,483 | INFO | No defined transition for current status: In Progress for ticket A15-2902
2026-02-10 13:03:37,484 | INFO | No defined transition for current status: In Progress for ticket A15-2902
2026-02-10 13:03:37,484 | INFO | No defined transition for current status: In Progress for ticket A15-2902
2026-02-10 13:03:37,485 | INFO | No defined transition for current status: In Progress for ticket A15-2902
2026-02-10 13:03:37,485 | INFO | No defined transition for current status: In Progress for ticket A15-2902
2026-02-10 13:03:37,486 | INFO | No defined transition for current status: In Progress for ticket A15-2902
2026-02-10 13:03:37,486 | INFO | No defined transition for current status: In Progress for ticket A15-2902
2026-02-10 13:03:37,487 | INFO | No defined transition for current status: In Progress for ticket A15-2902
2026-02-10 13:03:37,488 | INFO | No defined transition for current status: In Progress for ticket A15-2902
2026-02-10 13:03:37,488 | INFO | No defined transition for current status: In Progress for ticket A15-2902
2026-02-10 13:03:37,489 | INFO | No defined transition for current status: In Progress for ticket A15-2902
2026-02-10 13:03:37,489 | INFO | No defined transition for current status: In Progress for ticket A15-2902
2026-02-10 13:03:37,490 | INFO | No defined transition for current status: In Progress for ticket A15-2902
2026-02-10 13:03:37,490 | INFO | No defined transition for current status: In Progress for ticket A15-2902
2026-02-10 13:03:37,491 | INFO | No defined transition for current status: In Progress for ticket A15-2902
2026-02-10 13:03:37,492 | INFO | No defined transition for current status: In Progress for ticket A15-2902
2026-02-10 13:03:37,492 | INFO | No defined transition for current status: In Progress for ticket A15-2902
2026-02-10 13:03:37,493 | INFO | No defined transition for current status: In Progress for ticket A15-2902
2026-02-10 13:03:37,494 | INFO | No defined transition for current status: In Progress for ticket A15-2902
2026-02-10 13:03:37,494 | INFO | No defined transition for current status: In Progress for ticket A15-2902
2026-02-10 13:03:37,495 | INFO | No defined transition for current status: In Progress for ticket A15-2902
2026-02-10 13:03:37,495 | INFO | No defined transition for current status: In Progress for ticket A15-2902
2026-02-10 13:03:37,496 | INFO | No defined transition for current status: In Progress for ticket A15-2902
2026-02-10 13:03:37,497 | INFO | No defined transition for current status: In Progress for ticket A15-2902
2026-02-10 13:03:37,497 | INFO | No defined transition for current status: In Progress for ticket A15-2902
2026-02-10 13:03:37,498 | INFO | No defined transition for current status: In Progress for ticket A15-2902
2026-02-10 13:03:37,498 | INFO | No defined transition for current status: In Progress for ticket A15-2902
2026-02-10 13:03:37,499 | INFO | No defined transition for current status: In Progress for ticket A15-2902
2026-02-10 13:03:37,499 | INFO | No defined transition for current status: In Progress for ticket A15-2902
2026-02-10 13:03:37,500 | INFO | No defined transition for current status: In Progress for ticket A15-2902
2026-02-10 13:03:37,500 | INFO | No defined transition for current status: In Progress for ticket A15-2902
2026-02-10 13:03:37,501 | INFO | No defined transition for current status: In Progress for ticket A15-2902
2026-02-10 13:03:37,502 | INFO | No defined transition for current status: In Progress for ticket A15-2902
2026-02-10 13:03:37,502 | INFO | No defined transition for current status: In Progress for ticket A15-2902
2026-02-10 13:03:37,503 | INFO | No defined transition for current status: In Progress for ticket A15-2902
2026-02-10 13:03:37,504 | INFO | No defined transition for current status: In Progress for ticket A15-2902
2026-02-10 13:03:37,505 | INFO | No defined transition for current status: In Progress for ticket A15-2902
2026-02-10 13:03:37,505 | INFO | No defined transition for current status: In Progress for ticket A15-2902
2026-02-10 13:03:37,506 | INFO | No defined transition for current status: In Progress for ticket A15-2902
2026-02-10 13:03:37,507 | INFO | No defined transition for current status: In Progress for ticket A15-2902
2026-02-10 13:03:37,507 | INFO | No defined transition for current status: In Progress for ticket A15-2902
2026-02-10 13:03:37,508 | INFO | No defined transition for current status: In Progress for ticket A15-2902
2026-02-10 13:03:37,509 | INFO | No defined transition for current status: In Progress for ticket A15-2902
2026-02-10 13:03:37,510 | INFO | No defined transition for current status: In Progress for ticket A15-2902
2026-02-10 13:03:37,510 | INFO | No defined transition for current status: In Progress for ticket A15-2902
2026-02-10 13:03:37,511 | INFO | No defined transition for current status: In Progress for ticket A15-2902
2026-02-10 13:03:37,512 | INFO | No defined transition for current status: In Progress for ticket A15-2902
2026-02-10 13:03:37,513 | INFO | No defined transition for current status: In Progress for ticket A15-2902
2026-02-10 13:03:37,513 | INFO | No defined transition for current status: In Progress for ticket A15-2902
2026-02-10 13:03:37,514 | INFO | No defined transition for current status: In Progress for ticket A15-2902
2026-02-10 13:03:37,515 | INFO | No defined transition for current status: In Progress for ticket A15-2902
2026-02-10 13:03:37,515 | INFO | No defined transition for current status: In Progress for ticket A15-2902
2026-02-10 13:03:37,516 | INFO | No defined transition for current status: In Progress for ticket A15-2902
2026-02-10 13:03:37,516 | INFO | No defined transition for current status: In Progress for ticket A15-2902
2026-02-10 13:03:37,517 | INFO | No defined transition for current status: In Progress for ticket A15-2902
2026-02-10 13:03:37,517 | INFO | No defined transition for current status: In Progress for ticket A15-2902
2026-02-10 13:03:37,518 | INFO | No defined transition for current status: In Progress for ticket A15-2902
2026-02-10 13:03:37,519 | INFO | No defined transition for current status: In Progress for ticket A15-2902
2026-02-10 13:03:37,519 | INFO | No defined transition for current status: In Progress for ticket A15-2902
2026-02-10 13:03:37,520 | INFO | No defined transition for current status: In Progress for ticket A15-2902
2026-02-10 13:03:37,521 | INFO | No defined transition for current status: In Progress for ticket A15-2902
2026-02-10 13:03:37,522 | INFO | No defined transition for current status: In Progress for ticket A15-2902
2026-02-10 13:03:37,522 | INFO | No defined transition for current status: In Progress for ticket A15-2902
2026-02-10 13:03:37,523 | INFO | No defined transition for current status: In Progress for ticket A15-2902
2026-02-10 13:03:37,524 | INFO | No defined transition for current status: In Progress for ticket A15-2902
2026-02-10 13:03:37,524 | INFO | No defined transition for current status: In Progress for ticket A15-2902
2026-02-10 13:03:37,525 | INFO | No defined transition for current status: In Progress for ticket A15-2902
2026-02-10 13:03:37,526 | INFO | No defined transition for current status: In Progress for ticket A15-2902
2026-02-10 13:03:37,526 | INFO | No defined transition for current status: In Progress for ticket A15-2902
2026-02-10 13:03:37,527 | INFO | No defined transition for current status: In Progress for ticket A15-2902
2026-02-10 13:03:37,528 | INFO | No defined transition for current status: In Progress for ticket A15-2902
2026-02-10 13:03:37,529 | INFO | No defined transition for current status: In Progress for ticket A15-2902
2026-02-10 13:03:37,530 | INFO | No defined transition for current status: In Progress for ticket A15-2902
2026-02-10 13:03:37,531 | INFO | No defined transition for current status: In Progress for ticket A15-2902
2026-02-10 13:03:37,531 | INFO | No defined transition for current status: In Progress for ticket A15-2902
2026-02-10 13:03:37,532 | INFO | No defined transition for current status: In Progress for ticket A15-2902
2026-02-10 13:03:37,533 | INFO | No defined transition for current status: In Progress for ticket A15-2902
2026-02-10 13:03:37,534 | INFO | No defined transition for current status: In Progress for ticket A15-2902
2026-02-10 13:03:37,534 | INFO | No defined transition for current status: In Progress for ticket A15-2902
2026-02-10 13:03:37,535 | INFO | No defined transition for current status: In Progress for ticket A15-2902
2026-02-10 13:03:37,536 | INFO | No defined transition for current status: In Progress for ticket A15-2902
2026-02-10 13:03:37,536 | INFO | No defined transition for current status: In Progress for ticket A15-2902
2026-02-10 13:03:37,537 | INFO | No defined transition for current status: In Progress for ticket A15-2902
2026-02-10 13:03:37,538 | INFO | No defined transition for current status: In Progress for ticket A15-2902
2026-02-10 13:03:37,538 | INFO | No defined transition for current status: In Progress for ticket A15-2902
2026-02-10 13:03:37,539 | INFO | No defined transition for current status: In Progress for ticket A15-2902
2026-02-10 13:03:37,539 | INFO | No defined transition for current status: In Progress for ticket A15-2902
2026-02-10 13:03:37,540 | INFO | No defined transition for current status: In Progress for ticket A15-2902
2026-02-10 13:03:37,541 | INFO | No defined transition for current status: In Progress for ticket A15-2902
2026-02-10 13:03:37,541 | INFO | No defined transition for current status: In Progress for ticket A15-2902
2026-02-10 13:03:37,542 | INFO | No defined transition for current status: In Progress for ticket A15-2902
2026-02-10 13:03:37,543 | INFO | No defined transition for current status: In Progress for ticket A15-2902
2026-02-10 13:03:37,543 | INFO | No defined transition for current status: In Progress for ticket A15-2902
2026-02-10 13:03:37,544 | INFO | No defined transition for current status: In Progress for ticket A15-2902
2026-02-10 13:03:37,544 | INFO | No defined transition for current status: In Progress for ticket A15-2902
2026-02-10 13:03:37,545 | INFO | No defined transition for current status: In Progress for ticket A15-2902
2026-02-10 13:03:37,546 | INFO | No defined transition for current status: In Progress for ticket A15-2902
2026-02-10 13:03:37,547 | INFO | No defined transition for current status: In Progress for ticket A15-2902
2026-02-10 13:03:37,547 | INFO | No defined transition for current status: In Progress for ticket A15-2902
2026-02-10 13:03:37,548 | INFO | No defined transition for current status: In Progress for ticket A15-2902
2026-02-10 13:03:37,549 | INFO | No defined transition for current status: In Progress for ticket A15-2902
2026-02-10 13:03:37,549 | INFO | No defined transition for current status: In Progress for ticket A15-2902
2026-02-10 13:03:37,550 | INFO | No defined transition for current status: In Progress for ticket A15-2902
2026-02-10 13:03:37,551 | INFO | No defined transition for current status: In Progress for ticket A15-2902
2026-02-10 13:03:37,551 | INFO | No defined transition for current status: In Progress for ticket A15-2902
2026-02-10 13:03:37,552 | INFO | No defined transition for current status: In Progress for ticket A15-2902
2026-02-10 13:03:37,553 | INFO | No defined transition for current status: In Progress for ticket A15-2902
2026-02-10 13:03:37,553 | INFO | No defined transition for current status: In Progress for ticket A15-2902
2026-02-10 13:03:37,554 | INFO | No defined transition for current status: In Progress for ticket A15-2902
2026-02-10 13:03:37,555 | INFO | No defined transition for current status: In Progress for ticket A15-2902
2026-02-10 13:03:37,556 | INFO | No defined transition for current status: In Progress for ticket A15-2902
2026-02-10 13:03:37,556 | INFO | No defined transition for current status: In Progress for ticket A15-2902
2026-02-10 13:03:37,557 | INFO | No defined transition for current status: In Progress for ticket A15-2902
2026-02-10 13:03:37,558 | INFO | No defined transition for current status: In Progress for ticket A15-2902
2026-02-10 13:03:37,558 | INFO | No defined transition for current status: In Progress for ticket A15-2902
2026-02-10 13:03:37,559 | INFO | No defined transition for current status: In Progress for ticket A15-2902
2026-02-10 13:03:37,560 | INFO | No defined transition for current status: In Progress for ticket A15-2902
2026-02-10 13:03:37,560 | INFO | No defined transition for current status: In Progress for ticket A15-2902
2026-02-10 13:03:37,561 | INFO | No defined transition for current status: In Progress for ticket A15-2902
2026-02-10 13:03:37,562 | INFO | No defined transition for current status: In Progress for ticket A15-2902
2026-02-10 13:03:37,563 | INFO | No defined transition for current status: In Progress for ticket A15-2902
2026-02-10 13:03:37,564 | INFO | No defined transition for current status: In Progress for ticket A15-2902
2026-02-10 13:03:37,565 | INFO | No defined transition for current status: In Progress for ticket A15-2902
2026-02-10 13:03:37,566 | INFO | No defined transition for current status: In Progress for ticket A15-2902
2026-02-10 13:03:37,566 | INFO | No defined transition for current status: In Progress for ticket A15-2902
2026-02-10 13:03:37,567 | INFO | No defined transition for current status: In Progress for ticket A15-2902
2026-02-10 13:03:37,568 | INFO | No defined transition for current status: In Progress for ticket A15-2902
2026-02-10 13:03:37,568 | INFO | No defined transition for current status: In Progress for ticket A15-2902
2026-02-10 13:03:37,569 | INFO | No defined transition for current status: In Progress for ticket A15-2902
2026-02-10 13:03:37,570 | INFO | No defined transition for current status: In Progress for ticket A15-2902
2026-02-10 13:03:37,570 | INFO | No defined transition for current status: In Progress for ticket A15-2902
2026-02-10 13:03:37,571 | INFO | No defined transition for current status: In Progress for ticket A15-2902
2026-02-10 13:03:37,571 | INFO | No defined transition for current status: In Progress for ticket A15-2902
2026-02-10 13:03:37,572 | INFO | No defined transition for current status: In Progress for ticket A15-2902
2026-02-10 13:03:37,572 | INFO | No defined transition for current status: In Progress for ticket A15-2902
2026-02-10 13:03:37,572 | INFO | No defined transition for current status: In Progress for ticket A15-2902
2026-02-10 13:03:37,573 | INFO | No defined transition for current status: In Progress for ticket A15-2902
2026-02-10 13:03:37,574 | INFO | No defined transition for current status: In Progress for ticket A15-2902
2026-02-10 13:03:37,574 | INFO | No defined transition for current status: In Progress for ticket A15-2902
2026-02-10 13:03:37,575 | INFO | No defined transition for current status: In Progress for ticket A15-2902
2026-02-10 13:03:37,576 | INFO | No defined transition for current status: In Progress for ticket A15-2902
2026-02-10 13:03:37,576 | INFO | No defined transition for current status: In Progress for ticket A15-2902
2026-02-10 13:03:37,577 | INFO | No defined transition for current status: In Progress for ticket A15-2902
2026-02-10 13:03:37,577 | INFO | No defined transition for current status: In Progress for ticket A15-2902
2026-02-10 13:03:37,578 | INFO | No defined transition for current status: In Progress for ticket A15-2902
2026-02-10 13:03:37,579 | INFO | No defined transition for current status: In Progress for ticket A15-2902
2026-02-10 13:03:37,579 | INFO | No defined transition for current status: In Progress for ticket A15-2902
2026-02-10 13:03:37,580 | INFO | No defined transition for current status: In Progress for ticket A15-2902
2026-02-10 13:03:37,581 | INFO | No defined transition for current status: In Progress for ticket A15-2902
2026-02-10 13:03:37,581 | INFO | No defined transition for current status: In Progress for ticket A15-2902
2026-02-10 13:03:37,582 | INFO | No defined transition for current status: In Progress for ticket A15-2902
2026-02-10 13:03:37,583 | INFO | No defined transition for current status: In Progress for ticket A15-2902
2026-02-10 13:03:37,584 | INFO | No defined transition for current status: In Progress for ticket A15-2902
2026-02-10 13:03:37,585 | INFO | No defined transition for current status: In Progress for ticket A15-2902
2026-02-10 13:03:37,586 | INFO | No defined transition for current status: In Progress for ticket A15-2902
2026-02-10 13:03:37,586 | INFO | No defined transition for current status: In Progress for ticket A15-2902
2026-02-10 13:03:37,587 | INFO | No defined transition for current status: In Progress for ticket A15-2902
2026-02-10 13:03:37,588 | INFO | No defined transition for current status: In Progress for ticket A15-2902
2026-02-10 13:03:37,588 | INFO | No defined transition for current status: In Progress for ticket A15-2902
2026-02-10 13:03:37,589 | INFO | No defined transition for current status: In Progress for ticket A15-2902
2026-02-10 13:03:37,589 | INFO | No defined transition for current status: In Progress for ticket A15-2902
2026-02-10 13:03:37,590 | INFO | No defined transition for current status: In Progress for ticket A15-2902
2026-02-10 13:03:37,591 | INFO | No defined transition for current status: In Progress for ticket A15-2902
2026-02-10 13:03:37,591 | INFO | No defined transition for current status: In Progress for ticket A15-2902
2026-02-10 13:03:37,592 | INFO | No defined transition for current status: In Progress for ticket A15-2902
2026-02-10 13:03:37,592 | INFO | No defined transition for current status: In Progress for ticket A15-2902
2026-02-10 13:03:37,593 | INFO | No defined transition for current status: In Progress for ticket A15-2902
2026-02-10 13:03:37,594 | INFO | No defined transition for current status: In Progress for ticket A15-2902
2026-02-10 13:03:37,594 | INFO | No defined transition for current status: In Progress for ticket A15-2902
2026-02-10 13:03:37,595 | INFO | No defined transition for current status: In Progress for ticket A15-2902
2026-02-10 13:03:37,595 | INFO | No defined transition for current status: In Progress for ticket A15-2902
2026-02-10 13:03:37,596 | INFO | No defined transition for current status: In Progress for ticket A15-2902
2026-02-10 13:03:37,596 | INFO | No defined transition for current status: In Progress for ticket A15-2902
2026-02-10 13:03:37,597 | INFO | No defined transition for current status: In Progress for ticket A15-2902
2026-02-10 13:03:37,597 | INFO | No defined transition for current status: In Progress for ticket A15-2902
2026-02-10 13:03:37,597 | INFO | No defined transition for current status: In Progress for ticket A15-2902
2026-02-10 13:03:37,598 | INFO | No defined transition for current status: In Progress for ticket A15-2902
2026-02-10 13:03:37,598 | INFO | No defined transition for current status: In Progress for ticket A15-2902
2026-02-10 13:03:37,599 | INFO | No defined transition for current status: In Progress for ticket A15-2902
2026-02-10 13:03:37,600 | INFO | No defined transition for current status: In Progress for ticket A15-2902
2026-02-10 13:03:37,600 | INFO | No defined transition for current status: In Progress for ticket A15-2902
2026-02-10 13:03:37,601 | INFO | No defined transition for current status: In Progress for ticket A15-2902
2026-02-10 13:03:37,601 | INFO | No defined transition for current status: In Progress for ticket A15-2902
2026-02-10 13:03:37,601 | INFO | No defined transition for current status: In Progress for ticket A15-2902
2026-02-10 13:03:37,602 | INFO | No defined transition for current status: In Progress for ticket A15-2902
2026-02-10 13:03:37,602 | INFO | No defined transition for current status: In Progress for ticket A15-2902
2026-02-10 13:03:37,603 | INFO | No defined transition for current status: In Progress for ticket A15-2902
2026-02-10 13:03:37,603 | INFO | No defined transition for current status: In Progress for ticket A15-2902
2026-02-10 13:03:37,603 | INFO | No defined transition for current status: In Progress for ticket A15-2902
2026-02-10 13:03:37,604 | INFO | No defined transition for current status: In Progress for ticket A15-2902
2026-02-10 13:03:37,605 | INFO | No defined transition for current status: In Progress for ticket A15-2902
2026-02-10 13:03:37,605 | INFO | No defined transition for current status: In Progress for ticket A15-2902
2026-02-10 13:03:37,606 | INFO | No defined transition for current status: In Progress for ticket A15-2902
2026-02-10 13:03:37,607 | INFO | No defined transition for current status: In Progress for ticket A15-2902
2026-02-10 13:03:37,607 | INFO | No defined transition for current status: In Progress for ticket A15-2902
2026-02-10 13:03:37,608 | INFO | No defined transition for current status: In Progress for ticket A15-2902
2026-02-10 13:03:37,608 | INFO | No defined transition for current status: In Progress for ticket A15-2902
2026-02-10 13:03:37,609 | INFO | No defined transition for current status: In Progress for ticket A15-2902
2026-02-10 13:03:37,609 | INFO | No defined transition for current status: In Progress for ticket A15-2902
2026-02-10 13:03:37,610 | INFO | No defined transition for current status: In Progress for ticket A15-2902
2026-02-10 13:03:37,610 | INFO | No defined transition for current status: In Progress for ticket A15-2902
2026-02-10 13:03:37,611 | INFO | No defined transition for current status: In Progress for ticket A15-2902
2026-02-10 13:03:37,612 | INFO | No defined transition for current status: In Progress for ticket A15-2902
2026-02-10 13:03:37,612 | INFO | No defined transition for current status: In Progress for ticket A15-2902
2026-02-10 13:03:37,613 | INFO | No defined transition for current status: In Progress for ticket A15-2902
2026-02-10 13:03:37,613 | INFO | No defined transition for current status: In Progress for ticket A15-2902
2026-02-10 13:03:37,614 | INFO | No defined transition for current status: In Progress for ticket A15-2902
2026-02-10 13:03:37,614 | INFO | No defined transition for current status: In Progress for ticket A15-2902
2026-02-10 13:03:37,615 | INFO | No defined transition for current status: In Progress for ticket A15-2902
2026-02-10 13:03:37,615 | INFO | No defined transition for current status: In Progress for ticket A15-2902
2026-02-10 13:03:37,616 | INFO | No defined transition for current status: In Progress for ticket A15-2902
2026-02-10 13:03:37,616 | INFO | No defined transition for current status: In Progress for ticket A15-2902
2026-02-10 13:03:37,616 | INFO | No defined transition for current status: In Progress for ticket A15-2902
2026-02-10 13:03:37,617 | INFO | No defined transition for current status: In Progress for ticket A15-2902
2026-02-10 13:03:37,617 | INFO | No defined transition for current status: In Progress for ticket A15-2902
2026-02-10 13:03:37,618 | INFO | No defined transition for current status: In Progress for ticket A15-2902
2026-02-10 13:03:37,618 | INFO | No defined transition for current status: In Progress for ticket A15-2902
2026-02-10 13:03:37,619 | INFO | No defined transition for current status: In Progress for ticket A15-2902
2026-02-10 13:03:37,619 | INFO | No defined transition for current status: In Progress for ticket A15-2902
2026-02-10 13:03:37,620 | INFO | No defined transition for current status: In Progress for ticket A15-2902
2026-02-10 13:03:37,620 | INFO | No defined transition for current status: In Progress for ticket A15-2902
2026-02-10 13:03:37,621 | INFO | No defined transition for current status: In Progress for ticket A15-2902
2026-02-10 13:03:37,621 | INFO | No defined transition for current status: In Progress for ticket A15-2902
2026-02-10 13:03:37,622 | INFO | No defined transition for current status: In Progress for ticket A15-2902
2026-02-10 13:03:37,622 | INFO | No defined transition for current status: In Progress for ticket A15-2902
2026-02-10 13:03:37,623 | INFO | No defined transition for current status: In Progress for ticket A15-2902
2026-02-10 13:03:37,623 | INFO | No defined transition for current status: In Progress for ticket A15-2902
2026-02-10 13:03:37,623 | INFO | No defined transition for current status: In Progress for ticket A15-2902
2026-02-10 13:03:37,624 | INFO | No defined transition for current status: In Progress for ticket A15-2902
2026-02-10 13:03:37,624 | INFO | No defined transition for current status: In Progress for ticket A15-2902
2026-02-10 13:03:37,625 | INFO | No defined transition for current status: In Progress for ticket A15-2902
2026-02-10 13:03:37,625 | INFO | No defined transition for current status: In Progress for ticket A15-2902
2026-02-10 13:03:37,626 | INFO | No defined transition for current status: In Progress for ticket A15-2902
2026-02-10 13:03:37,626 | INFO | No defined transition for current status: In Progress for ticket A15-2902
2026-02-10 13:03:37,627 | INFO | No defined transition for current status: In Progress for ticket A15-2902
2026-02-10 13:03:37,627 | INFO | No defined transition for current status: In Progress for ticket A15-2902
2026-02-10 13:03:37,628 | INFO | No defined transition for current status: In Progress for ticket A15-2902
2026-02-10 13:03:37,628 | INFO | No defined transition for current status: In Progress for ticket A15-2902
2026-02-10 13:03:37,629 | INFO | No defined transition for current status: In Progress for ticket A15-2902
2026-02-10 13:03:37,629 | INFO | No defined transition for current status: In Progress for ticket A15-2902
2026-02-10 13:03:37,630 | INFO | No defined transition for current status: In Progress for ticket A15-2902
2026-02-10 13:03:37,630 | INFO | No defined transition for current status: In Progress for ticket A15-2902
2026-02-10 13:03:37,631 | INFO | No defined transition for current status: In Progress for ticket A15-2902
2026-02-10 13:03:37,631 | INFO | No defined transition for current status: In Progress for ticket A15-2902
2026-02-10 13:03:37,631 | INFO | No defined transition for current status: In Progress for ticket A15-2902
2026-02-10 13:03:37,632 | INFO | No defined transition for current status: In Progress for ticket A15-2902
2026-02-10 13:03:37,632 | INFO | No defined transition for current status: In Progress for ticket A15-2902
2026-02-10 13:03:37,633 | INFO | No defined transition for current status: In Progress for ticket A15-2902
2026-02-10 13:03:37,633 | INFO | No defined transition for current status: In Progress for ticket A15-2902
2026-02-10 13:03:37,634 | INFO | No defined transition for current status: In Progress for ticket A15-2902
2026-02-10 13:03:37,634 | INFO | No defined transition for current status: In Progress for ticket A15-2902
2026-02-10 13:03:37,635 | INFO | No defined transition for current status: In Progress for ticket A15-2902
2026-02-10 13:03:37,635 | INFO | No defined transition for current status: In Progress for ticket A15-2902
2026-02-10 13:03:37,636 | INFO | No defined transition for current status: In Progress for ticket A15-2902
2026-02-10 13:03:37,636 | INFO | No defined transition for current status: In Progress for ticket A15-2902
2026-02-10 13:03:37,636 | INFO | No defined transition for current status: In Progress for ticket A15-2902
2026-02-10 13:03:37,637 | INFO | No defined transition for current status: In Progress for ticket A15-2902
2026-02-10 13:03:37,637 | INFO | No defined transition for current status: In Progress for ticket A15-2902
2026-02-10 13:03:37,638 | INFO | No defined transition for current status: In Progress for ticket A15-2902
2026-02-10 13:03:37,639 | INFO | No defined transition for current status: In Progress for ticket A15-2902
2026-02-10 13:03:37,639 | INFO | No defined transition for current status: In Progress for ticket A15-2902
2026-02-10 13:03:37,640 | INFO | No defined transition for current status: In Progress for ticket A15-2902
2026-02-10 13:03:37,641 | INFO | No defined transition for current status: In Progress for ticket A15-2902
2026-02-10 13:03:37,641 | INFO | No defined transition for current status: In Progress for ticket A15-2902
2026-02-10 13:03:37,642 | INFO | No defined transition for current status: In Progress for ticket A15-2902
2026-02-10 13:03:37,643 | INFO | No defined transition for current status: In Progress for ticket A15-2902
2026-02-10 13:03:37,643 | INFO | No defined transition for current status: In Progress for ticket A15-2902
2026-02-10 13:03:37,644 | INFO | No defined transition for current status: In Progress for ticket A15-2902
2026-02-10 13:03:37,644 | INFO | No defined transition for current status: In Progress for ticket A15-2902
2026-02-10 13:03:37,645 | INFO | No defined transition for current status: In Progress for ticket A15-2902
2026-02-10 13:03:37,645 | INFO | No defined transition for current status: In Progress for ticket A15-2902
2026-02-10 13:03:37,646 | INFO | No defined transition for current status: In Progress for ticket A15-2902
2026-02-10 13:03:37,646 | INFO | No defined transition for current status: In Progress for ticket A15-2902
2026-02-10 13:03:37,647 | INFO | No defined transition for current status: In Progress for ticket A15-2902
2026-02-10 13:03:37,647 | INFO | No defined transition for current status: In Progress for ticket A15-2902
2026-02-10 13:03:37,648 | INFO | No defined transition for current status: In Progress for ticket A15-2902
2026-02-10 13:03:37,649 | INFO | No defined transition for current status: In Progress for ticket A15-2902
2026-02-10 13:03:37,649 | INFO | No defined transition for current status: In Progress for ticket A15-2902
2026-02-10 13:03:37,650 | INFO | No defined transition for current status: In Progress for ticket A15-2902
2026-02-10 13:03:37,650 | INFO | No defined transition for current status: In Progress for ticket A15-2902
2026-02-10 13:03:37,651 | INFO | No defined transition for current status: In Progress for ticket A15-2902
2026-02-10 13:03:37,651 | INFO | No defined transition for current status: In Progress for ticket A15-2902
2026-02-10 13:03:37,652 | INFO | No defined transition for current status: In Progress for ticket A15-2902
2026-02-10 13:03:37,652 | INFO | No defined transition for current status: In Progress for ticket A15-2902
2026-02-10 13:03:37,653 | INFO | No defined transition for current status: In Progress for ticket A15-2902
2026-02-10 13:03:37,653 | INFO | No defined transition for current status: In Progress for ticket A15-2902
2026-02-10 13:03:37,654 | INFO | No defined transition for current status: In Progress for ticket A15-2902
2026-02-10 13:03:37,654 | INFO | No defined transition for current status: In Progress for ticket A15-2902
2026-02-10 13:03:37,655 | INFO | No defined transition for current status: In Progress for ticket A15-2902
2026-02-10 13:03:37,655 | INFO | No defined transition for current status: In Progress for ticket A15-2902
2026-02-10 13:03:37,656 | INFO | No defined transition for current status: In Progress for ticket A15-2902
2026-02-10 13:03:37,657 | INFO | No defined transition for current status: In Progress for ticket A15-2902
2026-02-10 13:03:37,657 | INFO | No defined transition for current status: In Progress for ticket A15-2902
2026-02-10 13:03:37,658 | INFO | No defined transition for current status: In Progress for ticket A15-2902
2026-02-10 13:03:37,659 | INFO | No defined transition for current status: In Progress for ticket A15-2902
2026-02-10 13:03:37,659 | INFO | No defined transition for current status: In Progress for ticket A15-2902
2026-02-10 13:03:37,660 | INFO | No defined transition for current status: In Progress for ticket A15-2902
2026-02-10 13:03:37,661 | INFO | No defined transition for current status: In Progress for ticket A15-2902
2026-02-10 13:03:37,662 | INFO | No defined transition for current status: In Progress for ticket A15-2902
2026-02-10 13:03:37,662 | INFO | No defined transition for current status: In Progress for ticket A15-2902
2026-02-10 13:03:37,663 | INFO | No defined transition for current status: In Progress for ticket A15-2902
2026-02-10 13:03:37,664 | INFO | No defined transition for current status: In Progress for ticket A15-2902
2026-02-10 13:03:37,665 | INFO | No defined transition for current status: In Progress for ticket A15-2902
2026-02-10 13:03:37,665 | INFO | No defined transition for current status: In Progress for ticket A15-2902
2026-02-10 13:03:37,666 | INFO | No defined transition for current status: In Progress for ticket A15-2902
2026-02-10 13:03:37,666 | INFO | No defined transition for current status: In Progress for ticket A15-2902
2026-02-10 13:03:37,667 | INFO | No defined transition for current status: In Progress for ticket A15-2902
2026-02-10 13:03:37,668 | INFO | No defined transition for current status: In Progress for ticket A15-2902
2026-02-10 13:03:37,669 | INFO | No defined transition for current status: In Progress for ticket A15-2902
2026-02-10 13:03:37,669 | INFO | No defined transition for current status: In Progress for ticket A15-2902
2026-02-10 13:03:37,670 | INFO | No defined transition for current status: In Progress for ticket A15-2902
2026-02-10 13:03:37,670 | INFO | No defined transition for current status: In Progress for ticket A15-2902
2026-02-10 13:03:37,671 | INFO | No defined transition for current status: In Progress for ticket A15-2902
2026-02-10 13:03:37,671 | INFO | No defined transition for current status: In Progress for ticket A15-2902
2026-02-10 13:03:37,672 | INFO | No defined transition for current status: In Progress for ticket A15-2902
2026-02-10 13:03:37,672 | INFO | No defined transition for current status: In Progress for ticket A15-2902
2026-02-10 13:03:37,673 | INFO | No defined transition for current status: In Progress for ticket A15-2902
2026-02-10 13:03:37,674 | INFO | No defined transition for current status: In Progress for ticket A15-2902
2026-02-10 13:03:37,674 | INFO | No defined transition for current status: In Progress for ticket A15-2902
2026-02-10 13:03:37,675 | INFO | No defined transition for current status: In Progress for ticket A15-2902
2026-02-10 13:03:37,676 | INFO | No defined transition for current status: In Progress for ticket A15-2902
2026-02-10 13:03:37,676 | INFO | No defined transition for current status: In Progress for ticket A15-2902
2026-02-10 13:03:37,677 | INFO | No defined transition for current status: In Progress for ticket A15-2902
2026-02-10 13:03:37,678 | INFO | No defined transition for current status: In Progress for ticket A15-2902
2026-02-10 13:03:37,678 | INFO | No defined transition for current status: In Progress for ticket A15-2902
2026-02-10 13:03:37,679 | INFO | No defined transition for current status: In Progress for ticket A15-2902
2026-02-10 13:03:37,680 | INFO | No defined transition for current status: In Progress for ticket A15-2902
2026-02-10 13:03:37,680 | INFO | No defined transition for current status: In Progress for ticket A15-2902
2026-02-10 13:03:37,681 | INFO | No defined transition for current status: In Progress for ticket A15-2902
2026-02-10 13:03:37,682 | INFO | No defined transition for current status: In Progress for ticket A15-2902
2026-02-10 13:03:37,683 | INFO | No defined transition for current status: In Progress for ticket A15-2902
2026-02-10 13:03:37,683 | INFO | No defined transition for current status: In Progress for ticket A15-2902
2026-02-10 13:03:37,684 | INFO | No defined transition for current status: In Progress for ticket A15-2902
2026-02-10 13:03:37,685 | INFO | No defined transition for current status: In Progress for ticket A15-2902
2026-02-10 13:03:37,685 | INFO | No defined transition for current status: In Progress for ticket A15-2902
2026-02-10 13:03:37,686 | INFO | No defined transition for current status: In Progress for ticket A15-2902
2026-02-10 13:03:37,686 | INFO | No defined transition for current status: In Progress for ticket A15-2902
2026-02-10 13:03:37,687 | INFO | No defined transition for current status: In Progress for ticket A15-2902
2026-02-10 13:03:37,687 | INFO | No defined transition for current status: In Progress for ticket A15-2902
2026-02-10 13:03:37,689 | INFO | No defined transition for current status: In Progress for ticket A15-2902
2026-02-10 13:03:37,690 | INFO | No defined transition for current status: In Progress for ticket A15-2902
2026-02-10 13:03:37,690 | INFO | No defined transition for current status: In Progress for ticket A15-2902
2026-02-10 13:03:37,691 | INFO | No defined transition for current status: In Progress for ticket A15-2902
2026-02-10 13:03:37,692 | INFO | No defined transition for current status: In Progress for ticket A15-2902
2026-02-10 13:03:37,692 | INFO | No defined transition for current status: In Progress for ticket A15-2902
2026-02-10 13:03:37,693 | INFO | No defined transition for current status: In Progress for ticket A15-2902
2026-02-10 13:03:37,694 | INFO | No defined transition for current status: In Progress for ticket A15-2902
2026-02-10 13:03:37,694 | INFO | No defined transition for current status: In Progress for ticket A15-2902
2026-02-10 13:03:37,695 | INFO | No defined transition for current status: In Progress for ticket A15-2902
2026-02-10 13:03:37,696 | INFO | No defined transition for current status: In Progress for ticket A15-2902
2026-02-10 13:03:37,696 | INFO | No defined transition for current status: In Progress for ticket A15-2902
2026-02-10 13:03:37,697 | INFO | No defined transition for current status: In Progress for ticket A15-2902
2026-02-10 13:03:37,698 | INFO | No defined transition for current status: In Progress for ticket A15-2902
2026-02-10 13:03:37,698 | INFO | No defined transition for current status: In Progress for ticket A15-2902
2026-02-10 13:03:37,699 | INFO | No defined transition for current status: In Progress for ticket A15-2902
2026-02-10 13:03:37,699 | INFO | No defined transition for current status: In Progress for ticket A15-2902
2026-02-10 13:03:37,700 | INFO | No defined transition for current status: In Progress for ticket A15-2902
2026-02-10 13:03:37,701 | INFO | No defined transition for current status: In Progress for ticket A15-2902
2026-02-10 13:03:37,702 | INFO | No defined transition for current status: In Progress for ticket A15-2902
2026-02-10 13:03:37,702 | INFO | No defined transition for current status: In Progress for ticket A15-2902
2026-02-10 13:03:37,703 | INFO | No defined transition for current status: In Progress for ticket A15-2902
2026-02-10 13:03:37,704 | INFO | No defined transition for current status: In Progress for ticket A15-2902
2026-02-10 13:03:37,704 | INFO | No defined transition for current status: In Progress for ticket A15-2902
2026-02-10 13:03:37,705 | INFO | No defined transition for current status: In Progress for ticket A15-2902
2026-02-10 13:03:37,706 | INFO | No defined transition for current status: In Progress for ticket A15-2902
2026-02-10 13:03:37,707 | INFO | No defined transition for current status: In Progress for ticket A15-2902
2026-02-10 13:03:37,707 | INFO | No defined transition for current status: In Progress for ticket A15-2902
2026-02-10 13:03:37,708 | INFO | No defined transition for current status: In Progress for ticket A15-2902
2026-02-10 13:03:37,709 | INFO | No defined transition for current status: In Progress for ticket A15-2902
2026-02-10 13:03:37,709 | INFO | No defined transition for current status: In Progress for ticket A15-2902
2026-02-10 13:03:37,710 | INFO | No defined transition for current status: In Progress for ticket A15-2902
2026-02-10 13:03:37,711 | INFO | No defined transition for current status: In Progress for ticket A15-2902
2026-02-10 13:03:37,712 | INFO | No defined transition for current status: In Progress for ticket A15-2902
2026-02-10 13:03:37,713 | INFO | No defined transition for current status: In Progress for ticket A15-2902
2026-02-10 13:03:37,714 | INFO | No defined transition for current status: In Progress for ticket A15-2902
2026-02-10 13:03:37,714 | INFO | No defined transition for current status: In Progress for ticket A15-2902
2026-02-10 13:03:37,715 | INFO | No defined transition for current status: In Progress for ticket A15-2902
2026-02-10 13:03:37,716 | INFO | No defined transition for current status: In Progress for ticket A15-2902
2026-02-10 13:03:37,716 | INFO | No defined transition for current status: In Progress for ticket A15-2902
2026-02-10 13:03:37,717 | INFO | No defined transition for current status: In Progress for ticket A15-2902
2026-02-10 13:03:37,718 | INFO | No defined transition for current status: In Progress for ticket A15-2902
2026-02-10 13:03:37,718 | INFO | No defined transition for current status: In Progress for ticket A15-2902
2026-02-10 13:03:37,719 | INFO | No defined transition for current status: In Progress for ticket A15-2902
2026-02-10 13:03:37,720 | INFO | No defined transition for current status: In Progress for ticket A15-2902
2026-02-10 13:03:37,721 | INFO | No defined transition for current status: In Progress for ticket A15-2902
2026-02-10 13:03:37,722 | INFO | No defined transition for current status: In Progress for ticket A15-2902
2026-02-10 13:03:37,722 | INFO | No defined transition for current status: In Progress for ticket A15-2902
2026-02-10 13:03:37,723 | INFO | No defined transition for current status: In Progress for ticket A15-2902
2026-02-10 13:03:37,724 | INFO | No defined transition for current status: In Progress for ticket A15-2902
2026-02-10 13:03:37,725 | INFO | No defined transition for current status: In Progress for ticket A15-2902
2026-02-10 13:03:37,726 | INFO | No defined transition for current status: In Progress for ticket A15-2902
2026-02-10 13:03:37,726 | INFO | No defined transition for current status: In Progress for ticket A15-2902
2026-02-10 13:03:37,727 | INFO | No defined transition for current status: In Progress for ticket A15-2902
2026-02-10 13:03:37,728 | INFO | No defined transition for current status: In Progress for ticket A15-2902
2026-02-10 13:03:37,729 | INFO | No defined transition for current status: In Progress for ticket A15-2902
2026-02-10 13:03:37,730 | INFO | No defined transition for current status: In Progress for ticket A15-2902
2026-02-10 13:03:37,731 | INFO | No defined transition for current status: In Progress for ticket A15-2902
2026-02-10 13:03:37,732 | INFO | No defined transition for current status: In Progress for ticket A15-2902
2026-02-10 13:03:37,732 | INFO | No defined transition for current status: In Progress for ticket A15-2902
2026-02-10 13:03:37,733 | INFO | No defined transition for current status: In Progress for ticket A15-2902
2026-02-10 13:03:37,734 | INFO | No defined transition for current status: In Progress for ticket A15-2902
2026-02-10 13:03:37,734 | INFO | No defined transition for current status: In Progress for ticket A15-2902
2026-02-10 13:03:37,735 | INFO | No defined transition for current status: In Progress for ticket A15-2902
2026-02-10 13:03:37,736 | INFO | No defined transition for current status: In Progress for ticket A15-2902
2026-02-10 13:03:37,736 | INFO | No defined transition for current status: In Progress for ticket A15-2902
2026-02-10 13:03:37,737 | INFO | No defined transition for current status: In Progress for ticket A15-2902
2026-02-10 13:03:37,738 | INFO | No defined transition for current status: In Progress for ticket A15-2902
2026-02-10 13:03:37,739 | INFO | No defined transition for current status: In Progress for ticket A15-2902
2026-02-10 13:03:37,740 | INFO | No defined transition for current status: In Progress for ticket A15-2902
2026-02-10 13:03:37,740 | INFO | No defined transition for current status: In Progress for ticket A15-2902
2026-02-10 13:03:37,741 | INFO | No defined transition for current status: In Progress for ticket A15-2902
2026-02-10 13:03:37,743 | INFO | No defined transition for current status: In Progress for ticket A15-2902
2026-02-10 13:03:37,744 | INFO | No defined transition for current status: In Progress for ticket A15-2902
2026-02-10 13:03:37,744 | INFO | No defined transition for current status: In Progress for ticket A15-2902
2026-02-10 13:03:37,745 | INFO | No defined transition for current status: In Progress for ticket A15-2902
2026-02-10 13:03:37,746 | INFO | No defined transition for current status: In Progress for ticket A15-2902
2026-02-10 13:03:37,747 | INFO | No defined transition for current status: In Progress for ticket A15-2902
2026-02-10 13:03:37,747 | INFO | No defined transition for current status: In Progress for ticket A15-2902
2026-02-10 13:03:37,748 | INFO | No defined transition for current status: In Progress for ticket A15-2902
2026-02-10 13:03:37,749 | INFO | No defined transition for current status: In Progress for ticket A15-2902
2026-02-10 13:03:37,750 | INFO | No defined transition for current status: In Progress for ticket A15-2902
2026-02-10 13:03:37,750 | INFO | No defined transition for current status: In Progress for ticket A15-2902
2026-02-10 13:03:37,751 | INFO | No defined transition for current status: In Progress for ticket A15-2902
2026-02-10 13:03:37,752 | INFO | No defined transition for current status: In Progress for ticket A15-2902
2026-02-10 13:03:37,752 | INFO | No defined transition for current status: In Progress for ticket A15-2902
2026-02-10 13:03:37,753 | INFO | No defined transition for current status: In Progress for ticket A15-2902
2026-02-10 13:03:37,753 | INFO | No defined transition for current status: In Progress for ticket A15-2902
2026-02-10 13:03:37,754 | INFO | No defined transition for current status: In Progress for ticket A15-2902
